2025-02-17 18:07:54,949 - org.eclipse.emf.mapping.ui - 2.10.0.v20181104-0733
2025-02-17 18:07:54,966 - net.sf.eclipsecs.branding - 10.9.3.202308241720
2025-02-17 18:07:54,968 - net.sf.eclipsecs.core - 10.9.3.202308242329
2025-02-17 18:07:54,985 - net.sf.eclipsecs.doc - 10.9.3.202308241720
2025-02-17 18:07:55,022 - net.sf.eclipsecs.checkstyle - 10.9.3.202308242329
2025-02-17 18:07:55,025 - net.sf.eclipsecs.ui - 10.9.3.202308241720
2025-02-17 18:07:55,049 - org.eclipse.sequoyah.vnc.vncviewer - 2.1.0.N20120718-0509
2025-02-17 18:07:55,117 - org.eclipse.emf.codegen.ecore.ui - 2.32.0.v20220925-1245
2025-02-17 18:07:55,159 - org.eclipse.emf.ecore.editor - 2.17.0.v20190528-0725
2025-02-17 18:07:55,187 - org.eclipse.jpt.common.eclipselink.core - 1.3.400.v202208190239
2025-02-17 18:07:55,189 - org.eclipse.jpt.common.eclipselink.branding - 1.3.101.v201902121834
2025-02-17 18:07:55,205 - org.tigris.subversion.subclipse.graph - 4.2.0.1
2025-02-17 18:07:55,239 - org.eclipse.emf.databinding - 1.6.0.v20220517-0824
2025-02-17 18:07:55,279 - org.eclipse.datatools.connectivity.sqm.core.ui - 1.5.0.202311071249
2025-02-17 18:07:55,280 - org.eclipse.datatools.connectivity.sqm.core - 1.6.0.202311071345
2025-02-17 18:07:55,281 - org.eclipse.datatools.connectivity.sqm.server.ui - 1.4.0.202311071249
2025-02-17 18:07:55,282 - org.eclipse.datatools.connectivity.ui.dse - 1.4.0.202311071249
2025-02-17 18:07:55,284 - org.eclipse.datatools.connectivity.ui - 1.5.0.202311071249
2025-02-17 18:07:55,289 - org.eclipse.datatools.connectivity - 1.15.0.202311071249
2025-02-17 18:07:55,289 - org.eclipse.datatools.help - 1.8.0.202311071249
2025-02-17 18:07:55,296 - org.eclipse.datatools.connectivity.console.profile - 1.3.0.202311071249
2025-02-17 18:07:55,320 - org.eclipse.cdt.core.native - 6.3.0.202211062329
2025-02-17 18:07:55,332 - org.eclipse.cdt.core.win32 - 6.1.0.202211062329
2025-02-17 18:07:55,340 - org.eclipse.cdt.core.win32.x86_64 - 6.1.0.202211300214
2025-02-17 18:07:55,340 - org.eclipse.cdt.native.serial - 1.3.0.202211300214
2025-02-17 18:07:55,361 - org.eclipse.cdt.launch - 10.4.0.202211062329
2025-02-17 18:07:55,391 - javax.el - 2.2.0.v201303151357
2025-02-17 18:07:55,392 - jakarta.servlet-api - 4.0.0
2025-02-17 18:07:55,397 - javax.servlet.jsp-api - 2.3.3
2025-02-17 18:07:55,410 - com.sun.el - 2.2.0.v201303151357
2025-02-17 18:07:55,412 - org.apache.jasper.glassfish - 2.2.2.v201501141630
2025-02-17 18:07:55,420 - org.apache.lucene.analyzers-common - 8.4.1.v20221112-0806
2025-02-17 18:07:55,452 - org.apache.lucene.core - 9.7.0.v20230703-0758
2025-02-17 18:07:55,461 - org.apache.lucene.analyzers-smartcn - 8.4.1.v20221112-0806
2025-02-17 18:07:55,466 - org.eclipse.equinox.http.jetty - 3.8.200.v20221109-0702
2025-02-17 18:07:55,470 - org.eclipse.equinox.http.registry - 1.3.200.v20220720-2012
2025-02-17 18:07:55,470 - org.eclipse.equinox.http.servlet - 1.7.400.v20221006-1531
2025-02-17 18:07:55,472 - org.eclipse.equinox.jsp.jasper - 1.1.700.v20220801-1124
2025-02-17 18:07:55,474 - org.eclipse.equinox.jsp.jasper.registry - 1.2.100.v20211021-1418
2025-02-17 18:07:55,482 - org.eclipse.help.base - 4.3.900.v20221123-1800
2025-02-17 18:07:55,487 - org.eclipse.help.ui - 4.4.100.v20220619-1918
2025-02-17 18:07:55,488 - org.eclipse.help.webapp - 3.10.900.v20221103-0933
2025-02-17 18:07:55,490 - org.eclipse.jetty.http - 10.0.12
2025-02-17 18:07:55,492 - org.eclipse.jetty.io - 10.0.12
2025-02-17 18:07:55,495 - org.eclipse.jetty.security - 10.0.12
2025-02-17 18:07:55,503 - org.eclipse.jetty.server - 10.0.12
2025-02-17 18:07:55,509 - org.eclipse.jetty.servlet - 10.0.12
2025-02-17 18:07:55,512 - org.eclipse.jetty.util - 10.0.12
2025-02-17 18:07:55,517 - org.eclipse.jetty.util.ajax - 10.0.12
2025-02-17 18:07:55,531 - org.eclipse.core.net - 1.4.0.v20220813-1037
2025-02-17 18:07:55,533 - org.eclipse.equinox.security - 1.3.1000.v20220801-1135
2025-02-17 18:07:55,574 - org.eclipse.egit.gitflow - 6.4.0.202211300538-r
2025-02-17 18:07:55,576 - org.eclipse.egit.gitflow.ui - 6.4.0.202211300538-r
2025-02-17 18:07:55,622 - org.eclipse.tm.terminal.connector.ssh - 4.8.0.202211062329
2025-02-17 18:07:55,676 - org.eclipse.mylyn.wikitext - 3.0.45.202211090110
2025-02-17 18:07:55,678 - org.eclipse.mylyn.wikitext.ant - 3.0.45.202211090110
2025-02-17 18:07:55,684 - org.eclipse.mylyn.wikitext.osgi - 3.0.45.202211090110
2025-02-17 18:07:55,693 - org.eclipse.mylyn.wikitext.asciidoc - 3.0.45.202211090110
2025-02-17 18:07:55,698 - org.eclipse.mylyn.wikitext.textile - 3.0.45.202211090110
2025-02-17 18:07:55,699 - org.eclipse.mylyn.wikitext.html - 3.0.45.202211090110
2025-02-17 18:07:55,703 - org.eclipse.mylyn.wikitext.markdown - 3.0.45.202211090110
2025-02-17 18:07:55,708 - org.eclipse.mylyn.wikitext.mediawiki - 3.0.45.202211090110
2025-02-17 18:07:55,715 - org.eclipse.mylyn.wikitext.confluence - 3.0.45.202211090110
2025-02-17 18:07:55,717 - org.eclipse.mylyn.wikitext.tracwiki - 3.0.45.202211090110
2025-02-17 18:07:55,718 - org.eclipse.mylyn.wikitext.twiki - 3.0.45.202211090110
2025-02-17 18:07:55,722 - org.eclipse.mylyn.wikitext.ui - 3.0.45.202211090110
2025-02-17 18:07:55,734 - org.eclipse.mylyn.wikitext.help.ui - 3.0.45.202211090110
2025-02-17 18:07:55,737 - org.eclipse.mylyn.wikitext.asciidoc.ui - 3.0.45.202211090110
2025-02-17 18:07:55,738 - org.eclipse.mylyn.wikitext.textile.ui - 3.0.45.202211090110
2025-02-17 18:07:55,739 - org.eclipse.mylyn.wikitext.markdown.ui - 3.0.45.202211090110
2025-02-17 18:07:55,740 - org.eclipse.mylyn.wikitext.mediawiki.ui - 3.0.45.202211090110
2025-02-17 18:07:55,741 - org.eclipse.mylyn.wikitext.confluence.ui - 3.0.45.202211090110
2025-02-17 18:07:55,743 - org.eclipse.mylyn.wikitext.tracwiki.ui - 3.0.45.202211090110
2025-02-17 18:07:55,744 - org.eclipse.mylyn.wikitext.twiki.ui - 3.0.45.202211090110
2025-02-17 18:07:55,765 - org.eclipse.m2e.logback - 2.1.0.20221015-0744
2025-02-17 18:07:55,790 - org.eclipse.buildship.compat - 3.1.6.v20220511-1359
2025-02-17 18:07:55,796 - org.eclipse.buildship.core - 3.1.6.v20220511-1359
2025-02-17 18:07:55,801 - org.eclipse.buildship.ui - 3.1.6.v20220511-1359
2025-02-17 18:07:55,807 - org.eclipse.buildship.branding - 3.1.6.v20220511-1359
2025-02-17 18:07:55,845 - org.eclipse.egit.core - 6.4.0.202211300538-r
2025-02-17 18:07:55,849 - org.eclipse.egit.ui - 6.4.0.202211300538-r
2025-02-17 18:07:55,859 - org.eclipse.egit - 6.4.0.202211300538-r
2025-02-17 18:07:55,877 - org.eclipse.egit.doc - 6.4.0.202211300538-r
2025-02-17 18:07:55,914 - org.eclipse.justj.openjdk.hotspot.jre.full - 17.0.6.v20230125-1136
2025-02-17 18:07:55,929 - org.eclipse.justj.openjdk.hotspot.jre.full.win32.x86_64 - 17.0.6.v20230125-1136
2025-02-17 18:07:56,011 - org.eclipse.userstorage - 1.2.0.v20210517-0327
2025-02-17 18:07:56,012 - org.eclipse.userstorage.ui - 1.1.0.v20190307-0457
2025-02-17 18:07:56,015 - org.eclipse.userstorage.oauth - 1.1.0.v20190307-0457
2025-02-17 18:07:56,090 - org.eclipse.m2e.wtp - 1.5.2.20220906-1452
2025-02-17 18:07:56,092 - org.eclipse.m2e.wtp.overlay - 1.5.0.20220805-2025
2025-02-17 18:07:56,103 - org.eclipse.m2e.wtp.overlay.ui - 1.5.0.20220805-2025
2025-02-17 18:07:56,139 - org.eclipse.tm.terminal.view.core - 4.9.0.202211062329
2025-02-17 18:07:56,143 - org.eclipse.tm.terminal.view.ui - 4.11.0.202211062329
2025-02-17 18:07:56,165 - org.eclipse.jgit.http.apache - 6.4.0.202211300538-r
2025-02-17 18:07:56,224 - org.eclipse.m2e.archetype.common - 3.2.102.20221130-2149
2025-02-17 18:07:56,242 - org.eclipse.m2e.model.edit - 2.0.100.20221115-1709
2025-02-17 18:07:56,245 - org.eclipse.m2e.core - 2.0.5.20221128-1757
2025-02-17 18:07:56,248 - org.eclipse.m2e.launching - 2.0.2.20221122-2012
2025-02-17 18:07:56,248 - org.eclipse.m2e.workspace.cli - 0.3.1
2025-02-17 18:07:56,250 - org.eclipse.m2e.jdt - 2.0.4.20221130-2135
2025-02-17 18:07:56,255 - org.eclipse.m2e.editor - 2.0.2.20221115-1709
2025-02-17 18:07:56,259 - org.eclipse.m2e.maven.runtime - 3.8.604.20221130-2149
2025-02-17 18:07:56,261 - org.eclipse.m2e.refactoring - 2.0.2.20221115-1709
2025-02-17 18:07:56,268 - org.eclipse.m2e.discovery - 2.0.1.20221101-1753
2025-02-17 18:07:56,272 - org.eclipse.m2e.core.ui - 2.0.2.20221113-1617
2025-02-17 18:07:56,275 - org.eclipse.m2e.scm - 2.0.1.20221101-1753
2025-02-17 18:07:56,281 - org.eclipse.m2e.jdt.ui - 2.0.1.20221115-1709
2025-02-17 18:07:56,283 - org.eclipse.m2e.profiles.core - 2.1.0.20221110-1338
2025-02-17 18:07:56,293 - org.eclipse.m2e.profiles.ui - 2.0.1.20221101-1753
2025-02-17 18:07:56,293 - org.eclipse.m2e.sourcelookup - 2.0.1.20221118-1906
2025-02-17 18:07:56,294 - org.eclipse.m2e.sourcelookup.ui - 2.0.1.20221118-1906
2025-02-17 18:07:56,295 - org.eclipse.m2e.binaryproject - 2.1.0.20221115-1709
2025-02-17 18:07:56,296 - org.eclipse.m2e.binaryproject.ui - 2.0.0.20220705-1221
2025-02-17 18:07:56,298 - org.eclipse.m2e.apt.core - 2.0.2.20221020-0713
2025-02-17 18:07:56,306 - org.eclipse.m2e.apt.ui - 2.0.2.20221115-1709
2025-02-17 18:07:56,310 - org.eclipse.m2e.mavenarchiver - 2.0.2.20221115-1709
2025-02-17 18:07:56,331 - org.eclipse.help - 3.9.100.v20210721-0601
2025-02-17 18:07:56,333 - org.eclipse.ui - 3.201.200.v20221024-2137
2025-02-17 18:07:56,336 - org.eclipse.ui.workbench - 3.127.0.v20221024-2137
2025-02-17 18:07:56,338 - org.eclipse.update.configurator - 3.4.1000.v20221114-1512
2025-02-17 18:07:56,346 - org.eclipse.rcp - 4.26.0.v20221123-1800
2025-02-17 18:07:56,361 - com.ibm.icu - 74.1
2025-02-17 18:07:56,381 - org.eclipse.jgit.lfs - 6.4.0.202211300538-r
2025-02-17 18:07:56,383 - org.eclipse.jgit.lfs.server - 6.4.0.202211300538-r
2025-02-17 18:07:56,404 - org.eclipse.epp.mpc.core - 1.10.1.v20221110-1841
2025-02-17 18:07:56,410 - org.eclipse.epp.mpc.core.win32 - 1.10.1.v20221110-1841
2025-02-17 18:07:56,417 - org.eclipse.epp.mpc.ui - 1.10.1.v20221110-1841
2025-02-17 18:07:56,418 - org.eclipse.epp.mpc.ui.css - 1.10.1.v20221110-1841
2025-02-17 18:07:56,419 - org.eclipse.epp.mpc.help.ui - 1.10.1.v20221110-1841
2025-02-17 18:07:56,449 - org.eclipse.jgit.gpg.bc - 6.4.0.202211300538-r
2025-02-17 18:07:56,495 - org.eclipse.pde - 3.13.2100.v20221123-1800
2025-02-17 18:07:56,516 - org.eclipse.pde.build - 3.11.400.v20220923-1253
2025-02-17 18:07:56,522 - org.eclipse.pde.core - 3.16.0.v20221119-0340
2025-02-17 18:07:56,532 - org.eclipse.pde.junit.runtime - 3.6.200.v20220523-1051
2025-02-17 18:07:56,535 - org.eclipse.pde.runtime - 3.7.500.v20221012-2030
2025-02-17 18:07:56,541 - org.eclipse.pde.ui - 3.13.700.v20221114-1716
2025-02-17 18:07:56,547 - org.eclipse.pde.doc.user - 3.14.1800.v20221121-0559
2025-02-17 18:07:56,558 - org.eclipse.pde.ui.templates - 3.7.700.v20220802-1520
2025-02-17 18:07:56,560 - org.eclipse.pde.api.tools - 1.2.1100.v20221114-1728
2025-02-17 18:07:56,568 - org.eclipse.pde.api.tools.annotations - 1.1.500.v20220813-1730
2025-02-17 18:07:56,569 - org.eclipse.pde.api.tools.ui - 1.2.700.v20220329-0844
2025-02-17 18:07:56,573 - org.eclipse.pde.ds.core - 1.2.500.v20220411-2005
2025-02-17 18:07:56,580 - org.eclipse.pde.ds.ui - 1.2.300.v20220310-2159
2025-02-17 18:07:56,614 - org.eclipse.pde.launching - 3.10.200.v20221108-1157
2025-02-17 18:07:56,618 - org.eclipse.pde.ua.core - 1.2.300.v20211004-0555
2025-02-17 18:07:56,619 - org.eclipse.pde.ua.ui - 1.2.400.v20220317-0700
2025-02-17 18:07:56,620 - org.eclipse.ui.trace - 1.2.200.v20220310-2159
2025-02-17 18:07:56,623 - org.eclipse.pde.ds.annotations - 1.2.500.v20220811-0944
2025-02-17 18:07:56,628 - org.eclipse.pde.genericeditor.extension - 1.1.300.v20220810-1011
2025-02-17 18:07:56,630 - org.eclipse.tools.layout.spy - 1.1.100.v20221111-1233
2025-02-17 18:07:56,630 - org.eclipse.pde.spy.core - 1.0.200.v20220331-1637
2025-02-17 18:07:56,632 - org.eclipse.pde.spy.model - 0.12.400.v20220621-1036
2025-02-17 18:07:56,635 - org.eclipse.pde.spy.css - 0.12.300.v20220512-1208
2025-02-17 18:07:56,636 - org.eclipse.pde.spy.preferences - 0.12.300.v20220512-1208
2025-02-17 18:07:56,644 - org.eclipse.pde.spy.context - 1.0.400.v20221119-0340
2025-02-17 18:07:56,646 - org.eclipse.pde.spy.bundle - 0.12.200.v20220512-1208
2025-02-17 18:07:56,649 - org.eclipse.pde.spy.event - 1.0.100.v20221114-1716
2025-02-17 18:07:56,690 - org.eclipse.jgit.ssh.apache - 6.4.0.202211300538-r
2025-02-17 18:07:56,694 - org.eclipse.jgit.ssh.apache.agent - 6.4.0.202211300538-r
2025-02-17 18:07:56,760 - org.eclipse.jdt - 3.18.1400.v20221123-1800
2025-02-17 18:07:56,765 - org.eclipse.ant.ui - 3.8.300.v20220718-1722
2025-02-17 18:07:56,771 - org.eclipse.jdt.apt.core - 3.7.50.v20210914-1429
2025-02-17 18:07:56,771 - org.eclipse.jdt.apt.ui - 3.7.0.v20210620-1751
2025-02-17 18:07:56,803 - org.eclipse.jdt.apt.pluggable.core - 1.3.0.v20210618-1653
2025-02-17 18:07:56,834 - org.eclipse.jdt.compiler.apt - 1.4.300.v20221108-0856
2025-02-17 18:07:56,837 - org.eclipse.jdt.compiler.tool - 1.3.200.v20220802-0458
2025-02-17 18:07:56,839 - org.eclipse.jdt.core - 3.32.0.v20221108-1853
2025-02-17 18:07:56,839 - org.eclipse.jdt.core.formatterapp - 1.1.0.v20210618-1653
2025-02-17 18:07:56,841 - org.eclipse.jdt.annotation - 2.2.700.v20220826-1026
2025-02-17 18:07:56,842 - org.eclipse.jdt.annotation - 2.2.700.v20220826-1026
2025-02-17 18:07:56,842 - org.eclipse.jdt.core.manipulation - 1.17.0.v20221026-1918
2025-02-17 18:07:56,857 - org.eclipse.jdt.debug.ui - 3.12.900.v20221001-0715
2025-02-17 18:07:56,949 - org.eclipse.jdt.debug - 3.20.0.v20220922-0905
2025-02-17 18:07:56,965 - org.eclipse.jdt.junit - 3.15.100.v20220909-2154
2025-02-17 18:07:56,967 - org.eclipse.jdt.junit.core - 3.11.500.v20221031-1935
2025-02-17 18:07:56,974 - org.eclipse.jdt.junit.runtime - 3.7.0.v20220609-1843
2025-02-17 18:07:56,988 - org.eclipse.jdt.junit4.runtime - 1.3.0.v20220609-1843
2025-02-17 18:07:57,009 - org.eclipse.jdt.junit5.runtime - 1.1.100.v20220907-0450
2025-02-17 18:07:57,013 - org.eclipse.jdt.launching - 3.19.800.v20221107-1851
2025-02-17 18:07:57,026 - org.eclipse.jdt.ui - 3.27.100.v20221122-0749
2025-02-17 18:07:57,049 - org.junit - 4.13.2.v20211018-1956
2025-02-17 18:07:57,057 - org.hamcrest.core - 1.3.0.v20180420-1519
2025-02-17 18:07:57,064 - junit-jupiter-api - 5.9.1
2025-02-17 18:07:57,070 - junit-jupiter-engine - 5.9.1
2025-02-17 18:07:57,080 - junit-jupiter-migrationsupport - 5.9.1
2025-02-17 18:07:57,082 - junit-jupiter-params - 5.9.1
2025-02-17 18:07:57,084 - junit-platform-commons - 1.9.1
2025-02-17 18:07:57,087 - junit-platform-engine - 1.9.1
2025-02-17 18:07:57,091 - junit-platform-launcher - 1.9.1
2025-02-17 18:07:57,092 - junit-platform-runner - 1.9.1
2025-02-17 18:07:57,093 - junit-platform-suite-api - 1.9.1
2025-02-17 18:07:57,093 - junit-platform-suite-commons - 1.9.1
2025-02-17 18:07:57,095 - junit-platform-suite-engine - 1.9.1
2025-02-17 18:07:57,103 - junit-vintage-engine - 5.9.1
2025-02-17 18:07:57,111 - org.opentest4j - 1.2.0
2025-02-17 18:07:57,113 - org.apiguardian.api - 1.1.2
2025-02-17 18:07:57,117 - org.eclipse.jdt.doc.user - 3.15.1600.v20221121-0559
2025-02-17 18:07:57,122 - org.eclipse.ant.launching - 1.3.400.v20220718-1722
2025-02-17 18:07:57,169 - org.eclipse.emf.common - 2.27.0.v20221121-1400
2025-02-17 18:07:57,194 - org.jboss.tools.m2e.wro4j.core - 1.2.1.202301111328
2025-02-17 18:07:57,197 - org.jboss.tools.m2e.wro4j.ui - 1.2.1.202301111328
2025-02-17 18:07:57,213 - org.eclipse.tm.terminal.control - 5.4.0.202211062329
2025-02-17 18:07:57,245 - org.sonatype.m2e.egit - 0.17.0.202209271423
2025-02-17 18:07:57,290 - org.eclipse.emf.ecore - 2.29.0.v20221121-1400
2025-02-17 18:07:57,291 - org.eclipse.emf.ecore.change - 2.14.0.v20190528-0725
2025-02-17 18:07:57,292 - org.eclipse.emf.ecore.xmi - 2.17.0.v20220817-1334
2025-02-17 18:07:57,350 - org.eclipse.wst.common.project.facet.core - 1.4.402.v202111212041
2025-02-17 18:07:57,351 - org.eclipse.wst.common.project.facet.ui - 1.4.602.v202007142017
2025-02-17 18:07:57,416 - org.eclipse.jst.common.project.facet.core - 1.12.100.v202208260526
2025-02-17 18:07:57,421 - org.eclipse.jst.common.project.facet.ui - 1.4.511.v202007142017
2025-02-17 18:07:57,456 - org.eclipse.jgit - 6.4.0.202211300538-r
2025-02-17 18:07:57,460 - org.eclipse.jgit.archive - 6.4.0.202211300538-r
2025-02-17 18:07:57,937 - org.apache.ant - 1.10.12.v20211102-1452
2025-02-17 18:07:57,942 - org.eclipse.ant.core - 3.6.500.v20220718-1722
2025-02-17 18:07:57,947 - com.jcraft.jsch - 0.1.55.v20221112-0806
2025-02-17 18:07:57,955 - org.eclipse.compare.core - 3.7.100.v20220812-1406
2025-02-17 18:07:57,965 - org.eclipse.compare - 3.8.500.v20220812-1406
2025-02-17 18:07:57,974 - org.eclipse.compare.win32 - 1.2.900.v20220812-1406
2025-02-17 18:07:57,974 - org.eclipse.core.filebuffers - 3.7.200.v20220202-1008
2025-02-17 18:07:57,976 - org.eclipse.core.filesystem - 1.9.500.v20220817-1539
2025-02-17 18:07:57,976 - org.eclipse.core.net - 1.4.0.v20220813-1037
2025-02-17 18:07:57,984 - org.eclipse.core.net.win32 - 1.0.100.v20220812-1406
2025-02-17 18:07:57,986 - org.eclipse.core.net.win32.x86_64 - 1.1.700.v20220812-1406
2025-02-17 18:07:57,987 - org.eclipse.core.resources - 3.18.100.v20221025-2047
2025-02-17 18:07:57,989 - org.eclipse.debug.core - 3.20.0.v20220811-0741
2025-02-17 18:07:58,005 - org.eclipse.debug.ui - 3.17.100.v20220926-1344
2025-02-17 18:07:58,015 - org.eclipse.e4.ui.ide - 3.16.200.v20221024-2137
2025-02-17 18:07:58,035 - org.eclipse.equinox.event - 1.6.100.v20211021-1418
2025-02-17 18:07:58,042 - org.eclipse.ltk.core.refactoring - 3.13.0.v20220822-0502
2025-02-17 18:07:58,055 - org.eclipse.ltk.ui.refactoring - 3.12.200.v20220808-2221
2025-02-17 18:07:58,058 - org.eclipse.platform - 4.26.0.v20221123-1800
2025-02-17 18:07:58,059 - org.eclipse.platform.doc.user - 4.26.0.v20221121-0559
2025-02-17 18:07:58,073 - org.eclipse.search - 3.14.300.v20220905-1020
2025-02-17 18:07:58,076 - org.eclipse.text.quicksearch - 1.1.400.v20221023-0941
2025-02-17 18:07:58,078 - org.eclipse.team.core - 3.9.600.v20220902-2219
2025-02-17 18:07:58,079 - org.eclipse.team.ui - 3.9.500.v20220920-2213
2025-02-17 18:07:58,092 - org.eclipse.text - 3.12.300.v20220921-1010
2025-02-17 18:07:58,097 - org.eclipse.jface.text - 3.22.0.v20221119-1047
2025-02-17 18:07:58,098 - org.eclipse.jsch.core - 1.4.0.v20220813-1037
2025-02-17 18:07:58,098 - org.eclipse.jsch.ui - 1.4.200.v20220812-1406
2025-02-17 18:07:58,100 - org.eclipse.ui.console - 3.11.400.v20221012-0524
2025-02-17 18:07:58,100 - org.eclipse.ui.intro - 3.6.600.v20220619-1918
2025-02-17 18:07:58,101 - org.eclipse.ui.intro.universal - 3.4.300.v20220619-1918
2025-02-17 18:07:58,105 - org.eclipse.ui.cheatsheets - 3.7.500.v20220903-1020
2025-02-17 18:07:58,113 - org.eclipse.ui.browser - 3.7.300.v20221024-2137
2025-02-17 18:07:58,117 - org.eclipse.ui.genericeditor - 1.2.300.v20220915-0924
2025-02-17 18:07:58,120 - org.eclipse.ui.monitoring - 1.2.300.v20221024-2137
2025-02-17 18:07:58,127 - org.eclipse.ui.navigator - 3.10.400.v20221024-2137
2025-02-17 18:07:58,131 - org.eclipse.ui.navigator.resources - 3.8.500.v20221024-2137
2025-02-17 18:07:58,137 - org.eclipse.ui.net - 1.4.100.v20220812-1406
2025-02-17 18:07:58,141 - org.eclipse.ui.workbench.texteditor - 3.16.600.v20220809-1658
2025-02-17 18:07:58,148 - org.eclipse.ui.views - 3.11.300.v20221024-2137
2025-02-17 18:07:58,156 - org.eclipse.ui.editors - 3.14.400.v20220730-1844
2025-02-17 18:07:58,166 - org.eclipse.ui.externaltools - 3.5.200.v20220618-1805
2025-02-17 18:07:58,174 - org.eclipse.ui.ide - 3.20.0.v20221027-2208
2025-02-17 18:07:58,178 - org.eclipse.ui.ide.application - 1.4.600.v20221024-2137
2025-02-17 18:07:58,179 - org.eclipse.ui.win32 - 3.4.500.v20221024-2137
2025-02-17 18:07:58,179 - org.eclipse.core.resources.win32.x86_64 - 3.5.500.v20220812-1420
2025-02-17 18:07:58,179 - org.eclipse.core.filesystem.win32.x86_64 - 1.4.300.v20220812-1420
2025-02-17 18:07:58,182 - org.eclipse.core.variables - 3.5.100.v20210721-1355
2025-02-17 18:07:58,199 - org.eclipse.ui.forms - 3.11.500.v20221024-2137
2025-02-17 18:07:58,201 - org.eclipse.ui.views.properties.tabbed - 3.9.300.v20221024-2137
2025-02-17 18:07:58,201 - org.eclipse.equinox.security - 1.3.1000.v20220801-1135
2025-02-17 18:07:58,204 - org.eclipse.equinox.security.ui - 1.3.400.v20221007-1815
2025-02-17 18:07:58,218 - org.eclipse.equinox.security.win32.x86_64 - 1.1.300.v20211021-1418
2025-02-17 18:07:58,220 - org.eclipse.core.externaltools - 1.2.300.v20220618-1805
2025-02-17 18:07:58,220 - org.eclipse.ui.themes - 1.2.2100.v20221024-2137
2025-02-17 18:07:58,232 - org.eclipse.core.runtime - 3.26.100.v20221021-0005
2025-02-17 18:07:58,233 - org.eclipse.ui.intro.quicklinks - 1.1.200.v20220619-1918
2025-02-17 18:07:58,237 - org.eclipse.team.genericeditor.diff.extension - 1.1.100.v20220812-1406
2025-02-17 18:07:58,241 - org.eclipse.urischeme - 1.2.200.v20221024-2137
2025-02-17 18:07:58,242 - org.eclipse.ui.views.log - 1.3.400.v20220907-1244
2025-02-17 18:07:58,243 - org.eclipse.debug.ui.launchview - 1.0.300.v20220811-0741
2025-02-18 23:55:05,150 - os.name - Windows 11
2025-02-18 23:55:05,151 - os.arch - amd64
2025-02-18 23:55:05,151 - os.version - 10.0
2025-02-18 23:55:05,151 - java.version - 17.0.6
2025-02-18 23:55:05,151 - java.vendor - Eclipse Adoptium
2025-02-18 23:55:05,151 - java.vendor.url - https://adoptium.net/
2025-02-18 23:55:05,151 - java.home - C:\ProgramData\chocolatey\lib\SpringToolSuite\tools\sts-4.17.2.RELEASE\plugins\org.eclipse.justj.openjdk.hotspot.jre.full.win32.x86_64_17.0.6.v20230125-1136\jre
2025-02-18 23:55:05,151 - java.vm.specification.name - Java Virtual Machine Specification
2025-02-18 23:55:05,151 - java.vm.specification.vendor - Oracle Corporation
2025-02-18 23:55:05,151 - java.vm.specification.version - 17
2025-02-18 23:55:05,151 - java.class.path - C:\ProgramData\chocolatey\lib\SpringToolSuite\tools\sts-4.17.2.RELEASE\\plugins/org.eclipse.equinox.launcher_1.6.400.v20210924-0641.jar
2025-02-18 23:55:05,151 - java.library.path - C:\ProgramData\chocolatey\lib\SpringToolSuite\tools\sts-4.17.2.RELEASE;C:\WINDOWS\Sun\Java\bin;C:\WINDOWS\system32;C:\WINDOWS;C:/ProgramData/chocolatey/lib/SpringToolSuite/tools/sts-4.17.2.RELEASE//plugins/org.eclipse.justj.openjdk.hotspot.jre.full.win32.x86_64_17.0.6.v20230125-1136/jre/bin/server;C:/ProgramData/chocolatey/lib/SpringToolSuite/tools/sts-4.17.2.RELEASE//plugins/org.eclipse.justj.openjdk.hotspot.jre.full.win32.x86_64_17.0.6.v20230125-1136/jre/bin;C:\Program Files\Microsoft MPI\Bin\;C:\Program Files\Microsoft\jdk-11.0.16.101-hotspot\bin;C:\Program Files\Common Files\Oracle\Java\javapath;C:\Program Files (x86)\Common Files\Oracle\Java\java8path;C:\Program Files (x86)\Common Files\Oracle\Java\javapath;C:\app\ASUS\product\21c\dbhomeXE\bin;C:\Program Files (x86)\VMware\VMware Player\bin\;C:\Users\ASUS\AppData\Local\Microsoft\WindowsApps;C:\Users\ASUS\AppData\Local\Programs\Microsoft VS Code\bin;C:\Program Files\JetBrains\PhpStorm 2022.2.3\bin;;C:\Users\ASUS\AppData\Roaming\npm;C:\Users\ASUS\AppData\Roaming\Composer\vendor\bin;C:\Program Files\PostgreSQL\14\bin;C:\Program Files\Java\jdk-19\bin;C:\Program Files\Microsoft SQL Server\Client SDK\ODBC\170\Tools\Binn\;C:\Program Files\Java\jdk-19\bin;C:\src\flutter\bin\cache\dart-sdk\bin;C:\Users\ASUS\AppData\Local\Pub\Cache\bin;%JRE_HOME%\bin;C:\Users\ASUS\AppData\Local\Programs\Python\Python311;C:\composer;C:\Program Files (x86)\Microsoft SQL Server\160\Tools\Binn\;C:\Program Files\Microsoft SQL Server\160\Tools\Binn\;C:\Program Files\Microsoft SQL Server\160\DTS\Binn\;C:\Windows\System32\WindowsPowerShell\v1.0;C:\Users\ASUS\AppData\Roaming\npm-cache;C:\Users\ASUS\AppData\Local\Programs\Python\Python311\Scripts;C:\webdrivers;C:\Users\ASUS\AppData\Local\Android\Sdk\tools;C:\Users\ASUS\AppData\Local\Android\Sdk\platform-tools;C:\Users\ASUS\AppData\Local\Android\Sdk\tools\bin;C:\Users\ASUS\AppData\Local\Android\Sdk\emulator;C:\ProgramData\chocolatey\bin;C:\Program Files\Kotlin\kotlinc\bin;C:\HashiCorp\Vagrant\bin;C:\ProgramData\chocolatey\lib\maven\apache-maven-3.9.4\bin;C:\Program Files\Amazon\AWSCLIV2\;C:\Program Files (x86)\Microsoft SQL Server\150\Tools\Binn\;C:\Program Files\Microsoft SQL Server\150\Tools\Binn\;C:\Program Files\Microsoft SQL Server\150\DTS\Binn\;C:\Program Files (x86)\Microsoft SQL Server\150\DTS\Binn\;C:\Program Files (x86)\Microsoft SQL Server\160\DTS\Binn\;C:\tools\php83;C:\Program Files\Git\cmd;C:\Program Files\nodejs\;C:\Program Files\Azure Data Studio\bin;C:\tools\nginx-1.27.2;C:\tools\nginx-1.27.2\conf\nginx.conf;C:\Program Files\Go\bin;C:\Program Files (x86)\Windows Kits\10\Windows Performance Toolkit\;C:\Program Files (x86)\Subversion\bin;C:\WINDOWS\system32;C:\WINDOWS;C:\WINDOWS\System32\Wbem;C:\WINDOWS\System32\WindowsPowerShell\v1.0\;C:\WINDOWS\System32\OpenSSH\;C:\ELK\elasticsearch-8.17.0\bin;C:\ELK\kibana-8.17.0\bin;C:\ELK\logstash-8.17.0\bin;C:\ELK\filebeat-8.17.0;C:\ELK\metricbeat-8.17.0;C:\ELK\apm-server-8.17.0;C:\ELK\elasticsearch-8.17.0\bin;C:\ELK\kibana-8.17.0\bin;C:\ELK\logstash-8.17.0\bin;C:\ELK\filebeat-8.17.0;C:\ELK\metricbeat-8.17.0;C:\ELK\apm-server-8.17.0;C:\Program Files\dotnet\;C:\Program Files\Microsoft MPI\Bin\;C:\Program Files\Microsoft\jdk-11.0.16.101-hotspot\bin;C:\Program Files\Common Files\Oracle\Java\javapath;C:\Program Files (x86)\Common Files\Oracle\Java\java8path;C:\Program Files (x86)\Common Files\Oracle\Java\javapath;C:\app\ASUS\product\21c\dbhomeXE\bin;C:\Program Files (x86)\VMware\VMware Player\bin\;C:\Users\ASUS\AppData\Local\Microsoft\WindowsApps;C:\Users\ASUS\AppData\Local\Programs\Microsoft VS Code\bin;C:\Program Files\JetBrains\PhpStorm 2022.2.3\bin;;C:\Users\ASUS\AppData\Roaming\npm;C:\Users\ASUS\AppData\Roaming\Composer\vendor\bin;C:\Program Files\PostgreSQL\14\bin;C:\Program Files\Java\jdk-19\bin;C:\Program Files\Microsoft SQL Server\Client SDK\ODBC\170\Tools\Binn\;C:\Program Files\Java\jdk-19\bin;C:\src\flutter\bin\cache\dart-sdk\bin;C:\Users\ASUS\AppData\Local\Pub\Cache\bin;%JRE_HOME%\bin;C:\Users\ASUS\AppData\Local\Programs\Python\Python311;C:\composer;C:\Program Files (x86)\Microsoft SQL Server\160\Tools\Binn\;C:\Program Files\Microsoft SQL Server\160\Tool;C:\Program Files\\Elastic\Beats\8.17.0\metricbeat;C:\Users\ASUS\.lmstudio\bin;C:\ProgramData\chocolatey\bin;;.
2025-02-18 23:55:05,151 - --------------------------------------
2025-02-18 23:55:05,151 - ## Eclipse Plug-ins Log Information ##
2025-02-18 23:55:05,151 - --------------------------------------
2025-02-18 23:55:05,172 - org.tigris.subversion.subclipse.core - 4.3.4.202306191346
2025-02-18 23:55:05,174 - org.tigris.subversion.subclipse.ui - 4.3.4.202306191346
2025-02-18 23:55:05,175 - com.collabnet.subversion.merge - 4.2.0.1
2025-02-18 23:55:05,175 - org.tigris.subversion.clientadapter - 1.10.0
2025-02-18 23:55:05,184 - org.eclipse.andmore.hierarchyviewer - 0.5.1.201701251432
2025-02-18 23:55:05,192 - org.eclipse.sequoyah.device.backward - 2.1.0.N20120718-0509
2025-02-18 23:55:05,195 - org.eclipse.sequoyah.device.framework - 2.1.0.N20120718-0509
2025-02-18 23:55:05,196 - org.eclipse.sequoyah.device.framework.ui - 2.1.0.N20120718-0509
2025-02-18 23:55:05,197 - org.eclipse.sequoyah.device.service.start - 2.1.0.N20120718-0509
2025-02-18 23:55:05,198 - org.eclipse.sequoyah.device.service.stop - 2.1.0.N20120718-0509
2025-02-18 23:55:05,199 - org.eclipse.sequoyah.device.framework.wizard - 2.1.0.N20120718-0509
2025-02-18 23:55:05,207 - org.eclipse.cdt.managedbuilder.gnu.ui - 8.5.0.202211211546
2025-02-18 23:55:05,208 - org.eclipse.cdt.build.gcc.core - 2.0.0.202211181555
2025-02-18 23:55:05,209 - org.eclipse.cdt.build.gcc.ui - 1.2.0.202211062329
2025-02-18 23:55:05,220 - org.eclipse.gef - 3.16.0.202311222042
2025-02-18 23:55:05,227 - org.eclipse.cdt - 11.0.0.202211062329
2025-02-18 23:55:05,229 - org.eclipse.cdt.core - 8.0.0.202211292120
2025-02-18 23:55:05,230 - org.eclipse.cdt.codan.core - 4.2.0.202211062329
2025-02-18 23:55:05,230 - org.eclipse.cdt.codan.ui - 3.5.0.202211062329
2025-02-18 23:55:05,233 - org.eclipse.cdt.codan.core.cxx - 3.6.0.202211062329
2025-02-18 23:55:05,234 - org.eclipse.cdt.codan.ui.cxx - 3.7.0.202211101937
2025-02-18 23:55:05,236 - org.eclipse.cdt.codan.checkers - 3.5.0.202211062329
2025-02-18 23:55:05,237 - org.eclipse.cdt.codan.checkers.ui - 3.4.0.202211062329
2025-02-18 23:55:05,238 - org.eclipse.cdt.debug.core - 8.8.0.202211072232
2025-02-18 23:55:05,239 - org.eclipse.cdt.debug.ui - 8.5.0.202211100047
2025-02-18 23:55:05,240 - org.eclipse.cdt.make.core - 7.6.0.202211062329
2025-02-18 23:55:05,240 - org.eclipse.cdt.make.ui - 8.2.0.202211062329
2025-02-18 23:55:05,242 - org.eclipse.cdt.managedbuilder.core - 9.5.0.202211211546
2025-02-18 23:55:05,242 - org.eclipse.cdt.managedbuilder.headlessbuilderapp - 1.1.0.202211062329
2025-02-18 23:55:05,243 - org.eclipse.cdt.managedbuilder.ui - 9.4.0.202211211546
2025-02-18 23:55:05,245 - org.eclipse.cdt.ui - 8.0.0.202211292120
2025-02-18 23:55:05,247 - org.eclipse.cdt.doc.user - 5.5.0.202211211546
2025-02-18 23:55:05,247 - org.eclipse.cdt.dsf - 2.12.0.202211062329
2025-02-18 23:55:05,248 - org.eclipse.cdt.dsf.ui - 2.7.0.202211062329
2025-02-18 23:55:05,250 - org.eclipse.cdt.flatpak.launcher - 1.1.0.202211062329
2025-02-18 23:55:05,251 - org.eclipse.cdt.native.serial - 1.3.0.202211300214
2025-02-18 23:55:05,251 - org.eclipse.cdt.platform.branding - 11.0.0.202211062329
2025-02-18 23:55:05,260 - javax.persistence - 2.2.1.v201807122140
2025-02-18 23:55:05,262 - org.eclipse.jpt.jpa.annotate - 1.0.101.v201902121834
2025-02-18 23:55:05,263 - org.eclipse.jpt.jpa.core - 3.6.1.v202301061019
2025-02-18 23:55:05,264 - org.eclipse.jpt.jpa.db - 2.2.201.v202301061019
2025-02-18 23:55:05,266 - org.eclipse.jpt.jpa.db.ui - 2.1.201.v201902121834
2025-02-18 23:55:05,266 - org.eclipse.jpt.jpa.gen - 2.3.201.v202301061019
2025-02-18 23:55:05,269 - org.eclipse.jpt.jpa.ui - 3.6.100.v202305092307
2025-02-18 23:55:05,271 - org.eclipse.jpt.doc.user - 3.2.101.v201902121834
2025-02-18 23:55:05,274 - org.eclipse.persistence.jpa.jpql - 2.7.3.v20180807-4be1041
2025-02-18 23:55:05,290 - org.apache.commons.collections - 3.2.2.v20220405-1659
2025-02-18 23:55:05,293 - org.apache.commons.lang - 2.6.0.v20220406-2305
2025-02-18 23:55:05,294 - org.apache.velocity - 1.5.0.v200905192330
2025-02-18 23:55:05,295 - org.jdom - 1.1.1.v201101151400
2025-02-18 23:55:05,296 - org.eclipse.jpt.jpa.branding - 3.4.1.v201902121834
2025-02-18 23:55:05,303 - org.sonarlint.eclipse.core - 7.13.0.80073
2025-02-18 23:55:05,303 - org.sonarlint.eclipse.ui - 7.13.0.80073
2025-02-18 23:55:05,304 - org.sonarsource.sonarlint.core.sonarlint-core-osgi - 9.0.0.74282
2025-02-18 23:55:05,307 - org.sonarlint.eclipse.cdt - 7.13.0.80073
2025-02-18 23:55:05,309 - org.sonarlint.eclipse.jdt - 7.13.0.80073
2025-02-18 23:55:05,310 - org.sonarlint.eclipse.m2e - 7.13.0.80073
2025-02-18 23:55:05,313 - org.jetbrains.kotlin.osgi-bundle - 1.6.21
2025-02-18 23:55:05,316 - org.slf4j.api - 1.7.30.v20221112-0806
2025-02-18 23:55:05,325 - org.eclipse.emf.codegen.ui - 2.23.0.v20210412-0833
2025-02-18 23:55:05,335 - org.eclipse.datatools.enablement.sqlite - 1.3.0.202305310959
2025-02-18 23:55:05,349 - org.eclipse.datatools.enablement.sqlite.dbdefinition - 1.3.0.202305310959
2025-02-18 23:55:05,351 - org.eclipse.datatools.enablement.sqlite.ui - 1.3.0.202305310959
2025-02-18 23:55:05,352 - org.eclipse.datatools.enablement.finfo - 1.8.0.202305310959
2025-02-18 23:55:05,385 - org.eclipse.jpt.common.utility - 2.4.1.v202301061019
2025-02-18 23:55:05,388 - org.eclipse.jpt.common.core - 1.5.1.v202301061019
2025-02-18 23:55:05,390 - org.eclipse.jpt.common.ui - 1.4.201.v202301061019
2025-02-18 23:55:05,393 - org.eclipse.jpt.common.branding - 1.4.1.v201902121834
2025-02-18 23:55:05,403 - jsonedit-core - 1.1.3
2025-02-18 23:55:05,404 - jsonedit-folding - 1.1.3
2025-02-18 23:55:05,404 - jsonedit-model - 1.1.3
2025-02-18 23:55:05,405 - jsonedit-outline - 1.1.3
2025-02-18 23:55:05,405 - jsonedit-preferences - 1.1.3
2025-02-18 23:55:05,406 - jsonedit-text - 1.1.3
2025-02-18 23:55:05,406 - jsonedit-editor - 1.1.3
2025-02-18 23:55:05,429 - org.eclipse.emf.converter - 2.11.0.v20220706-1313
2025-02-18 23:55:05,437 - org.eclipse.emf.importer - 2.12.0.v20190321-1539
2025-02-18 23:55:05,450 - org.eclipse.emf.exporter - 2.10.0.v20190321-1530
2025-02-18 23:55:05,454 - org.eclipse.emf.importer.ecore - 2.10.0.v20200324-0723
2025-02-18 23:55:05,457 - org.eclipse.emf.importer.java - 2.11.0.v20200324-0723
2025-02-18 23:55:05,459 - org.eclipse.emf.importer.rose - 2.11.0.v20210405-0904
2025-02-18 23:55:05,467 - org.eclipse.emf.edit.ui - 2.22.0.v20220619-0533
2025-02-18 23:55:05,485 - org.eclipse.persistence.moxy - 2.7.3.v20180807-4be1041
2025-02-18 23:55:05,488 - org.eclipse.jpt.jaxb.eclipselink.core - 1.3.201.v201902121834
2025-02-18 23:55:05,494 - org.eclipse.jpt.jaxb.eclipselink.ui - 1.4.201.v201902121834
2025-02-18 23:55:05,498 - org.eclipse.jpt.jaxb.eclipselink.core.schemagen - 1.2.202.v202104080213
2025-02-18 23:55:05,498 - org.eclipse.jpt.jaxb.eclipselink.branding - 1.4.101.v201902121834
2025-02-18 23:55:05,505 - de.anbos.eclipse.easyshell.plugin - 2.3.0.v20230630-1658
2025-02-18 23:55:05,515 - org.eclipse.sequoyah.vnc.vncviewer.vncviews - 2.1.0.N20120718-0509
2025-02-18 23:55:05,522 - org.jdom - 1.1.1.v201101151400
2025-02-18 23:55:05,523 - org.eclipse.jst.ws.cxf.consumption.core - 1.0.400.v201902162149
2025-02-18 23:55:05,525 - org.eclipse.jst.ws.cxf.consumption.ui - 1.0.500.v201910301957
2025-02-18 23:55:05,525 - org.eclipse.jst.ws.cxf.core - 1.1.600.v202107101953
2025-02-18 23:55:05,526 - org.eclipse.jst.ws.cxf.creation.core - 1.0.500.v201902162149
2025-02-18 23:55:05,527 - org.eclipse.jst.ws.cxf.creation.ui - 1.0.400.v201910301957
2025-02-18 23:55:05,528 - org.eclipse.jst.ws.cxf.ui - 1.0.500.v202104210249
2025-02-18 23:55:05,530 - javax.wsdl - 1.6.2.v201012040545
2025-02-18 23:55:05,531 - javax.jws - 2.0.0.v201005080400
2025-02-18 23:55:05,536 - jakarta.xml.bind - 2.3.3.v20221203-1659
2025-02-18 23:55:05,538 - javax.xml.stream - 1.0.1.v201004272200
2025-02-18 23:55:05,539 - javax.xml.ws - 2.1.0.v200902101523
2025-02-18 23:55:05,549 - org.eclipse.datatools.sqltools.common.ui - 1.3.0.202311071249
2025-02-18 23:55:05,553 - org.eclipse.datatools.sqltools.debugger.core - 1.3.0.202311071249
2025-02-18 23:55:05,555 - org.eclipse.datatools.sqltools.editor.core - 1.3.0.202311071249
2025-02-18 23:55:05,556 - org.eclipse.datatools.sqltools.plan - 1.3.0.202311071249
2025-02-18 23:55:05,556 - org.eclipse.datatools.sqltools.routineeditor - 1.3.0.202311071249
2025-02-18 23:55:05,557 - org.eclipse.datatools.sqltools.sql - 1.3.0.202311071249
2025-02-18 23:55:05,558 - org.eclipse.datatools.sqltools.sqleditor - 1.3.0.202311071249
2025-02-18 23:55:05,571 - org.eclipse.datatools.sqltools.sqlscrapbook - 1.3.0.202311071249
2025-02-18 23:55:05,572 - org.eclipse.datatools.help - 1.8.0.202311071249
2025-02-18 23:55:05,574 - org.eclipse.datatools.sqltools.db.generic - 1.3.0.202311071249
2025-02-18 23:55:05,576 - org.eclipse.datatools.sqltools.debugger.core.ui - 1.3.0.202311071249
2025-02-18 23:55:05,577 - org.eclipse.datatools.sqltools.editor.core.ui - 1.3.0.202311071249
2025-02-18 23:55:05,581 - org.eclipse.datatools.sqltools.result.ui - 1.4.0.202311071249
2025-02-18 23:55:05,582 - org.eclipse.datatools.sqltools.routineeditor.ui - 1.3.0.202311071249
2025-02-18 23:55:05,582 - org.eclipse.datatools.sqltools.sql.ui - 1.3.0.202311071249
2025-02-18 23:55:05,604 - org.eclipse.m2e.wtp.jsf - 1.6.0.20230118-0812
2025-02-18 23:55:05,611 - org.objectweb.asm - 9.6
2025-02-18 23:55:05,612 - org.eclipse.andmore - 0.5.1.201701251432
2025-02-18 23:55:05,613 - org.eclipse.andmore.base - 0.5.1.201701251432
2025-02-18 23:55:05,613 - org.eclipse.andmore.ddms - 0.5.1.201701251432
2025-02-18 23:55:05,615 - org.eclipse.andmore.overlay - 0.5.1.201701251432
2025-02-18 23:55:05,616 - org.apache.commons.codec - 1.14.0.v20221112-0806
2025-02-18 23:55:05,619 - org.apache.commons.compress - 1.21.0.v20211103-2100
2025-02-18 23:55:05,625 - org.apache.httpcomponents.httpclient - 4.5.13.v20221112-0806
2025-02-18 23:55:05,626 - org.apache.httpcomponents.httpcore - 4.4.15.v20220209-2345
2025-02-18 23:55:05,639 - org.eclipse.datatools.modelbase.dbdefinition - 1.3.0.202305310959
2025-02-18 23:55:05,640 - org.eclipse.datatools.modelbase.sql.edit - 1.3.0.202305310959
2025-02-18 23:55:05,641 - org.eclipse.datatools.modelbase.sql.query - 1.4.0.202305310959
2025-02-18 23:55:05,642 - org.eclipse.datatools.modelbase.sql.query.edit - 1.3.0.202305310959
2025-02-18 23:55:05,643 - org.eclipse.datatools.modelbase.sql.xml.query - 1.3.0.202305310959
2025-02-18 23:55:05,644 - org.eclipse.datatools.modelbase.sql - 1.3.0.202305310959
2025-02-18 23:55:05,652 - org.eclipse.emf.mapping - 2.12.0.v20181104-0733
2025-02-18 23:55:05,666 - org.eclipse.jpt.jaxb.core - 1.4.101.v201902121834
2025-02-18 23:55:05,668 - org.eclipse.jpt.jaxb.core.schemagen - 1.1.202.v202104080213
2025-02-18 23:55:05,669 - org.eclipse.jpt.jaxb.ui - 1.5.200.v202301061019
2025-02-18 23:55:05,669 - org.eclipse.jpt.jaxb.branding - 1.4.1.v201902121834
2025-02-18 23:55:05,681 - org.eclipse.emf.mapping.ecore.editor - 2.8.0.v20180706-1146
2025-02-18 23:55:05,682 - org.eclipse.emf.mapping.ecore2ecore.editor - 2.10.0.v20181104-0733
2025-02-18 23:55:05,689 - org.eclipse.emf.mapping.ecore2xml.ui - 2.12.0.v20190528-0725
2025-02-18 23:55:05,693 - org.eclipse.datatools.enablement.finfo - 1.8.0.202305310959
2025-02-18 23:55:05,694 - org.eclipse.datatools.sqltools.db.derby.ui - 1.3.0.202305310959
2025-02-18 23:55:05,695 - org.eclipse.datatools.sqltools.db.generic.ui - 1.3.0.202305310959
2025-02-18 23:55:05,706 - org.eclipse.jst.ws.axis2.core - 1.0.300.v201903050508
2025-02-18 23:55:05,707 - org.eclipse.jst.ws.axis2.ui - 1.0.400.v201903050508
2025-02-18 23:55:05,708 - org.eclipse.jst.ws.axis2.consumption.core - 1.0.200.v201903050508
2025-02-18 23:55:05,709 - org.eclipse.jst.ws.axis2.consumption.ui - 1.0.200.v201903050508
2025-02-18 23:55:05,711 - org.eclipse.jst.ws.axis2.creation.core - 1.0.200.v201903050508
2025-02-18 23:55:05,712 - org.eclipse.jst.ws.axis2.creation.ui - 1.0.200.v201903050508
2025-02-18 23:55:05,714 - org.eclipse.jst.ws.axis2.ui.doc.user - 1.0.200.v201903222115
2025-02-18 23:55:05,719 - org.testng.eclipse - 7.8.0.202308061717
2025-02-18 23:55:05,729 - org.eclipse.emf.ecore.edit - 2.13.0.v20190822-1451
2025-02-18 23:55:05,729 - org.eclipse.emf.ecore.change.edit - 2.8.0.v20180706-1146
2025-02-18 23:55:05,737 - org.eclipse.sequoyah.vnc.protocol - 2.1.0.N20120718-0509
2025-02-18 23:55:05,749 - org.eclipse.persistence.antlr - 3.5.2.v201711011707
2025-02-18 23:55:05,752 - org.eclipse.persistence.asm - 6.2.0.v201808041549
2025-02-18 23:55:05,760 - org.eclipse.persistence.core - 2.7.3.v20180807-4be1041
2025-02-18 23:55:05,771 - org.eclipse.persistence.jpa - 2.7.3.v20180807-4be1041
2025-02-18 23:55:05,773 - org.eclipse.jpt.jpa.eclipselink.core - 2.4.101.v201902121834
2025-02-18 23:55:05,775 - org.eclipse.jpt.jpa.eclipselink.ui - 2.4.101.v202301061019
2025-02-18 23:55:05,776 - org.eclipse.jpt.jpa.eclipselink.core.ddlgen - 2.2.201.v201902121834
2025-02-18 23:55:05,776 - org.eclipse.jpt.jpa.eclipselink.branding - 3.4.1.v201902121834
2025-02-18 23:55:05,793 - org.eclipse.emf.mapping.ecore - 2.8.0.v20180706-1146
2025-02-18 23:55:05,793 - org.eclipse.emf.mapping.ecore2ecore - 2.11.0.v20180706-1146
2025-02-18 23:55:05,797 - org.eclipse.emf.mapping.ecore2xml - 2.11.0.v20180706-1146
2025-02-18 23:55:05,806 - org.eclipse.andmore.traceview - 0.5.1.201701251432
2025-02-18 23:55:05,814 - org.eclipse.m2e.wtp.jpa - 1.6.0.20230118-0812
2025-02-18 23:55:05,822 - org.eclipse.sequoyah.localization.android - 2.1.0.N20120718-0509
2025-02-18 23:55:05,825 - org.eclipse.sequoyah.localization.android.help - 2.1.1.N20120718-0509
2025-02-18 23:55:05,839 - org.eclipse.emf.codegen - 2.22.0.v20210420-0623
2025-02-18 23:55:05,848 - org.eclipse.wst.sse.ui - 1.7.600.v202211200019
2025-02-18 23:55:05,850 - org.eclipse.wst.xml.ui - 1.2.700.v202305221615
2025-02-18 23:55:05,857 - org.eclipse.emf - 2.8.0.v20180706-1146
2025-02-18 23:55:05,863 - org.eclipse.datatools.doc.user - 1.15.0.202311071249
2025-02-18 23:55:05,864 - org.eclipse.datatools.oda.cshelp - 1.5.0.202311071249
2025-02-18 23:55:05,864 - org.eclipse.datatools.help - 1.8.0.202311071249
2025-02-18 23:55:05,871 - org.eclipse.jst.ws.jaxws.core - 1.0.600.v202104210249
2025-02-18 23:55:05,871 - org.eclipse.jst.ws.jaxws.ui - 1.0.600.v202008101342
2025-02-18 23:55:05,872 - javax.xml.ws - 2.1.0.v200902101523
2025-02-18 23:55:05,872 - javax.jws - 2.0.0.v201005080400
2025-02-18 23:55:05,873 - org.eclipse.jst.ws.annotations.core - 1.2.200.v202008101342
2025-02-18 23:55:05,873 - jakarta.xml.bind - 2.3.3.v20221203-1659
2025-02-18 23:55:05,873 - javax.xml.stream - 1.0.1.v201004272200
2025-02-18 23:55:05,874 - org.eclipse.jst.ws.jaxb.core - 1.0.200.v201902162203
2025-02-18 23:55:05,874 - javax.wsdl - 1.6.2.v201012040545
2025-02-18 23:55:05,874 - org.jdom - 1.1.1.v201101151400
2025-02-18 23:55:05,880 - org.contextmapper.dsl - 6.11.0
2025-02-18 23:55:05,881 - org.contextmapper.dsl.ide - 6.11.0
2025-02-18 23:55:05,882 - org.contextmapper.dsl.ui - 6.11.0
2025-02-18 23:55:05,887 - org.eclipse.draw2d - 3.14.100.202311222042
2025-02-18 23:55:05,907 - org.tigris.subversion.clientadapter.svnkit - 1.8.12.3
2025-02-18 23:55:05,918 - org.eclipse.emf.edit - 2.17.0.v20220201-1551
2025-02-18 23:55:05,926 - edu.umd.cs.findbugs.plugin.eclipse - 3.0.1.20150306-5afe4d1
2025-02-18 23:55:05,933 - com.github.spotbugs.plugin.eclipse - 4.7.3.r202210170504-fa9e53a
2025-02-18 23:55:05,939 - org.eclipse.wst.json.ui - 1.0.700.v202305221615
2025-02-18 23:55:05,940 - org.eclipse.wst.json.bower.ui - 1.0.300.v202305221615
2025-02-18 23:55:05,941 - org.eclipse.wst.json.eslint.ui - 1.0.300.v202305221615
2025-02-18 23:55:05,942 - org.eclipse.wst.json.jshint.ui - 1.0.300.v202305221615
2025-02-18 23:55:05,942 - org.eclipse.wst.json.npm.ui - 1.0.200.v202305221615
2025-02-18 23:55:05,952 - org.eclipse.emf.databinding.edit - 1.7.0.v20210113-0340
2025-02-18 23:55:05,964 - org.eclipse.emf.codegen.ecore - 2.32.0.v20221121-1400
2025-02-18 23:55:05,966 - org.eclipse.emf.ant - 2.11.0.v20200324-0723
2025-02-18 23:55:05,976 - org.eclipse.andmore.ndk - 0.5.1.201701251432
2025-02-18 23:55:05,982 - org.eclipse.andmore.gldebugger - 0.5.1.201701251432
2025-02-18 23:55:05,986 - com.amashchenko.eclipse.strutsclipse.tiles - 1.5.0.201803051747
2025-02-18 23:55:05,994 - com.amashchenko.eclipse.strutsclipse.plugin - 1.5.0.201803051747
2025-02-18 23:55:05,999 - org.eclipse.andmore.android.certmanager - 0.5.1.201701251432
2025-02-18 23:55:06,006 - net.mihai-nita.ansicon.plugin - 1.4.8.202208270854
2025-02-18 23:55:06,015 - org.eclipse.cdt.gdb - 7.2.0.202211062329
2025-02-18 23:55:06,017 - org.eclipse.cdt.gdb.ui - 7.2.0.202211062329
2025-02-18 23:55:06,030 - org.eclipse.sequoyah.localization.tools - 2.1.0.N20120718-0509
2025-02-18 23:55:06,030 - org.eclipse.sequoyah.localization.editor - 2.1.0.N20120718-0509
2025-02-18 23:55:06,042 - org.eclipse.m2e.wtp.jaxrs - 1.6.0.20230118-0812
2025-02-18 23:55:06,048 - org.eclipse.datatools.sqltools.sql - 1.3.0.202311071249
2025-02-18 23:55:06,048 - org.eclipse.datatools.sqltools.common.ui - 1.3.0.202311071249
2025-02-18 23:55:06,048 - org.eclipse.datatools.sqltools.plan - 1.3.0.202311071249
2025-02-18 23:55:06,048 - org.eclipse.datatools.sqltools.editor.core - 1.3.0.202311071249
2025-02-18 23:55:06,048 - org.eclipse.datatools.sqltools.sqleditor - 1.3.0.202311071249
2025-02-18 23:55:06,049 - org.eclipse.datatools.sqltools.ddlgen.ui - 1.3.0.202311071249
2025-02-18 23:55:06,049 - org.eclipse.datatools.connectivity.db.generic - 1.3.0.202311071249
2025-02-18 23:55:06,050 - org.eclipse.datatools.sqltools.editor.core.ui - 1.3.0.202311071249
2025-02-18 23:55:06,050 - org.eclipse.datatools.sqltools.sql.ui - 1.3.0.202311071249
2025-02-18 23:55:06,060 - org.eclipse.cdt.dsf.gdb - 7.0.0.202211221643
2025-02-18 23:55:06,061 - org.eclipse.cdt.dsf.gdb.ui - 2.8.0.202211062329
2025-02-18 23:55:06,066 - org.eclipse.emf.common.ui - 2.20.0.v20220226-1304
2025-02-18 23:55:06,073 - org.eclipse.sequoyah.device.common.utilities - 2.1.0.N20120718-0509
2025-02-18 23:55:06,082 - org.eclipse.andmore.android.common - 0.5.1.201701251432
2025-02-18 23:55:06,083 - org.eclipse.andmore.android.codeutils - 0.5.1.201701251432
2025-02-18 23:55:06,083 - org.eclipse.andmore.android.translation - 0.5.1.201701251432
2025-02-18 23:55:06,086 - org.eclipse.andmore.android.codesnippets - 0.5.1.201701251432
2025-02-18 23:55:06,088 - org.eclipse.andmore.android.db.core - 0.5.1.201701251432
2025-02-18 23:55:06,088 - org.eclipse.andmore.android.logger - 0.5.1.201701251432
2025-02-18 23:55:06,094 - org.eclipse.andmore.android - 0.5.1.201701251432
2025-02-18 23:55:06,106 - org.eclipse.andmore.android.emulator - 0.5.1.201701251432
2025-02-18 23:55:06,109 - org.eclipse.andmore.android.launch - 0.5.1.201701251432
2025-02-18 23:55:06,113 - org.eclipse.andmore.android.packaging.ui - 0.5.1.201701251432
2025-02-18 23:55:06,116 - org.eclipse.andmore.android.handset - 0.5.1.201701251432
2025-02-18 23:55:06,117 - org.eclipse.andmore.android.remote - 0.5.1.201701251432
2025-02-18 23:55:06,118 - org.eclipse.andmore.android.win32.x86_64 - 0.5.1.201701251432
2025-02-18 23:55:06,119 - org.eclipse.andmore.android.mat - 0.5.1.201701251432
2025-02-18 23:55:06,123 - org.eclipse.andmore.android.devices.services - 0.5.1.201701251432
2025-02-18 23:55:06,124 - org.eclipse.andmore.android.db.devices - 0.5.1.201701251432
2025-02-18 23:55:06,125 - org.eclipse.andmore.android.installer - 0.5.1.201701251432
2025-02-18 23:55:06,127 - org.eclipse.andmore.android.logger.collector - 0.5.1.201701251432
2025-02-18 23:55:06,138 - org.eclipse.emf.mapping.ui - 2.10.0.v20181104-0733
2025-02-18 23:55:06,148 - net.sf.eclipsecs.branding - 10.9.3.202308241720
2025-02-18 23:55:06,148 - net.sf.eclipsecs.core - 10.9.3.202308242329
2025-02-18 23:55:06,149 - net.sf.eclipsecs.doc - 10.9.3.202308241720
2025-02-18 23:55:06,175 - net.sf.eclipsecs.checkstyle - 10.9.3.202308242329
2025-02-18 23:55:06,176 - net.sf.eclipsecs.ui - 10.9.3.202308241720
2025-02-18 23:55:06,186 - org.eclipse.sequoyah.vnc.vncviewer - 2.1.0.N20120718-0509
2025-02-18 23:55:06,194 - org.eclipse.emf.codegen.ecore.ui - 2.32.0.v20220925-1245
2025-02-18 23:55:06,205 - org.eclipse.emf.ecore.editor - 2.17.0.v20190528-0725
2025-02-18 23:55:06,215 - org.eclipse.jpt.common.eclipselink.core - 1.3.400.v202208190239
2025-02-18 23:55:06,217 - org.eclipse.jpt.common.eclipselink.branding - 1.3.101.v201902121834
2025-02-18 23:55:06,224 - org.tigris.subversion.subclipse.graph - 4.2.0.1
2025-02-18 23:55:06,236 - org.eclipse.emf.databinding - 1.6.0.v20220517-0824
2025-02-18 23:55:06,244 - org.eclipse.datatools.connectivity.sqm.core.ui - 1.5.0.202311071249
2025-02-18 23:55:06,249 - org.eclipse.datatools.connectivity.sqm.core - 1.6.0.202311071345
2025-02-18 23:55:06,250 - org.eclipse.datatools.connectivity.sqm.server.ui - 1.4.0.202311071249
2025-02-18 23:55:06,251 - org.eclipse.datatools.connectivity.ui.dse - 1.4.0.202311071249
2025-02-18 23:55:06,252 - org.eclipse.datatools.connectivity.ui - 1.5.0.202311071249
2025-02-18 23:55:06,253 - org.eclipse.datatools.connectivity - 1.15.0.202311071249
2025-02-18 23:55:06,253 - org.eclipse.datatools.help - 1.8.0.202311071249
2025-02-18 23:55:06,254 - org.eclipse.datatools.connectivity.console.profile - 1.3.0.202311071249
2025-02-18 23:55:06,263 - org.eclipse.cdt.core.native - 6.3.0.202211062329
2025-02-18 23:55:06,264 - org.eclipse.cdt.core.win32 - 6.1.0.202211062329
2025-02-18 23:55:06,267 - org.eclipse.cdt.core.win32.x86_64 - 6.1.0.202211300214
2025-02-18 23:55:06,268 - org.eclipse.cdt.native.serial - 1.3.0.202211300214
2025-02-18 23:55:06,275 - org.eclipse.cdt.launch - 10.4.0.202211062329
2025-02-18 23:55:06,285 - javax.el - 2.2.0.v201303151357
2025-02-18 23:55:06,287 - jakarta.servlet-api - 4.0.0
2025-02-18 23:55:06,288 - javax.servlet.jsp-api - 2.3.3
2025-02-18 23:55:06,295 - com.sun.el - 2.2.0.v201303151357
2025-02-18 23:55:06,297 - org.apache.jasper.glassfish - 2.2.2.v201501141630
2025-02-18 23:55:06,303 - org.apache.lucene.analyzers-common - 8.4.1.v20221112-0806
2025-02-18 23:55:06,311 - org.apache.lucene.core - 9.7.0.v20230703-0758
2025-02-18 23:55:06,314 - org.apache.lucene.analyzers-smartcn - 8.4.1.v20221112-0806
2025-02-18 23:55:06,315 - org.eclipse.equinox.http.jetty - 3.8.200.v20221109-0702
2025-02-18 23:55:06,316 - org.eclipse.equinox.http.registry - 1.3.200.v20220720-2012
2025-02-18 23:55:06,316 - org.eclipse.equinox.http.servlet - 1.7.400.v20221006-1531
2025-02-18 23:55:06,317 - org.eclipse.equinox.jsp.jasper - 1.1.700.v20220801-1124
2025-02-18 23:55:06,317 - org.eclipse.equinox.jsp.jasper.registry - 1.2.100.v20211021-1418
2025-02-18 23:55:06,318 - org.eclipse.help.base - 4.3.900.v20221123-1800
2025-02-18 23:55:06,326 - org.eclipse.help.ui - 4.4.100.v20220619-1918
2025-02-18 23:55:06,326 - org.eclipse.help.webapp - 3.10.900.v20221103-0933
2025-02-18 23:55:06,327 - org.eclipse.jetty.http - 10.0.12
2025-02-18 23:55:06,328 - org.eclipse.jetty.io - 10.0.12
2025-02-18 23:55:06,329 - org.eclipse.jetty.security - 10.0.12
2025-02-18 23:55:06,330 - org.eclipse.jetty.server - 10.0.12
2025-02-18 23:55:06,331 - org.eclipse.jetty.servlet - 10.0.12
2025-02-18 23:55:06,331 - org.eclipse.jetty.util - 10.0.12
2025-02-18 23:55:06,332 - org.eclipse.jetty.util.ajax - 10.0.12
2025-02-18 23:55:06,333 - org.eclipse.core.net - 1.4.0.v20220813-1037
2025-02-18 23:55:06,334 - org.eclipse.equinox.security - 1.3.1000.v20220801-1135
2025-02-18 23:55:06,340 - org.eclipse.egit.gitflow - 6.4.0.202211300538-r
2025-02-18 23:55:06,340 - org.eclipse.egit.gitflow.ui - 6.4.0.202211300538-r
2025-02-18 23:55:06,350 - org.eclipse.tm.terminal.connector.ssh - 4.8.0.202211062329
2025-02-18 23:55:06,358 - org.eclipse.mylyn.wikitext - 3.0.45.202211090110
2025-02-18 23:55:06,371 - org.eclipse.mylyn.wikitext.ant - 3.0.45.202211090110
2025-02-18 23:55:06,373 - org.eclipse.mylyn.wikitext.osgi - 3.0.45.202211090110
2025-02-18 23:55:06,376 - org.eclipse.mylyn.wikitext.asciidoc - 3.0.45.202211090110
2025-02-18 23:55:06,378 - org.eclipse.mylyn.wikitext.textile - 3.0.45.202211090110
2025-02-18 23:55:06,379 - org.eclipse.mylyn.wikitext.html - 3.0.45.202211090110
2025-02-18 23:55:06,380 - org.eclipse.mylyn.wikitext.markdown - 3.0.45.202211090110
2025-02-18 23:55:06,381 - org.eclipse.mylyn.wikitext.mediawiki - 3.0.45.202211090110
2025-02-18 23:55:06,383 - org.eclipse.mylyn.wikitext.confluence - 3.0.45.202211090110
2025-02-18 23:55:06,385 - org.eclipse.mylyn.wikitext.tracwiki - 3.0.45.202211090110
2025-02-18 23:55:06,387 - org.eclipse.mylyn.wikitext.twiki - 3.0.45.202211090110
2025-02-18 23:55:06,388 - org.eclipse.mylyn.wikitext.ui - 3.0.45.202211090110
2025-02-18 23:55:06,392 - org.eclipse.mylyn.wikitext.help.ui - 3.0.45.202211090110
2025-02-18 23:55:06,393 - org.eclipse.mylyn.wikitext.asciidoc.ui - 3.0.45.202211090110
2025-02-18 23:55:06,394 - org.eclipse.mylyn.wikitext.textile.ui - 3.0.45.202211090110
2025-02-18 23:55:06,394 - org.eclipse.mylyn.wikitext.markdown.ui - 3.0.45.202211090110
2025-02-18 23:55:06,396 - org.eclipse.mylyn.wikitext.mediawiki.ui - 3.0.45.202211090110
2025-02-18 23:55:06,398 - org.eclipse.mylyn.wikitext.confluence.ui - 3.0.45.202211090110
2025-02-18 23:55:06,399 - org.eclipse.mylyn.wikitext.tracwiki.ui - 3.0.45.202211090110
2025-02-18 23:55:06,400 - org.eclipse.mylyn.wikitext.twiki.ui - 3.0.45.202211090110
2025-02-18 23:55:06,405 - org.eclipse.m2e.logback - 2.1.0.20221015-0744
2025-02-18 23:55:06,412 - org.eclipse.buildship.compat - 3.1.6.v20220511-1359
2025-02-18 23:55:06,413 - org.eclipse.buildship.core - 3.1.6.v20220511-1359
2025-02-18 23:55:06,413 - org.eclipse.buildship.ui - 3.1.6.v20220511-1359
2025-02-18 23:55:06,413 - org.eclipse.buildship.branding - 3.1.6.v20220511-1359
2025-02-18 23:55:06,419 - org.eclipse.egit.core - 6.4.0.202211300538-r
2025-02-18 23:55:06,422 - org.eclipse.egit.ui - 6.4.0.202211300538-r
2025-02-18 23:55:06,426 - org.eclipse.egit - 6.4.0.202211300538-r
2025-02-18 23:55:06,427 - org.eclipse.egit.doc - 6.4.0.202211300538-r
2025-02-18 23:55:06,438 - org.eclipse.justj.openjdk.hotspot.jre.full - 17.0.6.v20230125-1136
2025-02-18 23:55:06,440 - org.eclipse.justj.openjdk.hotspot.jre.full.win32.x86_64 - 17.0.6.v20230125-1136
2025-02-18 23:55:06,451 - org.eclipse.userstorage - 1.2.0.v20210517-0327
2025-02-18 23:55:06,452 - org.eclipse.userstorage.ui - 1.1.0.v20190307-0457
2025-02-18 23:55:06,452 - org.eclipse.userstorage.oauth - 1.1.0.v20190307-0457
2025-02-18 23:55:06,463 - org.eclipse.m2e.wtp - 1.5.2.20220906-1452
2025-02-18 23:55:06,465 - org.eclipse.m2e.wtp.overlay - 1.5.0.20220805-2025
2025-02-18 23:55:06,466 - org.eclipse.m2e.wtp.overlay.ui - 1.5.0.20220805-2025
2025-02-18 23:55:06,474 - org.eclipse.tm.terminal.view.core - 4.9.0.202211062329
2025-02-18 23:55:06,475 - org.eclipse.tm.terminal.view.ui - 4.11.0.202211062329
2025-02-18 23:55:06,483 - org.eclipse.jgit.http.apache - 6.4.0.202211300538-r
2025-02-18 23:55:06,510 - org.eclipse.m2e.archetype.common - 3.2.102.20221130-2149
2025-02-18 23:55:06,511 - org.eclipse.m2e.model.edit - 2.0.100.20221115-1709
2025-02-18 23:55:06,515 - org.eclipse.m2e.core - 2.0.5.20221128-1757
2025-02-18 23:55:06,515 - org.eclipse.m2e.launching - 2.0.2.20221122-2012
2025-02-18 23:55:06,516 - org.eclipse.m2e.workspace.cli - 0.3.1
2025-02-18 23:55:06,516 - org.eclipse.m2e.jdt - 2.0.4.20221130-2135
2025-02-18 23:55:06,518 - org.eclipse.m2e.editor - 2.0.2.20221115-1709
2025-02-18 23:55:06,520 - org.eclipse.m2e.maven.runtime - 3.8.604.20221130-2149
2025-02-18 23:55:06,521 - org.eclipse.m2e.refactoring - 2.0.2.20221115-1709
2025-02-18 23:55:06,522 - org.eclipse.m2e.discovery - 2.0.1.20221101-1753
2025-02-18 23:55:06,522 - org.eclipse.m2e.core.ui - 2.0.2.20221113-1617
2025-02-18 23:55:06,524 - org.eclipse.m2e.scm - 2.0.1.20221101-1753
2025-02-18 23:55:06,524 - org.eclipse.m2e.jdt.ui - 2.0.1.20221115-1709
2025-02-18 23:55:06,525 - org.eclipse.m2e.profiles.core - 2.1.0.20221110-1338
2025-02-18 23:55:06,526 - org.eclipse.m2e.profiles.ui - 2.0.1.20221101-1753
2025-02-18 23:55:06,526 - org.eclipse.m2e.sourcelookup - 2.0.1.20221118-1906
2025-02-18 23:55:06,527 - org.eclipse.m2e.sourcelookup.ui - 2.0.1.20221118-1906
2025-02-18 23:55:06,527 - org.eclipse.m2e.binaryproject - 2.1.0.20221115-1709
2025-02-18 23:55:06,528 - org.eclipse.m2e.binaryproject.ui - 2.0.0.20220705-1221
2025-02-18 23:55:06,528 - org.eclipse.m2e.apt.core - 2.0.2.20221020-0713
2025-02-18 23:55:06,529 - org.eclipse.m2e.apt.ui - 2.0.2.20221115-1709
2025-02-18 23:55:06,529 - org.eclipse.m2e.mavenarchiver - 2.0.2.20221115-1709
2025-02-18 23:55:06,538 - org.eclipse.help - 3.9.100.v20210721-0601
2025-02-18 23:55:06,540 - org.eclipse.ui - 3.201.200.v20221024-2137
2025-02-18 23:55:06,540 - org.eclipse.ui.workbench - 3.127.0.v20221024-2137
2025-02-18 23:55:06,541 - org.eclipse.update.configurator - 3.4.1000.v20221114-1512
2025-02-18 23:55:06,542 - org.eclipse.rcp - 4.26.0.v20221123-1800
2025-02-18 23:55:06,543 - com.ibm.icu - 74.1
2025-02-18 23:55:06,556 - org.eclipse.jgit.lfs - 6.4.0.202211300538-r
2025-02-18 23:55:06,557 - org.eclipse.jgit.lfs.server - 6.4.0.202211300538-r
2025-02-18 23:55:06,563 - org.eclipse.epp.mpc.core - 1.10.1.v20221110-1841
2025-02-18 23:55:06,564 - org.eclipse.epp.mpc.core.win32 - 1.10.1.v20221110-1841
2025-02-18 23:55:06,567 - org.eclipse.epp.mpc.ui - 1.10.1.v20221110-1841
2025-02-18 23:55:06,570 - org.eclipse.epp.mpc.ui.css - 1.10.1.v20221110-1841
2025-02-18 23:55:06,572 - org.eclipse.epp.mpc.help.ui - 1.10.1.v20221110-1841
2025-02-18 23:55:06,583 - org.eclipse.jgit.gpg.bc - 6.4.0.202211300538-r
2025-02-18 23:55:06,611 - org.eclipse.pde - 3.13.2100.v20221123-1800
2025-02-18 23:55:06,617 - org.eclipse.pde.build - 3.11.400.v20220923-1253
2025-02-18 23:55:06,624 - org.eclipse.pde.core - 3.16.0.v20221119-0340
2025-02-18 23:55:06,625 - org.eclipse.pde.junit.runtime - 3.6.200.v20220523-1051
2025-02-18 23:55:06,625 - org.eclipse.pde.runtime - 3.7.500.v20221012-2030
2025-02-18 23:55:06,637 - org.eclipse.pde.ui - 3.13.700.v20221114-1716
2025-02-18 23:55:06,638 - org.eclipse.pde.doc.user - 3.14.1800.v20221121-0559
2025-02-18 23:55:06,653 - org.eclipse.pde.ui.templates - 3.7.700.v20220802-1520
2025-02-18 23:55:06,653 - org.eclipse.pde.api.tools - 1.2.1100.v20221114-1728
2025-02-18 23:55:06,655 - org.eclipse.pde.api.tools.annotations - 1.1.500.v20220813-1730
2025-02-18 23:55:06,657 - org.eclipse.pde.api.tools.ui - 1.2.700.v20220329-0844
2025-02-18 23:55:06,658 - org.eclipse.pde.ds.core - 1.2.500.v20220411-2005
2025-02-18 23:55:06,660 - org.eclipse.pde.ds.ui - 1.2.300.v20220310-2159
2025-02-18 23:55:06,662 - org.eclipse.pde.launching - 3.10.200.v20221108-1157
2025-02-18 23:55:06,663 - org.eclipse.pde.ua.core - 1.2.300.v20211004-0555
2025-02-18 23:55:06,664 - org.eclipse.pde.ua.ui - 1.2.400.v20220317-0700
2025-02-18 23:55:06,668 - org.eclipse.ui.trace - 1.2.200.v20220310-2159
2025-02-18 23:55:06,671 - org.eclipse.pde.ds.annotations - 1.2.500.v20220811-0944
2025-02-18 23:55:06,671 - org.eclipse.pde.genericeditor.extension - 1.1.300.v20220810-1011
2025-02-18 23:55:06,679 - org.eclipse.tools.layout.spy - 1.1.100.v20221111-1233
2025-02-18 23:55:06,679 - org.eclipse.pde.spy.core - 1.0.200.v20220331-1637
2025-02-18 23:55:06,683 - org.eclipse.pde.spy.model - 0.12.400.v20220621-1036
2025-02-18 23:55:06,684 - org.eclipse.pde.spy.css - 0.12.300.v20220512-1208
2025-02-18 23:55:06,685 - org.eclipse.pde.spy.preferences - 0.12.300.v20220512-1208
2025-02-18 23:55:06,687 - org.eclipse.pde.spy.context - 1.0.400.v20221119-0340
2025-02-18 23:55:06,690 - org.eclipse.pde.spy.bundle - 0.12.200.v20220512-1208
2025-02-18 23:55:06,692 - org.eclipse.pde.spy.event - 1.0.100.v20221114-1716
2025-02-18 23:55:06,699 - org.eclipse.jgit.ssh.apache - 6.4.0.202211300538-r
2025-02-18 23:55:06,700 - org.eclipse.jgit.ssh.apache.agent - 6.4.0.202211300538-r
2025-02-18 23:55:06,711 - org.eclipse.jdt - 3.18.1400.v20221123-1800
2025-02-18 23:55:06,712 - org.eclipse.ant.ui - 3.8.300.v20220718-1722
2025-02-18 23:55:06,713 - org.eclipse.jdt.apt.core - 3.7.50.v20210914-1429
2025-02-18 23:55:06,714 - org.eclipse.jdt.apt.ui - 3.7.0.v20210620-1751
2025-02-18 23:55:06,715 - org.eclipse.jdt.apt.pluggable.core - 1.3.0.v20210618-1653
2025-02-18 23:55:06,716 - org.eclipse.jdt.compiler.apt - 1.4.300.v20221108-0856
2025-02-18 23:55:06,716 - org.eclipse.jdt.compiler.tool - 1.3.200.v20220802-0458
2025-02-18 23:55:06,717 - org.eclipse.jdt.core - 3.32.0.v20221108-1853
2025-02-18 23:55:06,718 - org.eclipse.jdt.core.formatterapp - 1.1.0.v20210618-1653
2025-02-18 23:55:06,722 - org.eclipse.jdt.annotation - 2.2.700.v20220826-1026
2025-02-18 23:55:06,722 - org.eclipse.jdt.annotation - 2.2.700.v20220826-1026
2025-02-18 23:55:06,726 - org.eclipse.jdt.core.manipulation - 1.17.0.v20221026-1918
2025-02-18 23:55:06,729 - org.eclipse.jdt.debug.ui - 3.12.900.v20221001-0715
2025-02-18 23:55:06,736 - org.eclipse.jdt.debug - 3.20.0.v20220922-0905
2025-02-18 23:55:06,738 - org.eclipse.jdt.junit - 3.15.100.v20220909-2154
2025-02-18 23:55:06,738 - org.eclipse.jdt.junit.core - 3.11.500.v20221031-1935
2025-02-18 23:55:06,739 - org.eclipse.jdt.junit.runtime - 3.7.0.v20220609-1843
2025-02-18 23:55:06,740 - org.eclipse.jdt.junit4.runtime - 1.3.0.v20220609-1843
2025-02-18 23:55:06,741 - org.eclipse.jdt.junit5.runtime - 1.1.100.v20220907-0450
2025-02-18 23:55:06,741 - org.eclipse.jdt.launching - 3.19.800.v20221107-1851
2025-02-18 23:55:06,746 - org.eclipse.jdt.ui - 3.27.100.v20221122-0749
2025-02-18 23:55:06,748 - org.junit - 4.13.2.v20211018-1956
2025-02-18 23:55:06,750 - org.hamcrest.core - 1.3.0.v20180420-1519
2025-02-18 23:55:06,751 - junit-jupiter-api - 5.9.1
2025-02-18 23:55:06,752 - junit-jupiter-engine - 5.9.1
2025-02-18 23:55:06,753 - junit-jupiter-migrationsupport - 5.9.1
2025-02-18 23:55:06,759 - junit-jupiter-params - 5.9.1
2025-02-18 23:55:06,770 - junit-platform-commons - 1.9.1
2025-02-18 23:55:06,771 - junit-platform-engine - 1.9.1
2025-02-18 23:55:06,772 - junit-platform-launcher - 1.9.1
2025-02-18 23:55:06,773 - junit-platform-runner - 1.9.1
2025-02-18 23:55:06,774 - junit-platform-suite-api - 1.9.1
2025-02-18 23:55:06,775 - junit-platform-suite-commons - 1.9.1
2025-02-18 23:55:06,777 - junit-platform-suite-engine - 1.9.1
2025-02-18 23:55:06,782 - junit-vintage-engine - 5.9.1
2025-02-18 23:55:06,784 - org.opentest4j - 1.2.0
2025-02-18 23:55:06,786 - org.apiguardian.api - 1.1.2
2025-02-18 23:55:06,789 - org.eclipse.jdt.doc.user - 3.15.1600.v20221121-0559
2025-02-18 23:55:06,790 - org.eclipse.ant.launching - 1.3.400.v20220718-1722
2025-02-18 23:55:06,806 - org.eclipse.emf.common - 2.27.0.v20221121-1400
2025-02-18 23:55:06,814 - org.jboss.tools.m2e.wro4j.core - 1.2.1.202301111328
2025-02-18 23:55:06,815 - org.jboss.tools.m2e.wro4j.ui - 1.2.1.202301111328
2025-02-18 23:55:06,821 - org.eclipse.tm.terminal.control - 5.4.0.202211062329
2025-02-18 23:55:06,841 - org.sonatype.m2e.egit - 0.17.0.202209271423
2025-02-18 23:55:06,848 - org.eclipse.emf.ecore - 2.29.0.v20221121-1400
2025-02-18 23:55:06,849 - org.eclipse.emf.ecore.change - 2.14.0.v20190528-0725
2025-02-18 23:55:06,850 - org.eclipse.emf.ecore.xmi - 2.17.0.v20220817-1334
2025-02-18 23:55:06,856 - org.eclipse.wst.common.project.facet.core - 1.4.402.v202111212041
2025-02-18 23:55:06,857 - org.eclipse.wst.common.project.facet.ui - 1.4.602.v202007142017
2025-02-18 23:55:06,867 - org.eclipse.jst.common.project.facet.core - 1.12.100.v202208260526
2025-02-18 23:55:06,868 - org.eclipse.jst.common.project.facet.ui - 1.4.511.v202007142017
2025-02-18 23:55:06,873 - org.eclipse.jgit - 6.4.0.202211300538-r
2025-02-18 23:55:06,873 - org.eclipse.jgit.archive - 6.4.0.202211300538-r
2025-02-18 23:55:06,933 - org.apache.ant - 1.10.12.v20211102-1452
2025-02-18 23:55:06,934 - org.eclipse.ant.core - 3.6.500.v20220718-1722
2025-02-18 23:55:06,935 - com.jcraft.jsch - 0.1.55.v20221112-0806
2025-02-18 23:55:06,935 - org.eclipse.compare.core - 3.7.100.v20220812-1406
2025-02-18 23:55:06,936 - org.eclipse.compare - 3.8.500.v20220812-1406
2025-02-18 23:55:06,937 - org.eclipse.compare.win32 - 1.2.900.v20220812-1406
2025-02-18 23:55:06,937 - org.eclipse.core.filebuffers - 3.7.200.v20220202-1008
2025-02-18 23:55:06,937 - org.eclipse.core.filesystem - 1.9.500.v20220817-1539
2025-02-18 23:55:06,937 - org.eclipse.core.net - 1.4.0.v20220813-1037
2025-02-18 23:55:06,938 - org.eclipse.core.net.win32 - 1.0.100.v20220812-1406
2025-02-18 23:55:06,939 - org.eclipse.core.net.win32.x86_64 - 1.1.700.v20220812-1406
2025-02-18 23:55:06,939 - org.eclipse.core.resources - 3.18.100.v20221025-2047
2025-02-18 23:55:06,940 - org.eclipse.debug.core - 3.20.0.v20220811-0741
2025-02-18 23:55:06,941 - org.eclipse.debug.ui - 3.17.100.v20220926-1344
2025-02-18 23:55:06,942 - org.eclipse.e4.ui.ide - 3.16.200.v20221024-2137
2025-02-18 23:55:06,942 - org.eclipse.equinox.event - 1.6.100.v20211021-1418
2025-02-18 23:55:06,944 - org.eclipse.ltk.core.refactoring - 3.13.0.v20220822-0502
2025-02-18 23:55:06,945 - org.eclipse.ltk.ui.refactoring - 3.12.200.v20220808-2221
2025-02-18 23:55:06,945 - org.eclipse.platform - 4.26.0.v20221123-1800
2025-02-18 23:55:06,945 - org.eclipse.platform.doc.user - 4.26.0.v20221121-0559
2025-02-18 23:55:06,946 - org.eclipse.search - 3.14.300.v20220905-1020
2025-02-18 23:55:06,948 - org.eclipse.text.quicksearch - 1.1.400.v20221023-0941
2025-02-18 23:55:06,949 - org.eclipse.team.core - 3.9.600.v20220902-2219
2025-02-18 23:55:06,949 - org.eclipse.team.ui - 3.9.500.v20220920-2213
2025-02-18 23:55:06,950 - org.eclipse.text - 3.12.300.v20220921-1010
2025-02-18 23:55:06,950 - org.eclipse.jface.text - 3.22.0.v20221119-1047
2025-02-18 23:55:06,951 - org.eclipse.jsch.core - 1.4.0.v20220813-1037
2025-02-18 23:55:06,951 - org.eclipse.jsch.ui - 1.4.200.v20220812-1406
2025-02-18 23:55:06,953 - org.eclipse.ui.console - 3.11.400.v20221012-0524
2025-02-18 23:55:06,953 - org.eclipse.ui.intro - 3.6.600.v20220619-1918
2025-02-18 23:55:06,954 - org.eclipse.ui.intro.universal - 3.4.300.v20220619-1918
2025-02-18 23:55:06,954 - org.eclipse.ui.cheatsheets - 3.7.500.v20220903-1020
2025-02-18 23:55:06,955 - org.eclipse.ui.browser - 3.7.300.v20221024-2137
2025-02-18 23:55:06,955 - org.eclipse.ui.genericeditor - 1.2.300.v20220915-0924
2025-02-18 23:55:06,955 - org.eclipse.ui.monitoring - 1.2.300.v20221024-2137
2025-02-18 23:55:06,956 - org.eclipse.ui.navigator - 3.10.400.v20221024-2137
2025-02-18 23:55:06,956 - org.eclipse.ui.navigator.resources - 3.8.500.v20221024-2137
2025-02-18 23:55:06,956 - org.eclipse.ui.net - 1.4.100.v20220812-1406
2025-02-18 23:55:06,957 - org.eclipse.ui.workbench.texteditor - 3.16.600.v20220809-1658
2025-02-18 23:55:06,961 - org.eclipse.ui.views - 3.11.300.v20221024-2137
2025-02-18 23:55:06,962 - org.eclipse.ui.editors - 3.14.400.v20220730-1844
2025-02-18 23:55:06,963 - org.eclipse.ui.externaltools - 3.5.200.v20220618-1805
2025-02-18 23:55:06,965 - org.eclipse.ui.ide - 3.20.0.v20221027-2208
2025-02-18 23:55:06,968 - org.eclipse.ui.ide.application - 1.4.600.v20221024-2137
2025-02-18 23:55:06,969 - org.eclipse.ui.win32 - 3.4.500.v20221024-2137
2025-02-18 23:55:06,970 - org.eclipse.core.resources.win32.x86_64 - 3.5.500.v20220812-1420
2025-02-18 23:55:06,971 - org.eclipse.core.filesystem.win32.x86_64 - 1.4.300.v20220812-1420
2025-02-18 23:55:06,972 - org.eclipse.core.variables - 3.5.100.v20210721-1355
2025-02-18 23:55:06,973 - org.eclipse.ui.forms - 3.11.500.v20221024-2137
2025-02-18 23:55:06,973 - org.eclipse.ui.views.properties.tabbed - 3.9.300.v20221024-2137
2025-02-18 23:55:06,973 - org.eclipse.equinox.security - 1.3.1000.v20220801-1135
2025-02-18 23:55:06,973 - org.eclipse.equinox.security.ui - 1.3.400.v20221007-1815
2025-02-18 23:55:06,975 - org.eclipse.equinox.security.win32.x86_64 - 1.1.300.v20211021-1418
2025-02-18 23:55:06,976 - org.eclipse.core.externaltools - 1.2.300.v20220618-1805
2025-02-18 23:55:06,976 - org.eclipse.ui.themes - 1.2.2100.v20221024-2137
2025-02-18 23:55:06,976 - org.eclipse.core.runtime - 3.26.100.v20221021-0005
2025-02-18 23:55:06,977 - org.eclipse.ui.intro.quicklinks - 1.1.200.v20220619-1918
2025-02-18 23:55:06,978 - org.eclipse.team.genericeditor.diff.extension - 1.1.100.v20220812-1406
2025-02-18 23:55:06,979 - org.eclipse.urischeme - 1.2.200.v20221024-2137
2025-02-18 23:55:06,979 - org.eclipse.ui.views.log - 1.3.400.v20220907-1244
2025-02-18 23:55:06,980 - org.eclipse.debug.ui.launchview - 1.0.300.v20220811-0741
2025-02-19 09:31:44,119 - os.name - Windows 11
2025-02-19 09:31:44,120 - os.arch - amd64
2025-02-19 09:31:44,120 - os.version - 10.0
2025-02-19 09:31:44,120 - java.version - 17.0.6
2025-02-19 09:31:44,120 - java.vendor - Eclipse Adoptium
2025-02-19 09:31:44,120 - java.vendor.url - https://adoptium.net/
2025-02-19 09:31:44,120 - java.home - C:\ProgramData\chocolatey\lib\SpringToolSuite\tools\sts-4.17.2.RELEASE\plugins\org.eclipse.justj.openjdk.hotspot.jre.full.win32.x86_64_17.0.6.v20230125-1136\jre
2025-02-19 09:31:44,120 - java.vm.specification.name - Java Virtual Machine Specification
2025-02-19 09:31:44,120 - java.vm.specification.vendor - Oracle Corporation
2025-02-19 09:31:44,120 - java.vm.specification.version - 17
2025-02-19 09:31:44,120 - java.class.path - C:\ProgramData\chocolatey\lib\SpringToolSuite\tools\sts-4.17.2.RELEASE\\plugins/org.eclipse.equinox.launcher_1.6.400.v20210924-0641.jar
2025-02-19 09:31:44,120 - java.library.path - C:\ProgramData\chocolatey\lib\SpringToolSuite\tools\sts-4.17.2.RELEASE;C:\WINDOWS\Sun\Java\bin;C:\WINDOWS\system32;C:\WINDOWS;C:\Program Files\Microsoft MPI\Bin\;C:\Program Files\Microsoft\jdk-11.0.16.101-hotspot\bin;C:\Program Files\Common Files\Oracle\Java\javapath;C:\Program Files (x86)\Common Files\Oracle\Java\java8path;C:\Program Files (x86)\Common Files\Oracle\Java\javapath;C:\app\ASUS\product\21c\dbhomeXE\bin;C:\Program Files (x86)\VMware\VMware Player\bin\;C:\Users\ASUS\AppData\Local\Microsoft\WindowsApps;C:\Users\ASUS\AppData\Local\Programs\Microsoft VS Code\bin;C:\Program Files\JetBrains\PhpStorm 2022.2.3\bin;;C:\Users\ASUS\AppData\Roaming\npm;C:\Users\ASUS\AppData\Roaming\Composer\vendor\bin;C:\Program Files\PostgreSQL\14\bin;C:\Program Files\Java\jdk-19\bin;C:\Program Files\Microsoft SQL Server\Client SDK\ODBC\170\Tools\Binn\;C:\Program Files\Java\jdk-19\bin;C:\src\flutter\bin\cache\dart-sdk\bin;C:\Users\ASUS\AppData\Local\Pub\Cache\bin;%JRE_HOME%\bin;C:\Users\ASUS\AppData\Local\Programs\Python\Python311;C:\composer;C:\Program Files (x86)\Microsoft SQL Server\160\Tools\Binn\;C:\Program Files\Microsoft SQL Server\160\Tools\Binn\;C:\Program Files\Microsoft SQL Server\160\DTS\Binn\;C:\Windows\System32\WindowsPowerShell\v1.0;C:\Users\ASUS\AppData\Roaming\npm-cache;C:\Users\ASUS\AppData\Local\Programs\Python\Python311\Scripts;C:\webdrivers;C:\Users\ASUS\AppData\Local\Android\Sdk\tools;C:\Users\ASUS\AppData\Local\Android\Sdk\platform-tools;C:\Users\ASUS\AppData\Local\Android\Sdk\tools\bin;C:\Users\ASUS\AppData\Local\Android\Sdk\emulator;C:\ProgramData\chocolatey\bin;C:\Program Files\Kotlin\kotlinc\bin;C:\HashiCorp\Vagrant\bin;C:\ProgramData\chocolatey\lib\maven\apache-maven-3.9.4\bin;C:\Program Files\Amazon\AWSCLIV2\;C:\Program Files (x86)\Microsoft SQL Server\150\Tools\Binn\;C:\Program Files\Microsoft SQL Server\150\Tools\Binn\;C:\Program Files\Microsoft SQL Server\150\DTS\Binn\;C:\Program Files (x86)\Microsoft SQL Server\150\DTS\Binn\;C:\Program Files (x86)\Microsoft SQL Server\160\DTS\Binn\;C:\tools\php83;C:\Program Files\Git\cmd;C:\Program Files\nodejs\;C:\Program Files\Azure Data Studio\bin;C:\tools\nginx-1.27.2;C:\tools\nginx-1.27.2\conf\nginx.conf;C:\Program Files\Go\bin;C:\Program Files (x86)\Windows Kits\10\Windows Performance Toolkit\;C:\Program Files (x86)\Subversion\bin;C:\WINDOWS\system32;C:\WINDOWS;C:\WINDOWS\System32\Wbem;C:\WINDOWS\System32\WindowsPowerShell\v1.0\;C:\WINDOWS\System32\OpenSSH\;C:\ELK\elasticsearch-8.17.0\bin;C:\ELK\kibana-8.17.0\bin;C:\ELK\logstash-8.17.0\bin;C:\ELK\filebeat-8.17.0;C:\ELK\metricbeat-8.17.0;C:\ELK\apm-server-8.17.0;C:\ELK\elasticsearch-8.17.0\bin;C:\ELK\kibana-8.17.0\bin;C:\ELK\logstash-8.17.0\bin;C:\ELK\filebeat-8.17.0;C:\ELK\metricbeat-8.17.0;C:\ELK\apm-server-8.17.0;C:\Program Files\dotnet\;C:\Program Files\Microsoft MPI\Bin\;C:\Program Files\Microsoft\jdk-11.0.16.101-hotspot\bin;C:\Program Files\Common Files\Oracle\Java\javapath;C:\Program Files (x86)\Common Files\Oracle\Java\java8path;C:\Program Files (x86)\Common Files\Oracle\Java\javapath;C:\app\ASUS\product\21c\dbhomeXE\bin;C:\Program Files (x86)\VMware\VMware Player\bin\;C:\Users\ASUS\AppData\Local\Microsoft\WindowsApps;C:\Users\ASUS\AppData\Local\Programs\Microsoft VS Code\bin;C:\Program Files\JetBrains\PhpStorm 2022.2.3\bin;;C:\Users\ASUS\AppData\Roaming\npm;C:\Users\ASUS\AppData\Roaming\Composer\vendor\bin;C:\Program Files\PostgreSQL\14\bin;C:\Program Files\Java\jdk-19\bin;C:\Program Files\Microsoft SQL Server\Client SDK\ODBC\170\Tools\Binn\;C:\Program Files\Java\jdk-19\bin;C:\src\flutter\bin\cache\dart-sdk\bin;C:\Users\ASUS\AppData\Local\Pub\Cache\bin;%JRE_HOME%\bin;C:\Users\ASUS\AppData\Local\Programs\Python\Python311;C:\composer;C:\Program Files (x86)\Microsoft SQL Server\160\Tools\Binn\;C:\Program Files\Microsoft SQL Server\160\Tool;C:\Program Files\\Elastic\Beats\8.17.0\metricbeat;C:\Users\ASUS\.lmstudio\bin;.
2025-02-19 09:31:44,121 - --------------------------------------
2025-02-19 09:31:44,121 - ## Eclipse Plug-ins Log Information ##
2025-02-19 09:31:44,121 - --------------------------------------
2025-02-19 09:31:44,188 - org.tigris.subversion.subclipse.core - 4.3.4.202306191346
2025-02-19 09:31:44,192 - org.tigris.subversion.subclipse.ui - 4.3.4.202306191346
2025-02-19 09:31:44,192 - com.collabnet.subversion.merge - 4.2.0.1
2025-02-19 09:31:44,192 - org.tigris.subversion.clientadapter - 1.10.0
2025-02-19 09:31:44,203 - org.eclipse.andmore.hierarchyviewer - 0.5.1.201701251432
2025-02-19 09:31:44,245 - org.eclipse.sequoyah.device.backward - 2.1.0.N20120718-0509
2025-02-19 09:31:44,246 - org.eclipse.sequoyah.device.framework - 2.1.0.N20120718-0509
2025-02-19 09:31:44,246 - org.eclipse.sequoyah.device.framework.ui - 2.1.0.N20120718-0509
2025-02-19 09:31:44,251 - org.eclipse.sequoyah.device.service.start - 2.1.0.N20120718-0509
2025-02-19 09:31:44,253 - org.eclipse.sequoyah.device.service.stop - 2.1.0.N20120718-0509
2025-02-19 09:31:44,254 - org.eclipse.sequoyah.device.framework.wizard - 2.1.0.N20120718-0509
2025-02-19 09:31:44,263 - org.eclipse.cdt.managedbuilder.gnu.ui - 8.5.0.202211211546
2025-02-19 09:31:44,263 - org.eclipse.cdt.build.gcc.core - 2.0.0.202211181555
2025-02-19 09:31:44,264 - org.eclipse.cdt.build.gcc.ui - 1.2.0.202211062329
2025-02-19 09:31:44,271 - org.eclipse.gef - 3.16.0.202311222042
2025-02-19 09:31:44,305 - org.eclipse.cdt - 11.0.0.202211062329
2025-02-19 09:31:44,311 - org.eclipse.cdt.core - 8.0.0.202211292120
2025-02-19 09:31:44,313 - org.eclipse.cdt.codan.core - 4.2.0.202211062329
2025-02-19 09:31:44,313 - org.eclipse.cdt.codan.ui - 3.5.0.202211062329
2025-02-19 09:31:44,315 - org.eclipse.cdt.codan.core.cxx - 3.6.0.202211062329
2025-02-19 09:31:44,316 - org.eclipse.cdt.codan.ui.cxx - 3.7.0.202211101937
2025-02-19 09:31:44,319 - org.eclipse.cdt.codan.checkers - 3.5.0.202211062329
2025-02-19 09:31:44,319 - org.eclipse.cdt.codan.checkers.ui - 3.4.0.202211062329
2025-02-19 09:31:44,320 - org.eclipse.cdt.debug.core - 8.8.0.202211072232
2025-02-19 09:31:44,322 - org.eclipse.cdt.debug.ui - 8.5.0.202211100047
2025-02-19 09:31:44,323 - org.eclipse.cdt.make.core - 7.6.0.202211062329
2025-02-19 09:31:44,323 - org.eclipse.cdt.make.ui - 8.2.0.202211062329
2025-02-19 09:31:44,324 - org.eclipse.cdt.managedbuilder.core - 9.5.0.202211211546
2025-02-19 09:31:44,327 - org.eclipse.cdt.managedbuilder.headlessbuilderapp - 1.1.0.202211062329
2025-02-19 09:31:44,327 - org.eclipse.cdt.managedbuilder.ui - 9.4.0.202211211546
2025-02-19 09:31:44,331 - org.eclipse.cdt.ui - 8.0.0.202211292120
2025-02-19 09:31:44,334 - org.eclipse.cdt.doc.user - 5.5.0.202211211546
2025-02-19 09:31:44,337 - org.eclipse.cdt.dsf - 2.12.0.202211062329
2025-02-19 09:31:44,338 - org.eclipse.cdt.dsf.ui - 2.7.0.202211062329
2025-02-19 09:31:44,340 - org.eclipse.cdt.flatpak.launcher - 1.1.0.202211062329
2025-02-19 09:31:44,348 - org.eclipse.cdt.native.serial - 1.3.0.202211300214
2025-02-19 09:31:44,359 - org.eclipse.cdt.platform.branding - 11.0.0.202211062329
2025-02-19 09:31:44,377 - javax.persistence - 2.2.1.v201807122140
2025-02-19 09:31:44,379 - org.eclipse.jpt.jpa.annotate - 1.0.101.v201902121834
2025-02-19 09:31:44,382 - org.eclipse.jpt.jpa.core - 3.6.1.v202301061019
2025-02-19 09:31:44,387 - org.eclipse.jpt.jpa.db - 2.2.201.v202301061019
2025-02-19 09:31:44,387 - org.eclipse.jpt.jpa.db.ui - 2.1.201.v201902121834
2025-02-19 09:31:44,388 - org.eclipse.jpt.jpa.gen - 2.3.201.v202301061019
2025-02-19 09:31:44,390 - org.eclipse.jpt.jpa.ui - 3.6.100.v202305092307
2025-02-19 09:31:44,394 - org.eclipse.jpt.doc.user - 3.2.101.v201902121834
2025-02-19 09:31:44,407 - org.eclipse.persistence.jpa.jpql - 2.7.3.v20180807-4be1041
2025-02-19 09:31:44,423 - org.apache.commons.collections - 3.2.2.v20220405-1659
2025-02-19 09:31:44,435 - org.apache.commons.lang - 2.6.0.v20220406-2305
2025-02-19 09:31:44,441 - org.apache.velocity - 1.5.0.v200905192330
2025-02-19 09:31:44,444 - org.jdom - 1.1.1.v201101151400
2025-02-19 09:31:44,450 - org.eclipse.jpt.jpa.branding - 3.4.1.v201902121834
2025-02-19 09:31:44,603 - org.sonarlint.eclipse.core - 7.13.0.80073
2025-02-19 09:31:44,604 - org.sonarlint.eclipse.ui - 7.13.0.80073
2025-02-19 09:31:44,607 - org.sonarsource.sonarlint.core.sonarlint-core-osgi - 9.0.0.74282
2025-02-19 09:31:44,608 - org.sonarlint.eclipse.cdt - 7.13.0.80073
2025-02-19 09:31:44,608 - org.sonarlint.eclipse.jdt - 7.13.0.80073
2025-02-19 09:31:44,609 - org.sonarlint.eclipse.m2e - 7.13.0.80073
2025-02-19 09:31:44,619 - org.jetbrains.kotlin.osgi-bundle - 1.6.21
2025-02-19 09:31:44,643 - org.slf4j.api - 1.7.30.v20221112-0806
2025-02-19 09:31:44,695 - org.eclipse.emf.codegen.ui - 2.23.0.v20210412-0833
2025-02-19 09:31:44,741 - org.eclipse.datatools.enablement.sqlite - 1.3.0.202305310959
2025-02-19 09:31:44,758 - org.eclipse.datatools.enablement.sqlite.dbdefinition - 1.3.0.202305310959
2025-02-19 09:31:44,769 - org.eclipse.datatools.enablement.sqlite.ui - 1.3.0.202305310959
2025-02-19 09:31:44,771 - org.eclipse.datatools.enablement.finfo - 1.8.0.202305310959
2025-02-19 09:31:44,840 - org.eclipse.jpt.common.utility - 2.4.1.v202301061019
2025-02-19 09:31:44,842 - org.eclipse.jpt.common.core - 1.5.1.v202301061019
2025-02-19 09:31:44,842 - org.eclipse.jpt.common.ui - 1.4.201.v202301061019
2025-02-19 09:31:44,845 - org.eclipse.jpt.common.branding - 1.4.1.v201902121834
2025-02-19 09:31:44,859 - jsonedit-core - 1.1.3
2025-02-19 09:31:44,860 - jsonedit-folding - 1.1.3
2025-02-19 09:31:44,861 - jsonedit-model - 1.1.3
2025-02-19 09:31:44,862 - jsonedit-outline - 1.1.3
2025-02-19 09:31:44,862 - jsonedit-preferences - 1.1.3
2025-02-19 09:31:44,863 - jsonedit-text - 1.1.3
2025-02-19 09:31:44,863 - jsonedit-editor - 1.1.3
2025-02-19 09:31:44,915 - org.eclipse.emf.converter - 2.11.0.v20220706-1313
2025-02-19 09:31:44,921 - org.eclipse.emf.importer - 2.12.0.v20190321-1539
2025-02-19 09:31:44,924 - org.eclipse.emf.exporter - 2.10.0.v20190321-1530
2025-02-19 09:31:44,926 - org.eclipse.emf.importer.ecore - 2.10.0.v20200324-0723
2025-02-19 09:31:44,928 - org.eclipse.emf.importer.java - 2.11.0.v20200324-0723
2025-02-19 09:31:44,937 - org.eclipse.emf.importer.rose - 2.11.0.v20210405-0904
2025-02-19 09:31:45,004 - org.eclipse.emf.edit.ui - 2.22.0.v20220619-0533
2025-02-19 09:31:45,062 - org.eclipse.persistence.moxy - 2.7.3.v20180807-4be1041
2025-02-19 09:31:45,253 - org.eclipse.jpt.jaxb.eclipselink.core - 1.3.201.v201902121834
2025-02-19 09:31:45,254 - org.eclipse.jpt.jaxb.eclipselink.ui - 1.4.201.v201902121834
2025-02-19 09:31:45,260 - org.eclipse.jpt.jaxb.eclipselink.core.schemagen - 1.2.202.v202104080213
2025-02-19 09:31:45,261 - org.eclipse.jpt.jaxb.eclipselink.branding - 1.4.101.v201902121834
2025-02-19 09:31:45,306 - de.anbos.eclipse.easyshell.plugin - 2.3.0.v20230630-1658
2025-02-19 09:31:45,383 - org.eclipse.sequoyah.vnc.vncviewer.vncviews - 2.1.0.N20120718-0509
2025-02-19 09:31:45,404 - org.jdom - 1.1.1.v201101151400
2025-02-19 09:31:45,425 - org.eclipse.jst.ws.cxf.consumption.core - 1.0.400.v201902162149
2025-02-19 09:31:45,433 - org.eclipse.jst.ws.cxf.consumption.ui - 1.0.500.v201910301957
2025-02-19 09:31:45,440 - org.eclipse.jst.ws.cxf.core - 1.1.600.v202107101953
2025-02-19 09:31:45,441 - org.eclipse.jst.ws.cxf.creation.core - 1.0.500.v201902162149
2025-02-19 09:31:45,442 - org.eclipse.jst.ws.cxf.creation.ui - 1.0.400.v201910301957
2025-02-19 09:31:45,444 - org.eclipse.jst.ws.cxf.ui - 1.0.500.v202104210249
2025-02-19 09:31:45,450 - javax.wsdl - 1.6.2.v201012040545
2025-02-19 09:31:45,455 - javax.jws - 2.0.0.v201005080400
2025-02-19 09:31:45,488 - jakarta.xml.bind - 2.3.3.v20221203-1659
2025-02-19 09:31:45,538 - javax.xml.stream - 1.0.1.v201004272200
2025-02-19 09:31:45,559 - javax.xml.ws - 2.1.0.v200902101523
2025-02-19 09:31:45,640 - org.eclipse.datatools.sqltools.common.ui - 1.3.0.202311071249
2025-02-19 09:31:45,642 - org.eclipse.datatools.sqltools.debugger.core - 1.3.0.202311071249
2025-02-19 09:31:45,647 - org.eclipse.datatools.sqltools.editor.core - 1.3.0.202311071249
2025-02-19 09:31:45,652 - org.eclipse.datatools.sqltools.plan - 1.3.0.202311071249
2025-02-19 09:31:45,656 - org.eclipse.datatools.sqltools.routineeditor - 1.3.0.202311071249
2025-02-19 09:31:45,657 - org.eclipse.datatools.sqltools.sql - 1.3.0.202311071249
2025-02-19 09:31:45,662 - org.eclipse.datatools.sqltools.sqleditor - 1.3.0.202311071249
2025-02-19 09:31:45,667 - org.eclipse.datatools.sqltools.sqlscrapbook - 1.3.0.202311071249
2025-02-19 09:31:45,668 - org.eclipse.datatools.help - 1.8.0.202311071249
2025-02-19 09:31:45,670 - org.eclipse.datatools.sqltools.db.generic - 1.3.0.202311071249
2025-02-19 09:31:45,672 - org.eclipse.datatools.sqltools.debugger.core.ui - 1.3.0.202311071249
2025-02-19 09:31:45,690 - org.eclipse.datatools.sqltools.editor.core.ui - 1.3.0.202311071249
2025-02-19 09:31:45,701 - org.eclipse.datatools.sqltools.result.ui - 1.4.0.202311071249
2025-02-19 09:31:45,706 - org.eclipse.datatools.sqltools.routineeditor.ui - 1.3.0.202311071249
2025-02-19 09:31:45,710 - org.eclipse.datatools.sqltools.sql.ui - 1.3.0.202311071249
2025-02-19 09:31:45,726 - org.eclipse.m2e.wtp.jsf - 1.6.0.20230118-0812
2025-02-19 09:31:45,777 - org.objectweb.asm - 9.6
2025-02-19 09:31:45,777 - org.eclipse.andmore - 0.5.1.201701251432
2025-02-19 09:31:45,777 - org.eclipse.andmore.base - 0.5.1.201701251432
2025-02-19 09:31:45,785 - org.eclipse.andmore.ddms - 0.5.1.201701251432
2025-02-19 09:31:45,786 - org.eclipse.andmore.overlay - 0.5.1.201701251432
2025-02-19 09:31:45,792 - org.apache.commons.codec - 1.14.0.v20221112-0806
2025-02-19 09:31:45,802 - org.apache.commons.compress - 1.21.0.v20211103-2100
2025-02-19 09:31:45,804 - org.apache.httpcomponents.httpclient - 4.5.13.v20221112-0806
2025-02-19 09:31:45,807 - org.apache.httpcomponents.httpcore - 4.4.15.v20220209-2345
2025-02-19 09:31:45,851 - org.eclipse.datatools.modelbase.dbdefinition - 1.3.0.202305310959
2025-02-19 09:31:45,856 - org.eclipse.datatools.modelbase.sql.edit - 1.3.0.202305310959
2025-02-19 09:31:45,857 - org.eclipse.datatools.modelbase.sql.query - 1.4.0.202305310959
2025-02-19 09:31:45,909 - org.eclipse.datatools.modelbase.sql.query.edit - 1.3.0.202305310959
2025-02-19 09:31:45,910 - org.eclipse.datatools.modelbase.sql.xml.query - 1.3.0.202305310959
2025-02-19 09:31:45,911 - org.eclipse.datatools.modelbase.sql - 1.3.0.202305310959
2025-02-19 09:31:45,922 - org.eclipse.emf.mapping - 2.12.0.v20181104-0733
2025-02-19 09:31:45,974 - org.eclipse.jpt.jaxb.core - 1.4.101.v201902121834
2025-02-19 09:31:45,974 - org.eclipse.jpt.jaxb.core.schemagen - 1.1.202.v202104080213
2025-02-19 09:31:45,976 - org.eclipse.jpt.jaxb.ui - 1.5.200.v202301061019
2025-02-19 09:31:45,977 - org.eclipse.jpt.jaxb.branding - 1.4.1.v201902121834
2025-02-19 09:31:45,986 - org.eclipse.emf.mapping.ecore.editor - 2.8.0.v20180706-1146
2025-02-19 09:31:45,988 - org.eclipse.emf.mapping.ecore2ecore.editor - 2.10.0.v20181104-0733
2025-02-19 09:31:45,990 - org.eclipse.emf.mapping.ecore2xml.ui - 2.12.0.v20190528-0725
2025-02-19 09:31:45,995 - org.eclipse.datatools.enablement.finfo - 1.8.0.202305310959
2025-02-19 09:31:45,999 - org.eclipse.datatools.sqltools.db.derby.ui - 1.3.0.202305310959
2025-02-19 09:31:46,001 - org.eclipse.datatools.sqltools.db.generic.ui - 1.3.0.202305310959
2025-02-19 09:31:46,034 - org.eclipse.jst.ws.axis2.core - 1.0.300.v201903050508
2025-02-19 09:31:46,036 - org.eclipse.jst.ws.axis2.ui - 1.0.400.v201903050508
2025-02-19 09:31:46,040 - org.eclipse.jst.ws.axis2.consumption.core - 1.0.200.v201903050508
2025-02-19 09:31:46,042 - org.eclipse.jst.ws.axis2.consumption.ui - 1.0.200.v201903050508
2025-02-19 09:31:46,043 - org.eclipse.jst.ws.axis2.creation.core - 1.0.200.v201903050508
2025-02-19 09:31:46,043 - org.eclipse.jst.ws.axis2.creation.ui - 1.0.200.v201903050508
2025-02-19 09:31:46,045 - org.eclipse.jst.ws.axis2.ui.doc.user - 1.0.200.v201903222115
2025-02-19 09:31:46,055 - org.testng.eclipse - 7.8.0.202308061717
2025-02-19 09:31:46,062 - org.eclipse.emf.ecore.edit - 2.13.0.v20190822-1451
2025-02-19 09:31:46,064 - org.eclipse.emf.ecore.change.edit - 2.8.0.v20180706-1146
2025-02-19 09:31:46,130 - org.eclipse.sequoyah.vnc.protocol - 2.1.0.N20120718-0509
2025-02-19 09:31:46,177 - org.eclipse.persistence.antlr - 3.5.2.v201711011707
2025-02-19 09:31:46,180 - org.eclipse.persistence.asm - 6.2.0.v201808041549
2025-02-19 09:31:46,182 - org.eclipse.persistence.core - 2.7.3.v20180807-4be1041
2025-02-19 09:31:46,193 - org.eclipse.persistence.jpa - 2.7.3.v20180807-4be1041
2025-02-19 09:31:46,197 - org.eclipse.jpt.jpa.eclipselink.core - 2.4.101.v201902121834
2025-02-19 09:31:46,205 - org.eclipse.jpt.jpa.eclipselink.ui - 2.4.101.v202301061019
2025-02-19 09:31:46,215 - org.eclipse.jpt.jpa.eclipselink.core.ddlgen - 2.2.201.v201902121834
2025-02-19 09:31:46,226 - org.eclipse.jpt.jpa.eclipselink.branding - 3.4.1.v201902121834
2025-02-19 09:31:46,246 - org.eclipse.emf.mapping.ecore - 2.8.0.v20180706-1146
2025-02-19 09:31:46,251 - org.eclipse.emf.mapping.ecore2ecore - 2.11.0.v20180706-1146
2025-02-19 09:31:46,252 - org.eclipse.emf.mapping.ecore2xml - 2.11.0.v20180706-1146
2025-02-19 09:31:46,260 - org.eclipse.andmore.traceview - 0.5.1.201701251432
2025-02-19 09:31:46,368 - org.eclipse.m2e.wtp.jpa - 1.6.0.20230118-0812
2025-02-19 09:31:46,507 - org.eclipse.sequoyah.localization.android - 2.1.0.N20120718-0509
2025-02-19 09:31:46,576 - org.eclipse.sequoyah.localization.android.help - 2.1.1.N20120718-0509
2025-02-19 09:31:46,597 - org.eclipse.emf.codegen - 2.22.0.v20210420-0623
2025-02-19 09:31:46,642 - org.eclipse.wst.sse.ui - 1.7.600.v202211200019
2025-02-19 09:31:46,645 - org.eclipse.wst.xml.ui - 1.2.700.v202305221615
2025-02-19 09:31:46,658 - org.eclipse.emf - 2.8.0.v20180706-1146
2025-02-19 09:31:46,668 - org.eclipse.datatools.doc.user - 1.15.0.202311071249
2025-02-19 09:31:46,669 - org.eclipse.datatools.oda.cshelp - 1.5.0.202311071249
2025-02-19 09:31:46,669 - org.eclipse.datatools.help - 1.8.0.202311071249
2025-02-19 09:31:46,700 - org.eclipse.jst.ws.jaxws.core - 1.0.600.v202104210249
2025-02-19 09:31:46,702 - org.eclipse.jst.ws.jaxws.ui - 1.0.600.v202008101342
2025-02-19 09:31:46,702 - javax.xml.ws - 2.1.0.v200902101523
2025-02-19 09:31:46,702 - javax.jws - 2.0.0.v201005080400
2025-02-19 09:31:46,706 - org.eclipse.jst.ws.annotations.core - 1.2.200.v202008101342
2025-02-19 09:31:46,706 - jakarta.xml.bind - 2.3.3.v20221203-1659
2025-02-19 09:31:46,706 - javax.xml.stream - 1.0.1.v201004272200
2025-02-19 09:31:46,708 - org.eclipse.jst.ws.jaxb.core - 1.0.200.v201902162203
2025-02-19 09:31:46,708 - javax.wsdl - 1.6.2.v201012040545
2025-02-19 09:31:46,708 - org.jdom - 1.1.1.v201101151400
2025-02-19 09:31:46,718 - org.contextmapper.dsl - 6.11.0
2025-02-19 09:31:46,721 - org.contextmapper.dsl.ide - 6.11.0
2025-02-19 09:31:46,721 - org.contextmapper.dsl.ui - 6.11.0
2025-02-19 09:31:46,787 - org.eclipse.draw2d - 3.14.100.202311222042
2025-02-19 09:31:46,958 - org.tigris.subversion.clientadapter.svnkit - 1.8.12.3
2025-02-19 09:31:46,985 - org.eclipse.emf.edit - 2.17.0.v20220201-1551
2025-02-19 09:31:47,055 - edu.umd.cs.findbugs.plugin.eclipse - 3.0.1.20150306-5afe4d1
2025-02-19 09:31:47,089 - com.github.spotbugs.plugin.eclipse - 4.7.3.r202210170504-fa9e53a
2025-02-19 09:31:47,166 - org.eclipse.wst.json.ui - 1.0.700.v202305221615
2025-02-19 09:31:47,168 - org.eclipse.wst.json.bower.ui - 1.0.300.v202305221615
2025-02-19 09:31:47,168 - org.eclipse.wst.json.eslint.ui - 1.0.300.v202305221615
2025-02-19 09:31:47,169 - org.eclipse.wst.json.jshint.ui - 1.0.300.v202305221615
2025-02-19 09:31:47,170 - org.eclipse.wst.json.npm.ui - 1.0.200.v202305221615
2025-02-19 09:31:47,247 - org.eclipse.emf.databinding.edit - 1.7.0.v20210113-0340
2025-02-19 09:31:47,267 - org.eclipse.emf.codegen.ecore - 2.32.0.v20221121-1400
2025-02-19 09:31:47,268 - org.eclipse.emf.ant - 2.11.0.v20200324-0723
2025-02-19 09:31:47,276 - org.eclipse.andmore.ndk - 0.5.1.201701251432
2025-02-19 09:31:47,321 - org.eclipse.andmore.gldebugger - 0.5.1.201701251432
2025-02-19 09:31:47,372 - com.amashchenko.eclipse.strutsclipse.tiles - 1.5.0.201803051747
2025-02-19 09:31:47,378 - com.amashchenko.eclipse.strutsclipse.plugin - 1.5.0.201803051747
2025-02-19 09:31:47,391 - org.eclipse.andmore.android.certmanager - 0.5.1.201701251432
2025-02-19 09:31:47,408 - net.mihai-nita.ansicon.plugin - 1.4.8.202208270854
2025-02-19 09:31:47,465 - org.eclipse.cdt.gdb - 7.2.0.202211062329
2025-02-19 09:31:47,466 - org.eclipse.cdt.gdb.ui - 7.2.0.202211062329
2025-02-19 09:31:47,540 - org.eclipse.sequoyah.localization.tools - 2.1.0.N20120718-0509
2025-02-19 09:31:47,542 - org.eclipse.sequoyah.localization.editor - 2.1.0.N20120718-0509
2025-02-19 09:31:47,619 - org.eclipse.m2e.wtp.jaxrs - 1.6.0.20230118-0812
2025-02-19 09:31:47,662 - org.eclipse.datatools.sqltools.sql - 1.3.0.202311071249
2025-02-19 09:31:47,663 - org.eclipse.datatools.sqltools.common.ui - 1.3.0.202311071249
2025-02-19 09:31:47,663 - org.eclipse.datatools.sqltools.plan - 1.3.0.202311071249
2025-02-19 09:31:47,663 - org.eclipse.datatools.sqltools.editor.core - 1.3.0.202311071249
2025-02-19 09:31:47,663 - org.eclipse.datatools.sqltools.sqleditor - 1.3.0.202311071249
2025-02-19 09:31:47,664 - org.eclipse.datatools.sqltools.ddlgen.ui - 1.3.0.202311071249
2025-02-19 09:31:47,669 - org.eclipse.datatools.connectivity.db.generic - 1.3.0.202311071249
2025-02-19 09:31:47,669 - org.eclipse.datatools.sqltools.editor.core.ui - 1.3.0.202311071249
2025-02-19 09:31:47,669 - org.eclipse.datatools.sqltools.sql.ui - 1.3.0.202311071249
2025-02-19 09:31:47,687 - org.eclipse.cdt.dsf.gdb - 7.0.0.202211221643
2025-02-19 09:31:47,706 - org.eclipse.cdt.dsf.gdb.ui - 2.8.0.202211062329
2025-02-19 09:31:47,731 - org.eclipse.emf.common.ui - 2.20.0.v20220226-1304
2025-02-19 09:31:47,844 - org.eclipse.sequoyah.device.common.utilities - 2.1.0.N20120718-0509
2025-02-19 09:31:47,884 - org.eclipse.andmore.android.common - 0.5.1.201701251432
2025-02-19 09:31:47,885 - org.eclipse.andmore.android.codeutils - 0.5.1.201701251432
2025-02-19 09:31:47,886 - org.eclipse.andmore.android.translation - 0.5.1.201701251432
2025-02-19 09:31:47,889 - org.eclipse.andmore.android.codesnippets - 0.5.1.201701251432
2025-02-19 09:31:47,890 - org.eclipse.andmore.android.db.core - 0.5.1.201701251432
2025-02-19 09:31:47,890 - org.eclipse.andmore.android.logger - 0.5.1.201701251432
2025-02-19 09:31:47,895 - org.eclipse.andmore.android - 0.5.1.201701251432
2025-02-19 09:31:47,909 - org.eclipse.andmore.android.emulator - 0.5.1.201701251432
2025-02-19 09:31:47,922 - org.eclipse.andmore.android.launch - 0.5.1.201701251432
2025-02-19 09:31:47,923 - org.eclipse.andmore.android.packaging.ui - 0.5.1.201701251432
2025-02-19 09:31:47,924 - org.eclipse.andmore.android.handset - 0.5.1.201701251432
2025-02-19 09:31:47,930 - org.eclipse.andmore.android.remote - 0.5.1.201701251432
2025-02-19 09:31:47,935 - org.eclipse.andmore.android.win32.x86_64 - 0.5.1.201701251432
2025-02-19 09:31:47,944 - org.eclipse.andmore.android.mat - 0.5.1.201701251432
2025-02-19 09:31:47,962 - org.eclipse.andmore.android.devices.services - 0.5.1.201701251432
2025-02-19 09:31:47,973 - org.eclipse.andmore.android.db.devices - 0.5.1.201701251432
2025-02-19 09:31:47,981 - org.eclipse.andmore.android.installer - 0.5.1.201701251432
2025-02-19 09:31:47,987 - org.eclipse.andmore.android.logger.collector - 0.5.1.201701251432
2025-02-19 09:31:48,000 - org.eclipse.emf.mapping.ui - 2.10.0.v20181104-0733
2025-02-19 09:31:48,009 - net.sf.eclipsecs.branding - 10.9.3.202308241720
2025-02-19 09:31:48,010 - net.sf.eclipsecs.core - 10.9.3.202308242329
2025-02-19 09:31:48,011 - net.sf.eclipsecs.doc - 10.9.3.202308241720
2025-02-19 09:31:48,065 - net.sf.eclipsecs.checkstyle - 10.9.3.202308242329
2025-02-19 09:31:48,067 - net.sf.eclipsecs.ui - 10.9.3.202308241720
2025-02-19 09:31:48,076 - org.eclipse.sequoyah.vnc.vncviewer - 2.1.0.N20120718-0509
2025-02-19 09:31:48,090 - org.eclipse.emf.codegen.ecore.ui - 2.32.0.v20220925-1245
2025-02-19 09:31:48,116 - org.eclipse.emf.ecore.editor - 2.17.0.v20190528-0725
2025-02-19 09:31:48,123 - org.eclipse.jpt.common.eclipselink.core - 1.3.400.v202208190239
2025-02-19 09:31:48,126 - org.eclipse.jpt.common.eclipselink.branding - 1.3.101.v201902121834
2025-02-19 09:31:48,135 - org.tigris.subversion.subclipse.graph - 4.2.0.1
2025-02-19 09:31:48,144 - org.eclipse.emf.databinding - 1.6.0.v20220517-0824
2025-02-19 09:31:48,177 - org.eclipse.datatools.connectivity.sqm.core.ui - 1.5.0.202311071249
2025-02-19 09:31:48,179 - org.eclipse.datatools.connectivity.sqm.core - 1.6.0.202311071345
2025-02-19 09:31:48,180 - org.eclipse.datatools.connectivity.sqm.server.ui - 1.4.0.202311071249
2025-02-19 09:31:48,185 - org.eclipse.datatools.connectivity.ui.dse - 1.4.0.202311071249
2025-02-19 09:31:48,186 - org.eclipse.datatools.connectivity.ui - 1.5.0.202311071249
2025-02-19 09:31:48,187 - org.eclipse.datatools.connectivity - 1.15.0.202311071249
2025-02-19 09:31:48,187 - org.eclipse.datatools.help - 1.8.0.202311071249
2025-02-19 09:31:48,188 - org.eclipse.datatools.connectivity.console.profile - 1.3.0.202311071249
2025-02-19 09:31:48,225 - org.eclipse.cdt.core.native - 6.3.0.202211062329
2025-02-19 09:31:48,227 - org.eclipse.cdt.core.win32 - 6.1.0.202211062329
2025-02-19 09:31:48,267 - org.eclipse.cdt.core.win32.x86_64 - 6.1.0.202211300214
2025-02-19 09:31:48,267 - org.eclipse.cdt.native.serial - 1.3.0.202211300214
2025-02-19 09:31:48,331 - org.eclipse.cdt.launch - 10.4.0.202211062329
2025-02-19 09:31:48,342 - javax.el - 2.2.0.v201303151357
2025-02-19 09:31:48,345 - jakarta.servlet-api - 4.0.0
2025-02-19 09:31:48,349 - javax.servlet.jsp-api - 2.3.3
2025-02-19 09:31:48,353 - com.sun.el - 2.2.0.v201303151357
2025-02-19 09:31:48,357 - org.apache.jasper.glassfish - 2.2.2.v201501141630
2025-02-19 09:31:48,367 - org.apache.lucene.analyzers-common - 8.4.1.v20221112-0806
2025-02-19 09:31:48,401 - org.apache.lucene.core - 9.7.0.v20230703-0758
2025-02-19 09:31:48,408 - org.apache.lucene.analyzers-smartcn - 8.4.1.v20221112-0806
2025-02-19 09:31:48,409 - org.eclipse.equinox.http.jetty - 3.8.200.v20221109-0702
2025-02-19 09:31:48,412 - org.eclipse.equinox.http.registry - 1.3.200.v20220720-2012
2025-02-19 09:31:48,415 - org.eclipse.equinox.http.servlet - 1.7.400.v20221006-1531
2025-02-19 09:31:48,429 - org.eclipse.equinox.jsp.jasper - 1.1.700.v20220801-1124
2025-02-19 09:31:48,446 - org.eclipse.equinox.jsp.jasper.registry - 1.2.100.v20211021-1418
2025-02-19 09:31:48,448 - org.eclipse.help.base - 4.3.900.v20221123-1800
2025-02-19 09:31:48,451 - org.eclipse.help.ui - 4.4.100.v20220619-1918
2025-02-19 09:31:48,469 - org.eclipse.help.webapp - 3.10.900.v20221103-0933
2025-02-19 09:31:48,472 - org.eclipse.jetty.http - 10.0.12
2025-02-19 09:31:48,512 - org.eclipse.jetty.io - 10.0.12
2025-02-19 09:31:48,515 - org.eclipse.jetty.security - 10.0.12
2025-02-19 09:31:48,517 - org.eclipse.jetty.server - 10.0.12
2025-02-19 09:31:48,518 - org.eclipse.jetty.servlet - 10.0.12
2025-02-19 09:31:48,521 - org.eclipse.jetty.util - 10.0.12
2025-02-19 09:31:48,521 - org.eclipse.jetty.util.ajax - 10.0.12
2025-02-19 09:31:48,523 - org.eclipse.core.net - 1.4.0.v20220813-1037
2025-02-19 09:31:48,524 - org.eclipse.equinox.security - 1.3.1000.v20220801-1135
2025-02-19 09:31:48,538 - org.eclipse.egit.gitflow - 6.4.0.202211300538-r
2025-02-19 09:31:48,541 - org.eclipse.egit.gitflow.ui - 6.4.0.202211300538-r
2025-02-19 09:31:48,558 - org.eclipse.tm.terminal.connector.ssh - 4.8.0.202211062329
2025-02-19 09:31:48,638 - org.eclipse.mylyn.wikitext - 3.0.45.202211090110
2025-02-19 09:31:48,655 - org.eclipse.mylyn.wikitext.ant - 3.0.45.202211090110
2025-02-19 09:31:48,657 - org.eclipse.mylyn.wikitext.osgi - 3.0.45.202211090110
2025-02-19 09:31:48,663 - org.eclipse.mylyn.wikitext.asciidoc - 3.0.45.202211090110
2025-02-19 09:31:48,663 - org.eclipse.mylyn.wikitext.textile - 3.0.45.202211090110
2025-02-19 09:31:48,665 - org.eclipse.mylyn.wikitext.html - 3.0.45.202211090110
2025-02-19 09:31:48,665 - org.eclipse.mylyn.wikitext.markdown - 3.0.45.202211090110
2025-02-19 09:31:48,667 - org.eclipse.mylyn.wikitext.mediawiki - 3.0.45.202211090110
2025-02-19 09:31:48,668 - org.eclipse.mylyn.wikitext.confluence - 3.0.45.202211090110
2025-02-19 09:31:48,670 - org.eclipse.mylyn.wikitext.tracwiki - 3.0.45.202211090110
2025-02-19 09:31:48,671 - org.eclipse.mylyn.wikitext.twiki - 3.0.45.202211090110
2025-02-19 09:31:48,672 - org.eclipse.mylyn.wikitext.ui - 3.0.45.202211090110
2025-02-19 09:31:48,674 - org.eclipse.mylyn.wikitext.help.ui - 3.0.45.202211090110
2025-02-19 09:31:48,675 - org.eclipse.mylyn.wikitext.asciidoc.ui - 3.0.45.202211090110
2025-02-19 09:31:48,676 - org.eclipse.mylyn.wikitext.textile.ui - 3.0.45.202211090110
2025-02-19 09:31:48,678 - org.eclipse.mylyn.wikitext.markdown.ui - 3.0.45.202211090110
2025-02-19 09:31:48,680 - org.eclipse.mylyn.wikitext.mediawiki.ui - 3.0.45.202211090110
2025-02-19 09:31:48,682 - org.eclipse.mylyn.wikitext.confluence.ui - 3.0.45.202211090110
2025-02-19 09:31:48,685 - org.eclipse.mylyn.wikitext.tracwiki.ui - 3.0.45.202211090110
2025-02-19 09:31:48,697 - org.eclipse.mylyn.wikitext.twiki.ui - 3.0.45.202211090110
2025-02-19 09:31:48,721 - org.eclipse.m2e.logback - 2.1.0.20221015-0744
2025-02-19 09:31:48,730 - org.eclipse.buildship.compat - 3.1.6.v20220511-1359
2025-02-19 09:31:48,734 - org.eclipse.buildship.core - 3.1.6.v20220511-1359
2025-02-19 09:31:48,734 - org.eclipse.buildship.ui - 3.1.6.v20220511-1359
2025-02-19 09:31:48,735 - org.eclipse.buildship.branding - 3.1.6.v20220511-1359
2025-02-19 09:31:48,798 - org.eclipse.egit.core - 6.4.0.202211300538-r
2025-02-19 09:31:48,802 - org.eclipse.egit.ui - 6.4.0.202211300538-r
2025-02-19 09:31:48,807 - org.eclipse.egit - 6.4.0.202211300538-r
2025-02-19 09:31:48,808 - org.eclipse.egit.doc - 6.4.0.202211300538-r
2025-02-19 09:31:48,878 - org.eclipse.justj.openjdk.hotspot.jre.full - 17.0.6.v20230125-1136
2025-02-19 09:31:48,944 - org.eclipse.justj.openjdk.hotspot.jre.full.win32.x86_64 - 17.0.6.v20230125-1136
2025-02-19 09:31:48,957 - org.eclipse.userstorage - 1.2.0.v20210517-0327
2025-02-19 09:31:48,960 - org.eclipse.userstorage.ui - 1.1.0.v20190307-0457
2025-02-19 09:31:48,966 - org.eclipse.userstorage.oauth - 1.1.0.v20190307-0457
2025-02-19 09:31:49,037 - org.eclipse.m2e.wtp - 1.5.2.20220906-1452
2025-02-19 09:31:49,044 - org.eclipse.m2e.wtp.overlay - 1.5.0.20220805-2025
2025-02-19 09:31:49,046 - org.eclipse.m2e.wtp.overlay.ui - 1.5.0.20220805-2025
2025-02-19 09:31:49,060 - org.eclipse.tm.terminal.view.core - 4.9.0.202211062329
2025-02-19 09:31:49,062 - org.eclipse.tm.terminal.view.ui - 4.11.0.202211062329
2025-02-19 09:31:49,070 - org.eclipse.jgit.http.apache - 6.4.0.202211300538-r
2025-02-19 09:31:49,141 - org.eclipse.m2e.archetype.common - 3.2.102.20221130-2149
2025-02-19 09:31:49,141 - org.eclipse.m2e.model.edit - 2.0.100.20221115-1709
2025-02-19 09:31:49,142 - org.eclipse.m2e.core - 2.0.5.20221128-1757
2025-02-19 09:31:49,142 - org.eclipse.m2e.launching - 2.0.2.20221122-2012
2025-02-19 09:31:49,143 - org.eclipse.m2e.workspace.cli - 0.3.1
2025-02-19 09:31:49,143 - org.eclipse.m2e.jdt - 2.0.4.20221130-2135
2025-02-19 09:31:49,143 - org.eclipse.m2e.editor - 2.0.2.20221115-1709
2025-02-19 09:31:49,155 - org.eclipse.m2e.maven.runtime - 3.8.604.20221130-2149
2025-02-19 09:31:49,165 - org.eclipse.m2e.refactoring - 2.0.2.20221115-1709
2025-02-19 09:31:49,172 - org.eclipse.m2e.discovery - 2.0.1.20221101-1753
2025-02-19 09:31:49,176 - org.eclipse.m2e.core.ui - 2.0.2.20221113-1617
2025-02-19 09:31:49,178 - org.eclipse.m2e.scm - 2.0.1.20221101-1753
2025-02-19 09:31:49,180 - org.eclipse.m2e.jdt.ui - 2.0.1.20221115-1709
2025-02-19 09:31:49,180 - org.eclipse.m2e.profiles.core - 2.1.0.20221110-1338
2025-02-19 09:31:49,181 - org.eclipse.m2e.profiles.ui - 2.0.1.20221101-1753
2025-02-19 09:31:49,182 - org.eclipse.m2e.sourcelookup - 2.0.1.20221118-1906
2025-02-19 09:31:49,182 - org.eclipse.m2e.sourcelookup.ui - 2.0.1.20221118-1906
2025-02-19 09:31:49,182 - org.eclipse.m2e.binaryproject - 2.1.0.20221115-1709
2025-02-19 09:31:49,182 - org.eclipse.m2e.binaryproject.ui - 2.0.0.20220705-1221
2025-02-19 09:31:49,183 - org.eclipse.m2e.apt.core - 2.0.2.20221020-0713
2025-02-19 09:31:49,185 - org.eclipse.m2e.apt.ui - 2.0.2.20221115-1709
2025-02-19 09:31:49,185 - org.eclipse.m2e.mavenarchiver - 2.0.2.20221115-1709
2025-02-19 09:31:49,192 - org.eclipse.help - 3.9.100.v20210721-0601
2025-02-19 09:31:49,196 - org.eclipse.ui - 3.201.200.v20221024-2137
2025-02-19 09:31:49,198 - org.eclipse.ui.workbench - 3.127.0.v20221024-2137
2025-02-19 09:31:49,198 - org.eclipse.update.configurator - 3.4.1000.v20221114-1512
2025-02-19 09:31:49,200 - org.eclipse.rcp - 4.26.0.v20221123-1800
2025-02-19 09:31:49,202 - com.ibm.icu - 74.1
2025-02-19 09:31:49,209 - org.eclipse.jgit.lfs - 6.4.0.202211300538-r
2025-02-19 09:31:49,211 - org.eclipse.jgit.lfs.server - 6.4.0.202211300538-r
2025-02-19 09:31:49,245 - org.eclipse.epp.mpc.core - 1.10.1.v20221110-1841
2025-02-19 09:31:49,246 - org.eclipse.epp.mpc.core.win32 - 1.10.1.v20221110-1841
2025-02-19 09:31:49,252 - org.eclipse.epp.mpc.ui - 1.10.1.v20221110-1841
2025-02-19 09:31:49,253 - org.eclipse.epp.mpc.ui.css - 1.10.1.v20221110-1841
2025-02-19 09:31:49,254 - org.eclipse.epp.mpc.help.ui - 1.10.1.v20221110-1841
2025-02-19 09:31:49,264 - org.eclipse.jgit.gpg.bc - 6.4.0.202211300538-r
2025-02-19 09:31:49,273 - org.eclipse.pde - 3.13.2100.v20221123-1800
2025-02-19 09:31:49,283 - org.eclipse.pde.build - 3.11.400.v20220923-1253
2025-02-19 09:31:49,285 - org.eclipse.pde.core - 3.16.0.v20221119-0340
2025-02-19 09:31:49,286 - org.eclipse.pde.junit.runtime - 3.6.200.v20220523-1051
2025-02-19 09:31:49,286 - org.eclipse.pde.runtime - 3.7.500.v20221012-2030
2025-02-19 09:31:49,288 - org.eclipse.pde.ui - 3.13.700.v20221114-1716
2025-02-19 09:31:49,335 - org.eclipse.pde.doc.user - 3.14.1800.v20221121-0559
2025-02-19 09:31:49,409 - org.eclipse.pde.ui.templates - 3.7.700.v20220802-1520
2025-02-19 09:31:49,410 - org.eclipse.pde.api.tools - 1.2.1100.v20221114-1728
2025-02-19 09:31:49,410 - org.eclipse.pde.api.tools.annotations - 1.1.500.v20220813-1730
2025-02-19 09:31:49,410 - org.eclipse.pde.api.tools.ui - 1.2.700.v20220329-0844
2025-02-19 09:31:49,411 - org.eclipse.pde.ds.core - 1.2.500.v20220411-2005
2025-02-19 09:31:49,412 - org.eclipse.pde.ds.ui - 1.2.300.v20220310-2159
2025-02-19 09:31:49,442 - org.eclipse.pde.launching - 3.10.200.v20221108-1157
2025-02-19 09:31:49,446 - org.eclipse.pde.ua.core - 1.2.300.v20211004-0555
2025-02-19 09:31:49,449 - org.eclipse.pde.ua.ui - 1.2.400.v20220317-0700
2025-02-19 09:31:49,450 - org.eclipse.ui.trace - 1.2.200.v20220310-2159
2025-02-19 09:31:49,450 - org.eclipse.pde.ds.annotations - 1.2.500.v20220811-0944
2025-02-19 09:31:49,451 - org.eclipse.pde.genericeditor.extension - 1.1.300.v20220810-1011
2025-02-19 09:31:49,452 - org.eclipse.tools.layout.spy - 1.1.100.v20221111-1233
2025-02-19 09:31:49,452 - org.eclipse.pde.spy.core - 1.0.200.v20220331-1637
2025-02-19 09:31:49,453 - org.eclipse.pde.spy.model - 0.12.400.v20220621-1036
2025-02-19 09:31:49,453 - org.eclipse.pde.spy.css - 0.12.300.v20220512-1208
2025-02-19 09:31:49,453 - org.eclipse.pde.spy.preferences - 0.12.300.v20220512-1208
2025-02-19 09:31:49,454 - org.eclipse.pde.spy.context - 1.0.400.v20221119-0340
2025-02-19 09:31:49,455 - org.eclipse.pde.spy.bundle - 0.12.200.v20220512-1208
2025-02-19 09:31:49,455 - org.eclipse.pde.spy.event - 1.0.100.v20221114-1716
2025-02-19 09:31:49,478 - org.eclipse.jgit.ssh.apache - 6.4.0.202211300538-r
2025-02-19 09:31:49,478 - org.eclipse.jgit.ssh.apache.agent - 6.4.0.202211300538-r
2025-02-19 09:31:49,535 - org.eclipse.jdt - 3.18.1400.v20221123-1800
2025-02-19 09:31:49,541 - org.eclipse.ant.ui - 3.8.300.v20220718-1722
2025-02-19 09:31:49,541 - org.eclipse.jdt.apt.core - 3.7.50.v20210914-1429
2025-02-19 09:31:49,542 - org.eclipse.jdt.apt.ui - 3.7.0.v20210620-1751
2025-02-19 09:31:49,550 - org.eclipse.jdt.apt.pluggable.core - 1.3.0.v20210618-1653
2025-02-19 09:31:49,575 - org.eclipse.jdt.compiler.apt - 1.4.300.v20221108-0856
2025-02-19 09:31:49,579 - org.eclipse.jdt.compiler.tool - 1.3.200.v20220802-0458
2025-02-19 09:31:49,581 - org.eclipse.jdt.core - 3.32.0.v20221108-1853
2025-02-19 09:31:49,582 - org.eclipse.jdt.core.formatterapp - 1.1.0.v20210618-1653
2025-02-19 09:31:49,584 - org.eclipse.jdt.annotation - 2.2.700.v20220826-1026
2025-02-19 09:31:49,584 - org.eclipse.jdt.annotation - 2.2.700.v20220826-1026
2025-02-19 09:31:49,585 - org.eclipse.jdt.core.manipulation - 1.17.0.v20221026-1918
2025-02-19 09:31:49,593 - org.eclipse.jdt.debug.ui - 3.12.900.v20221001-0715
2025-02-19 09:31:49,609 - org.eclipse.jdt.debug - 3.20.0.v20220922-0905
2025-02-19 09:31:49,610 - org.eclipse.jdt.junit - 3.15.100.v20220909-2154
2025-02-19 09:31:49,610 - org.eclipse.jdt.junit.core - 3.11.500.v20221031-1935
2025-02-19 09:31:49,612 - org.eclipse.jdt.junit.runtime - 3.7.0.v20220609-1843
2025-02-19 09:31:49,612 - org.eclipse.jdt.junit4.runtime - 1.3.0.v20220609-1843
2025-02-19 09:31:49,613 - org.eclipse.jdt.junit5.runtime - 1.1.100.v20220907-0450
2025-02-19 09:31:49,619 - org.eclipse.jdt.launching - 3.19.800.v20221107-1851
2025-02-19 09:31:49,625 - org.eclipse.jdt.ui - 3.27.100.v20221122-0749
2025-02-19 09:31:49,664 - org.junit - 4.13.2.v20211018-1956
2025-02-19 09:31:49,671 - org.hamcrest.core - 1.3.0.v20180420-1519
2025-02-19 09:31:49,672 - junit-jupiter-api - 5.9.1
2025-02-19 09:31:49,674 - junit-jupiter-engine - 5.9.1
2025-02-19 09:31:49,675 - junit-jupiter-migrationsupport - 5.9.1
2025-02-19 09:31:49,677 - junit-jupiter-params - 5.9.1
2025-02-19 09:31:49,678 - junit-platform-commons - 1.9.1
2025-02-19 09:31:49,679 - junit-platform-engine - 1.9.1
2025-02-19 09:31:49,682 - junit-platform-launcher - 1.9.1
2025-02-19 09:31:49,684 - junit-platform-runner - 1.9.1
2025-02-19 09:31:49,684 - junit-platform-suite-api - 1.9.1
2025-02-19 09:31:49,685 - junit-platform-suite-commons - 1.9.1
2025-02-19 09:31:49,686 - junit-platform-suite-engine - 1.9.1
2025-02-19 09:31:49,688 - junit-vintage-engine - 5.9.1
2025-02-19 09:31:49,689 - org.opentest4j - 1.2.0
2025-02-19 09:31:49,690 - org.apiguardian.api - 1.1.2
2025-02-19 09:31:49,704 - org.eclipse.jdt.doc.user - 3.15.1600.v20221121-0559
2025-02-19 09:31:49,716 - org.eclipse.ant.launching - 1.3.400.v20220718-1722
2025-02-19 09:31:49,752 - org.eclipse.emf.common - 2.27.0.v20221121-1400
2025-02-19 09:31:49,798 - org.jboss.tools.m2e.wro4j.core - 1.2.1.202301111328
2025-02-19 09:31:49,800 - org.jboss.tools.m2e.wro4j.ui - 1.2.1.202301111328
2025-02-19 09:31:49,827 - org.eclipse.tm.terminal.control - 5.4.0.202211062329
2025-02-19 09:31:49,916 - org.sonatype.m2e.egit - 0.17.0.202209271423
2025-02-19 09:31:49,944 - org.eclipse.emf.ecore - 2.29.0.v20221121-1400
2025-02-19 09:31:49,946 - org.eclipse.emf.ecore.change - 2.14.0.v20190528-0725
2025-02-19 09:31:49,948 - org.eclipse.emf.ecore.xmi - 2.17.0.v20220817-1334
2025-02-19 09:31:49,957 - org.eclipse.wst.common.project.facet.core - 1.4.402.v202111212041
2025-02-19 09:31:49,958 - org.eclipse.wst.common.project.facet.ui - 1.4.602.v202007142017
2025-02-19 09:31:50,006 - org.eclipse.jst.common.project.facet.core - 1.12.100.v202208260526
2025-02-19 09:31:50,007 - org.eclipse.jst.common.project.facet.ui - 1.4.511.v202007142017
2025-02-19 09:31:50,014 - org.eclipse.jgit - 6.4.0.202211300538-r
2025-02-19 09:31:50,015 - org.eclipse.jgit.archive - 6.4.0.202211300538-r
2025-02-19 09:31:50,274 - org.apache.ant - 1.10.12.v20211102-1452
2025-02-19 09:31:50,276 - org.eclipse.ant.core - 3.6.500.v20220718-1722
2025-02-19 09:31:50,342 - com.jcraft.jsch - 0.1.55.v20221112-0806
2025-02-19 09:31:50,343 - org.eclipse.compare.core - 3.7.100.v20220812-1406
2025-02-19 09:31:50,355 - org.eclipse.compare - 3.8.500.v20220812-1406
2025-02-19 09:31:50,366 - org.eclipse.compare.win32 - 1.2.900.v20220812-1406
2025-02-19 09:31:50,369 - org.eclipse.core.filebuffers - 3.7.200.v20220202-1008
2025-02-19 09:31:50,386 - org.eclipse.core.filesystem - 1.9.500.v20220817-1539
2025-02-19 09:31:50,386 - org.eclipse.core.net - 1.4.0.v20220813-1037
2025-02-19 09:31:50,397 - org.eclipse.core.net.win32 - 1.0.100.v20220812-1406
2025-02-19 09:31:50,402 - org.eclipse.core.net.win32.x86_64 - 1.1.700.v20220812-1406
2025-02-19 09:31:50,409 - org.eclipse.core.resources - 3.18.100.v20221025-2047
2025-02-19 09:31:50,411 - org.eclipse.debug.core - 3.20.0.v20220811-0741
2025-02-19 09:31:50,421 - org.eclipse.debug.ui - 3.17.100.v20220926-1344
2025-02-19 09:31:50,448 - org.eclipse.e4.ui.ide - 3.16.200.v20221024-2137
2025-02-19 09:31:50,454 - org.eclipse.equinox.event - 1.6.100.v20211021-1418
2025-02-19 09:31:50,457 - org.eclipse.ltk.core.refactoring - 3.13.0.v20220822-0502
2025-02-19 09:31:50,464 - org.eclipse.ltk.ui.refactoring - 3.12.200.v20220808-2221
2025-02-19 09:31:50,464 - org.eclipse.platform - 4.26.0.v20221123-1800
2025-02-19 09:31:50,475 - org.eclipse.platform.doc.user - 4.26.0.v20221121-0559
2025-02-19 09:31:50,482 - org.eclipse.search - 3.14.300.v20220905-1020
2025-02-19 09:31:50,507 - org.eclipse.text.quicksearch - 1.1.400.v20221023-0941
2025-02-19 09:31:50,513 - org.eclipse.team.core - 3.9.600.v20220902-2219
2025-02-19 09:31:50,517 - org.eclipse.team.ui - 3.9.500.v20220920-2213
2025-02-19 09:31:50,525 - org.eclipse.text - 3.12.300.v20220921-1010
2025-02-19 09:31:50,530 - org.eclipse.jface.text - 3.22.0.v20221119-1047
2025-02-19 09:31:50,530 - org.eclipse.jsch.core - 1.4.0.v20220813-1037
2025-02-19 09:31:50,533 - org.eclipse.jsch.ui - 1.4.200.v20220812-1406
2025-02-19 09:31:50,534 - org.eclipse.ui.console - 3.11.400.v20221012-0524
2025-02-19 09:31:50,535 - org.eclipse.ui.intro - 3.6.600.v20220619-1918
2025-02-19 09:31:50,543 - org.eclipse.ui.intro.universal - 3.4.300.v20220619-1918
2025-02-19 09:31:50,556 - org.eclipse.ui.cheatsheets - 3.7.500.v20220903-1020
2025-02-19 09:31:50,563 - org.eclipse.ui.browser - 3.7.300.v20221024-2137
2025-02-19 09:31:50,571 - org.eclipse.ui.genericeditor - 1.2.300.v20220915-0924
2025-02-19 09:31:50,576 - org.eclipse.ui.monitoring - 1.2.300.v20221024-2137
2025-02-19 09:31:50,587 - org.eclipse.ui.navigator - 3.10.400.v20221024-2137
2025-02-19 09:31:50,597 - org.eclipse.ui.navigator.resources - 3.8.500.v20221024-2137
2025-02-19 09:31:50,600 - org.eclipse.ui.net - 1.4.100.v20220812-1406
2025-02-19 09:31:50,603 - org.eclipse.ui.workbench.texteditor - 3.16.600.v20220809-1658
2025-02-19 09:31:50,605 - org.eclipse.ui.views - 3.11.300.v20221024-2137
2025-02-19 09:31:50,605 - org.eclipse.ui.editors - 3.14.400.v20220730-1844
2025-02-19 09:31:50,607 - org.eclipse.ui.externaltools - 3.5.200.v20220618-1805
2025-02-19 09:31:50,609 - org.eclipse.ui.ide - 3.20.0.v20221027-2208
2025-02-19 09:31:50,612 - org.eclipse.ui.ide.application - 1.4.600.v20221024-2137
2025-02-19 09:31:50,616 - org.eclipse.ui.win32 - 3.4.500.v20221024-2137
2025-02-19 09:31:50,617 - org.eclipse.core.resources.win32.x86_64 - 3.5.500.v20220812-1420
2025-02-19 09:31:50,617 - org.eclipse.core.filesystem.win32.x86_64 - 1.4.300.v20220812-1420
2025-02-19 09:31:50,619 - org.eclipse.core.variables - 3.5.100.v20210721-1355
2025-02-19 09:31:50,621 - org.eclipse.ui.forms - 3.11.500.v20221024-2137
2025-02-19 09:31:50,623 - org.eclipse.ui.views.properties.tabbed - 3.9.300.v20221024-2137
2025-02-19 09:31:50,623 - org.eclipse.equinox.security - 1.3.1000.v20220801-1135
2025-02-19 09:31:50,623 - org.eclipse.equinox.security.ui - 1.3.400.v20221007-1815
2025-02-19 09:31:50,625 - org.eclipse.equinox.security.win32.x86_64 - 1.1.300.v20211021-1418
2025-02-19 09:31:50,626 - org.eclipse.core.externaltools - 1.2.300.v20220618-1805
2025-02-19 09:31:50,626 - org.eclipse.ui.themes - 1.2.2100.v20221024-2137
2025-02-19 09:31:50,632 - org.eclipse.core.runtime - 3.26.100.v20221021-0005
2025-02-19 09:31:50,647 - org.eclipse.ui.intro.quicklinks - 1.1.200.v20220619-1918
2025-02-19 09:31:50,654 - org.eclipse.team.genericeditor.diff.extension - 1.1.100.v20220812-1406
2025-02-19 09:31:50,656 - org.eclipse.urischeme - 1.2.200.v20221024-2137
2025-02-19 09:31:50,657 - org.eclipse.ui.views.log - 1.3.400.v20220907-1244
2025-02-19 09:31:50,657 - org.eclipse.debug.ui.launchview - 1.0.300.v20220811-0741
2025-02-19 13:43:07,362 - os.name - Windows 11
2025-02-19 13:43:07,363 - os.arch - amd64
2025-02-19 13:43:07,363 - os.version - 10.0
2025-02-19 13:43:07,363 - java.version - 17.0.6
2025-02-19 13:43:07,363 - java.vendor - Eclipse Adoptium
2025-02-19 13:43:07,363 - java.vendor.url - https://adoptium.net/
2025-02-19 13:43:07,363 - java.home - C:\ProgramData\chocolatey\lib\SpringToolSuite\tools\sts-4.17.2.RELEASE\plugins\org.eclipse.justj.openjdk.hotspot.jre.full.win32.x86_64_17.0.6.v20230125-1136\jre
2025-02-19 13:43:07,363 - java.vm.specification.name - Java Virtual Machine Specification
2025-02-19 13:43:07,363 - java.vm.specification.vendor - Oracle Corporation
2025-02-19 13:43:07,363 - java.vm.specification.version - 17
2025-02-19 13:43:07,363 - java.class.path - C:\ProgramData\chocolatey\lib\SpringToolSuite\tools\sts-4.17.2.RELEASE\\plugins/org.eclipse.equinox.launcher_1.6.400.v20210924-0641.jar
2025-02-19 13:43:07,363 - java.library.path - C:\ProgramData\chocolatey\lib\SpringToolSuite\tools\sts-4.17.2.RELEASE;C:\WINDOWS\Sun\Java\bin;C:\WINDOWS\system32;C:\WINDOWS;C:/ProgramData/chocolatey/lib/SpringToolSuite/tools/sts-4.17.2.RELEASE//plugins/org.eclipse.justj.openjdk.hotspot.jre.full.win32.x86_64_17.0.6.v20230125-1136/jre/bin/server;C:/ProgramData/chocolatey/lib/SpringToolSuite/tools/sts-4.17.2.RELEASE//plugins/org.eclipse.justj.openjdk.hotspot.jre.full.win32.x86_64_17.0.6.v20230125-1136/jre/bin;C:\Program Files\Microsoft MPI\Bin\;C:\Program Files\Microsoft\jdk-11.0.16.101-hotspot\bin;C:\Program Files\Common Files\Oracle\Java\javapath;C:\Program Files (x86)\Common Files\Oracle\Java\java8path;C:\Program Files (x86)\Common Files\Oracle\Java\javapath;C:\app\ASUS\product\21c\dbhomeXE\bin;C:\Program Files (x86)\VMware\VMware Player\bin\;C:\Users\ASUS\AppData\Local\Microsoft\WindowsApps;C:\Users\ASUS\AppData\Local\Programs\Microsoft VS Code\bin;C:\Program Files\JetBrains\PhpStorm 2022.2.3\bin;;C:\Users\ASUS\AppData\Roaming\npm;C:\Users\ASUS\AppData\Roaming\Composer\vendor\bin;C:\Program Files\PostgreSQL\14\bin;C:\Program Files\Java\jdk-19\bin;C:\Program Files\Microsoft SQL Server\Client SDK\ODBC\170\Tools\Binn\;C:\Program Files\Java\jdk-19\bin;C:\src\flutter\bin\cache\dart-sdk\bin;C:\Users\ASUS\AppData\Local\Pub\Cache\bin;%JRE_HOME%\bin;C:\Users\ASUS\AppData\Local\Programs\Python\Python311;C:\composer;C:\Program Files (x86)\Microsoft SQL Server\160\Tools\Binn\;C:\Program Files\Microsoft SQL Server\160\Tools\Binn\;C:\Program Files\Microsoft SQL Server\160\DTS\Binn\;C:\Windows\System32\WindowsPowerShell\v1.0;C:\Users\ASUS\AppData\Roaming\npm-cache;C:\Users\ASUS\AppData\Local\Programs\Python\Python311\Scripts;C:\webdrivers;C:\Users\ASUS\AppData\Local\Android\Sdk\tools;C:\Users\ASUS\AppData\Local\Android\Sdk\platform-tools;C:\Users\ASUS\AppData\Local\Android\Sdk\tools\bin;C:\Users\ASUS\AppData\Local\Android\Sdk\emulator;C:\ProgramData\chocolatey\bin;C:\Program Files\Kotlin\kotlinc\bin;C:\HashiCorp\Vagrant\bin;C:\ProgramData\chocolatey\lib\maven\apache-maven-3.9.4\bin;C:\Program Files\Amazon\AWSCLIV2\;C:\Program Files (x86)\Microsoft SQL Server\150\Tools\Binn\;C:\Program Files\Microsoft SQL Server\150\Tools\Binn\;C:\Program Files\Microsoft SQL Server\150\DTS\Binn\;C:\Program Files (x86)\Microsoft SQL Server\150\DTS\Binn\;C:\Program Files (x86)\Microsoft SQL Server\160\DTS\Binn\;C:\tools\php83;C:\Program Files\Git\cmd;C:\Program Files\nodejs\;C:\Program Files\Azure Data Studio\bin;C:\tools\nginx-1.27.2;C:\tools\nginx-1.27.2\conf\nginx.conf;C:\Program Files\Go\bin;C:\Program Files (x86)\Windows Kits\10\Windows Performance Toolkit\;C:\Program Files (x86)\Subversion\bin;C:\WINDOWS\system32;C:\WINDOWS;C:\WINDOWS\System32\Wbem;C:\WINDOWS\System32\WindowsPowerShell\v1.0\;C:\WINDOWS\System32\OpenSSH\;C:\ELK\elasticsearch-8.17.0\bin;C:\ELK\kibana-8.17.0\bin;C:\ELK\logstash-8.17.0\bin;C:\ELK\filebeat-8.17.0;C:\ELK\metricbeat-8.17.0;C:\ELK\apm-server-8.17.0;C:\ELK\elasticsearch-8.17.0\bin;C:\ELK\kibana-8.17.0\bin;C:\ELK\logstash-8.17.0\bin;C:\ELK\filebeat-8.17.0;C:\ELK\metricbeat-8.17.0;C:\ELK\apm-server-8.17.0;C:\Program Files\dotnet\;C:\Program Files\Microsoft MPI\Bin\;C:\Program Files\Microsoft\jdk-11.0.16.101-hotspot\bin;C:\Program Files\Common Files\Oracle\Java\javapath;C:\Program Files (x86)\Common Files\Oracle\Java\java8path;C:\Program Files (x86)\Common Files\Oracle\Java\javapath;C:\app\ASUS\product\21c\dbhomeXE\bin;C:\Program Files (x86)\VMware\VMware Player\bin\;C:\Users\ASUS\AppData\Local\Microsoft\WindowsApps;C:\Users\ASUS\AppData\Local\Programs\Microsoft VS Code\bin;C:\Program Files\JetBrains\PhpStorm 2022.2.3\bin;;C:\Users\ASUS\AppData\Roaming\npm;C:\Users\ASUS\AppData\Roaming\Composer\vendor\bin;C:\Program Files\PostgreSQL\14\bin;C:\Program Files\Java\jdk-19\bin;C:\Program Files\Microsoft SQL Server\Client SDK\ODBC\170\Tools\Binn\;C:\Program Files\Java\jdk-19\bin;C:\src\flutter\bin\cache\dart-sdk\bin;C:\Users\ASUS\AppData\Local\Pub\Cache\bin;%JRE_HOME%\bin;C:\Users\ASUS\AppData\Local\Programs\Python\Python311;C:\composer;C:\Program Files (x86)\Microsoft SQL Server\160\Tools\Binn\;C:\Program Files\Microsoft SQL Server\160\Tool;C:\Program Files\\Elastic\Beats\8.17.0\metricbeat;C:\Users\ASUS\.lmstudio\bin;C:\ProgramData\chocolatey\bin;;.
2025-02-19 13:43:07,363 - --------------------------------------
2025-02-19 13:43:07,363 - ## Eclipse Plug-ins Log Information ##
2025-02-19 13:43:07,363 - --------------------------------------
2025-02-19 13:43:07,381 - org.tigris.subversion.subclipse.core - 4.3.4.202306191346
2025-02-19 13:43:07,382 - org.tigris.subversion.subclipse.ui - 4.3.4.202306191346
2025-02-19 13:43:07,382 - com.collabnet.subversion.merge - 4.2.0.1
2025-02-19 13:43:07,384 - org.tigris.subversion.clientadapter - 1.10.0
2025-02-19 13:43:07,390 - org.eclipse.andmore.hierarchyviewer - 0.5.1.201701251432
2025-02-19 13:43:07,396 - org.eclipse.sequoyah.device.backward - 2.1.0.N20120718-0509
2025-02-19 13:43:07,398 - org.eclipse.sequoyah.device.framework - 2.1.0.N20120718-0509
2025-02-19 13:43:07,399 - org.eclipse.sequoyah.device.framework.ui - 2.1.0.N20120718-0509
2025-02-19 13:43:07,401 - org.eclipse.sequoyah.device.service.start - 2.1.0.N20120718-0509
2025-02-19 13:43:07,403 - org.eclipse.sequoyah.device.service.stop - 2.1.0.N20120718-0509
2025-02-19 13:43:07,406 - org.eclipse.sequoyah.device.framework.wizard - 2.1.0.N20120718-0509
2025-02-19 13:43:07,412 - org.eclipse.cdt.managedbuilder.gnu.ui - 8.5.0.202211211546
2025-02-19 13:43:07,414 - org.eclipse.cdt.build.gcc.core - 2.0.0.202211181555
2025-02-19 13:43:07,416 - org.eclipse.cdt.build.gcc.ui - 1.2.0.202211062329
2025-02-19 13:43:07,421 - org.eclipse.gef - 3.16.0.202311222042
2025-02-19 13:43:07,428 - org.eclipse.cdt - 11.0.0.202211062329
2025-02-19 13:43:07,431 - org.eclipse.cdt.core - 8.0.0.202211292120
2025-02-19 13:43:07,433 - org.eclipse.cdt.codan.core - 4.2.0.202211062329
2025-02-19 13:43:07,434 - org.eclipse.cdt.codan.ui - 3.5.0.202211062329
2025-02-19 13:43:07,436 - org.eclipse.cdt.codan.core.cxx - 3.6.0.202211062329
2025-02-19 13:43:07,444 - org.eclipse.cdt.codan.ui.cxx - 3.7.0.202211101937
2025-02-19 13:43:07,447 - org.eclipse.cdt.codan.checkers - 3.5.0.202211062329
2025-02-19 13:43:07,449 - org.eclipse.cdt.codan.checkers.ui - 3.4.0.202211062329
2025-02-19 13:43:07,450 - org.eclipse.cdt.debug.core - 8.8.0.202211072232
2025-02-19 13:43:07,453 - org.eclipse.cdt.debug.ui - 8.5.0.202211100047
2025-02-19 13:43:07,457 - org.eclipse.cdt.make.core - 7.6.0.202211062329
2025-02-19 13:43:07,460 - org.eclipse.cdt.make.ui - 8.2.0.202211062329
2025-02-19 13:43:07,461 - org.eclipse.cdt.managedbuilder.core - 9.5.0.202211211546
2025-02-19 13:43:07,463 - org.eclipse.cdt.managedbuilder.headlessbuilderapp - 1.1.0.202211062329
2025-02-19 13:43:07,464 - org.eclipse.cdt.managedbuilder.ui - 9.4.0.202211211546
2025-02-19 13:43:07,468 - org.eclipse.cdt.ui - 8.0.0.202211292120
2025-02-19 13:43:07,472 - org.eclipse.cdt.doc.user - 5.5.0.202211211546
2025-02-19 13:43:07,472 - org.eclipse.cdt.dsf - 2.12.0.202211062329
2025-02-19 13:43:07,474 - org.eclipse.cdt.dsf.ui - 2.7.0.202211062329
2025-02-19 13:43:07,476 - org.eclipse.cdt.flatpak.launcher - 1.1.0.202211062329
2025-02-19 13:43:07,477 - org.eclipse.cdt.native.serial - 1.3.0.202211300214
2025-02-19 13:43:07,479 - org.eclipse.cdt.platform.branding - 11.0.0.202211062329
2025-02-19 13:43:07,490 - javax.persistence - 2.2.1.v201807122140
2025-02-19 13:43:07,492 - org.eclipse.jpt.jpa.annotate - 1.0.101.v201902121834
2025-02-19 13:43:07,494 - org.eclipse.jpt.jpa.core - 3.6.1.v202301061019
2025-02-19 13:43:07,498 - org.eclipse.jpt.jpa.db - 2.2.201.v202301061019
2025-02-19 13:43:07,500 - org.eclipse.jpt.jpa.db.ui - 2.1.201.v201902121834
2025-02-19 13:43:07,502 - org.eclipse.jpt.jpa.gen - 2.3.201.v202301061019
2025-02-19 13:43:07,503 - org.eclipse.jpt.jpa.ui - 3.6.100.v202305092307
2025-02-19 13:43:07,507 - org.eclipse.jpt.doc.user - 3.2.101.v201902121834
2025-02-19 13:43:07,510 - org.eclipse.persistence.jpa.jpql - 2.7.3.v20180807-4be1041
2025-02-19 13:43:07,514 - org.apache.commons.collections - 3.2.2.v20220405-1659
2025-02-19 13:43:07,516 - org.apache.commons.lang - 2.6.0.v20220406-2305
2025-02-19 13:43:07,518 - org.apache.velocity - 1.5.0.v200905192330
2025-02-19 13:43:07,522 - org.jdom - 1.1.1.v201101151400
2025-02-19 13:43:07,525 - org.eclipse.jpt.jpa.branding - 3.4.1.v201902121834
2025-02-19 13:43:07,529 - org.sonarlint.eclipse.core - 7.13.0.80073
2025-02-19 13:43:07,530 - org.sonarlint.eclipse.ui - 7.13.0.80073
2025-02-19 13:43:07,537 - org.sonarsource.sonarlint.core.sonarlint-core-osgi - 9.0.0.74282
2025-02-19 13:43:07,538 - org.sonarlint.eclipse.cdt - 7.13.0.80073
2025-02-19 13:43:07,538 - org.sonarlint.eclipse.jdt - 7.13.0.80073
2025-02-19 13:43:07,539 - org.sonarlint.eclipse.m2e - 7.13.0.80073
2025-02-19 13:43:07,541 - org.jetbrains.kotlin.osgi-bundle - 1.6.21
2025-02-19 13:43:07,546 - org.slf4j.api - 1.7.30.v20221112-0806
2025-02-19 13:43:07,556 - org.eclipse.emf.codegen.ui - 2.23.0.v20210412-0833
2025-02-19 13:43:07,564 - org.eclipse.datatools.enablement.sqlite - 1.3.0.202305310959
2025-02-19 13:43:07,566 - org.eclipse.datatools.enablement.sqlite.dbdefinition - 1.3.0.202305310959
2025-02-19 13:43:07,574 - org.eclipse.datatools.enablement.sqlite.ui - 1.3.0.202305310959
2025-02-19 13:43:07,583 - org.eclipse.datatools.enablement.finfo - 1.8.0.202305310959
2025-02-19 13:43:07,592 - org.eclipse.jpt.common.utility - 2.4.1.v202301061019
2025-02-19 13:43:07,594 - org.eclipse.jpt.common.core - 1.5.1.v202301061019
2025-02-19 13:43:07,598 - org.eclipse.jpt.common.ui - 1.4.201.v202301061019
2025-02-19 13:43:07,600 - org.eclipse.jpt.common.branding - 1.4.1.v201902121834
2025-02-19 13:43:07,612 - jsonedit-core - 1.1.3
2025-02-19 13:43:07,615 - jsonedit-folding - 1.1.3
2025-02-19 13:43:07,618 - jsonedit-model - 1.1.3
2025-02-19 13:43:07,619 - jsonedit-outline - 1.1.3
2025-02-19 13:43:07,622 - jsonedit-preferences - 1.1.3
2025-02-19 13:43:07,623 - jsonedit-text - 1.1.3
2025-02-19 13:43:07,624 - jsonedit-editor - 1.1.3
2025-02-19 13:43:07,635 - org.eclipse.emf.converter - 2.11.0.v20220706-1313
2025-02-19 13:43:07,639 - org.eclipse.emf.importer - 2.12.0.v20190321-1539
2025-02-19 13:43:07,641 - org.eclipse.emf.exporter - 2.10.0.v20190321-1530
2025-02-19 13:43:07,644 - org.eclipse.emf.importer.ecore - 2.10.0.v20200324-0723
2025-02-19 13:43:07,647 - org.eclipse.emf.importer.java - 2.11.0.v20200324-0723
2025-02-19 13:43:07,649 - org.eclipse.emf.importer.rose - 2.11.0.v20210405-0904
2025-02-19 13:43:07,657 - org.eclipse.emf.edit.ui - 2.22.0.v20220619-0533
2025-02-19 13:43:07,664 - org.eclipse.persistence.moxy - 2.7.3.v20180807-4be1041
2025-02-19 13:43:07,666 - org.eclipse.jpt.jaxb.eclipselink.core - 1.3.201.v201902121834
2025-02-19 13:43:07,669 - org.eclipse.jpt.jaxb.eclipselink.ui - 1.4.201.v201902121834
2025-02-19 13:43:07,670 - org.eclipse.jpt.jaxb.eclipselink.core.schemagen - 1.2.202.v202104080213
2025-02-19 13:43:07,674 - org.eclipse.jpt.jaxb.eclipselink.branding - 1.4.101.v201902121834
2025-02-19 13:43:07,679 - de.anbos.eclipse.easyshell.plugin - 2.3.0.v20230630-1658
2025-02-19 13:43:07,691 - org.eclipse.sequoyah.vnc.vncviewer.vncviews - 2.1.0.N20120718-0509
2025-02-19 13:43:07,697 - org.jdom - 1.1.1.v201101151400
2025-02-19 13:43:07,698 - org.eclipse.jst.ws.cxf.consumption.core - 1.0.400.v201902162149
2025-02-19 13:43:07,701 - org.eclipse.jst.ws.cxf.consumption.ui - 1.0.500.v201910301957
2025-02-19 13:43:07,702 - org.eclipse.jst.ws.cxf.core - 1.1.600.v202107101953
2025-02-19 13:43:07,704 - org.eclipse.jst.ws.cxf.creation.core - 1.0.500.v201902162149
2025-02-19 13:43:07,706 - org.eclipse.jst.ws.cxf.creation.ui - 1.0.400.v201910301957
2025-02-19 13:43:07,708 - org.eclipse.jst.ws.cxf.ui - 1.0.500.v202104210249
2025-02-19 13:43:07,712 - javax.wsdl - 1.6.2.v201012040545
2025-02-19 13:43:07,713 - javax.jws - 2.0.0.v201005080400
2025-02-19 13:43:07,716 - jakarta.xml.bind - 2.3.3.v20221203-1659
2025-02-19 13:43:07,718 - javax.xml.stream - 1.0.1.v201004272200
2025-02-19 13:43:07,720 - javax.xml.ws - 2.1.0.v200902101523
2025-02-19 13:43:07,728 - org.eclipse.datatools.sqltools.common.ui - 1.3.0.202311071249
2025-02-19 13:43:07,730 - org.eclipse.datatools.sqltools.debugger.core - 1.3.0.202311071249
2025-02-19 13:43:07,735 - org.eclipse.datatools.sqltools.editor.core - 1.3.0.202311071249
2025-02-19 13:43:07,736 - org.eclipse.datatools.sqltools.plan - 1.3.0.202311071249
2025-02-19 13:43:07,739 - org.eclipse.datatools.sqltools.routineeditor - 1.3.0.202311071249
2025-02-19 13:43:07,740 - org.eclipse.datatools.sqltools.sql - 1.3.0.202311071249
2025-02-19 13:43:07,742 - org.eclipse.datatools.sqltools.sqleditor - 1.3.0.202311071249
2025-02-19 13:43:07,749 - org.eclipse.datatools.sqltools.sqlscrapbook - 1.3.0.202311071249
2025-02-19 13:43:07,752 - org.eclipse.datatools.help - 1.8.0.202311071249
2025-02-19 13:43:07,754 - org.eclipse.datatools.sqltools.db.generic - 1.3.0.202311071249
2025-02-19 13:43:07,755 - org.eclipse.datatools.sqltools.debugger.core.ui - 1.3.0.202311071249
2025-02-19 13:43:07,756 - org.eclipse.datatools.sqltools.editor.core.ui - 1.3.0.202311071249
2025-02-19 13:43:07,758 - org.eclipse.datatools.sqltools.result.ui - 1.4.0.202311071249
2025-02-19 13:43:07,759 - org.eclipse.datatools.sqltools.routineeditor.ui - 1.3.0.202311071249
2025-02-19 13:43:07,759 - org.eclipse.datatools.sqltools.sql.ui - 1.3.0.202311071249
2025-02-19 13:43:07,766 - org.eclipse.m2e.wtp.jsf - 1.6.0.20230118-0812
2025-02-19 13:43:07,772 - org.objectweb.asm - 9.6
2025-02-19 13:43:07,772 - org.eclipse.andmore - 0.5.1.201701251432
2025-02-19 13:43:07,774 - org.eclipse.andmore.base - 0.5.1.201701251432
2025-02-19 13:43:07,775 - org.eclipse.andmore.ddms - 0.5.1.201701251432
2025-02-19 13:43:07,775 - org.eclipse.andmore.overlay - 0.5.1.201701251432
2025-02-19 13:43:07,776 - org.apache.commons.codec - 1.14.0.v20221112-0806
2025-02-19 13:43:07,781 - org.apache.commons.compress - 1.21.0.v20211103-2100
2025-02-19 13:43:07,786 - org.apache.httpcomponents.httpclient - 4.5.13.v20221112-0806
2025-02-19 13:43:07,787 - org.apache.httpcomponents.httpcore - 4.4.15.v20220209-2345
2025-02-19 13:43:07,800 - org.eclipse.datatools.modelbase.dbdefinition - 1.3.0.202305310959
2025-02-19 13:43:07,804 - org.eclipse.datatools.modelbase.sql.edit - 1.3.0.202305310959
2025-02-19 13:43:07,807 - org.eclipse.datatools.modelbase.sql.query - 1.4.0.202305310959
2025-02-19 13:43:07,808 - org.eclipse.datatools.modelbase.sql.query.edit - 1.3.0.202305310959
2025-02-19 13:43:07,810 - org.eclipse.datatools.modelbase.sql.xml.query - 1.3.0.202305310959
2025-02-19 13:43:07,814 - org.eclipse.datatools.modelbase.sql - 1.3.0.202305310959
2025-02-19 13:43:07,820 - org.eclipse.emf.mapping - 2.12.0.v20181104-0733
2025-02-19 13:43:07,833 - org.eclipse.jpt.jaxb.core - 1.4.101.v201902121834
2025-02-19 13:43:07,834 - org.eclipse.jpt.jaxb.core.schemagen - 1.1.202.v202104080213
2025-02-19 13:43:07,837 - org.eclipse.jpt.jaxb.ui - 1.5.200.v202301061019
2025-02-19 13:43:07,838 - org.eclipse.jpt.jaxb.branding - 1.4.1.v201902121834
2025-02-19 13:43:07,849 - org.eclipse.emf.mapping.ecore.editor - 2.8.0.v20180706-1146
2025-02-19 13:43:07,850 - org.eclipse.emf.mapping.ecore2ecore.editor - 2.10.0.v20181104-0733
2025-02-19 13:43:07,852 - org.eclipse.emf.mapping.ecore2xml.ui - 2.12.0.v20190528-0725
2025-02-19 13:43:07,859 - org.eclipse.datatools.enablement.finfo - 1.8.0.202305310959
2025-02-19 13:43:07,860 - org.eclipse.datatools.sqltools.db.derby.ui - 1.3.0.202305310959
2025-02-19 13:43:07,861 - org.eclipse.datatools.sqltools.db.generic.ui - 1.3.0.202305310959
2025-02-19 13:43:07,869 - org.eclipse.jst.ws.axis2.core - 1.0.300.v201903050508
2025-02-19 13:43:07,870 - org.eclipse.jst.ws.axis2.ui - 1.0.400.v201903050508
2025-02-19 13:43:07,871 - org.eclipse.jst.ws.axis2.consumption.core - 1.0.200.v201903050508
2025-02-19 13:43:07,872 - org.eclipse.jst.ws.axis2.consumption.ui - 1.0.200.v201903050508
2025-02-19 13:43:07,875 - org.eclipse.jst.ws.axis2.creation.core - 1.0.200.v201903050508
2025-02-19 13:43:07,876 - org.eclipse.jst.ws.axis2.creation.ui - 1.0.200.v201903050508
2025-02-19 13:43:07,878 - org.eclipse.jst.ws.axis2.ui.doc.user - 1.0.200.v201903222115
2025-02-19 13:43:07,884 - org.testng.eclipse - 7.8.0.202308061717
2025-02-19 13:43:07,891 - org.eclipse.emf.ecore.edit - 2.13.0.v20190822-1451
2025-02-19 13:43:07,893 - org.eclipse.emf.ecore.change.edit - 2.8.0.v20180706-1146
2025-02-19 13:43:07,900 - org.eclipse.sequoyah.vnc.protocol - 2.1.0.N20120718-0509
2025-02-19 13:43:07,907 - org.eclipse.persistence.antlr - 3.5.2.v201711011707
2025-02-19 13:43:07,910 - org.eclipse.persistence.asm - 6.2.0.v201808041549
2025-02-19 13:43:07,915 - org.eclipse.persistence.core - 2.7.3.v20180807-4be1041
2025-02-19 13:43:07,920 - org.eclipse.persistence.jpa - 2.7.3.v20180807-4be1041
2025-02-19 13:43:07,923 - org.eclipse.jpt.jpa.eclipselink.core - 2.4.101.v201902121834
2025-02-19 13:43:07,926 - org.eclipse.jpt.jpa.eclipselink.ui - 2.4.101.v202301061019
2025-02-19 13:43:07,927 - org.eclipse.jpt.jpa.eclipselink.core.ddlgen - 2.2.201.v201902121834
2025-02-19 13:43:07,930 - org.eclipse.jpt.jpa.eclipselink.branding - 3.4.1.v201902121834
2025-02-19 13:43:07,939 - org.eclipse.emf.mapping.ecore - 2.8.0.v20180706-1146
2025-02-19 13:43:07,943 - org.eclipse.emf.mapping.ecore2ecore - 2.11.0.v20180706-1146
2025-02-19 13:43:07,946 - org.eclipse.emf.mapping.ecore2xml - 2.11.0.v20180706-1146
2025-02-19 13:43:07,954 - org.eclipse.andmore.traceview - 0.5.1.201701251432
2025-02-19 13:43:07,963 - org.eclipse.m2e.wtp.jpa - 1.6.0.20230118-0812
2025-02-19 13:43:07,970 - org.eclipse.sequoyah.localization.android - 2.1.0.N20120718-0509
2025-02-19 13:43:07,973 - org.eclipse.sequoyah.localization.android.help - 2.1.1.N20120718-0509
2025-02-19 13:43:07,990 - org.eclipse.emf.codegen - 2.22.0.v20210420-0623
2025-02-19 13:43:08,028 - org.eclipse.wst.sse.ui - 1.7.600.v202211200019
2025-02-19 13:43:08,030 - org.eclipse.wst.xml.ui - 1.2.700.v202305221615
2025-02-19 13:43:08,038 - org.eclipse.emf - 2.8.0.v20180706-1146
2025-02-19 13:43:08,045 - org.eclipse.datatools.doc.user - 1.15.0.202311071249
2025-02-19 13:43:08,046 - org.eclipse.datatools.oda.cshelp - 1.5.0.202311071249
2025-02-19 13:43:08,046 - org.eclipse.datatools.help - 1.8.0.202311071249
2025-02-19 13:43:08,052 - org.eclipse.jst.ws.jaxws.core - 1.0.600.v202104210249
2025-02-19 13:43:08,053 - org.eclipse.jst.ws.jaxws.ui - 1.0.600.v202008101342
2025-02-19 13:43:08,053 - javax.xml.ws - 2.1.0.v200902101523
2025-02-19 13:43:08,053 - javax.jws - 2.0.0.v201005080400
2025-02-19 13:43:08,054 - org.eclipse.jst.ws.annotations.core - 1.2.200.v202008101342
2025-02-19 13:43:08,055 - jakarta.xml.bind - 2.3.3.v20221203-1659
2025-02-19 13:43:08,055 - javax.xml.stream - 1.0.1.v201004272200
2025-02-19 13:43:08,056 - org.eclipse.jst.ws.jaxb.core - 1.0.200.v201902162203
2025-02-19 13:43:08,056 - javax.wsdl - 1.6.2.v201012040545
2025-02-19 13:43:08,056 - org.jdom - 1.1.1.v201101151400
2025-02-19 13:43:08,065 - org.contextmapper.dsl - 6.11.0
2025-02-19 13:43:08,067 - org.contextmapper.dsl.ide - 6.11.0
2025-02-19 13:43:08,067 - org.contextmapper.dsl.ui - 6.11.0
2025-02-19 13:43:08,073 - org.eclipse.draw2d - 3.14.100.202311222042
2025-02-19 13:43:08,083 - org.tigris.subversion.clientadapter.svnkit - 1.8.12.3
2025-02-19 13:43:08,089 - org.eclipse.emf.edit - 2.17.0.v20220201-1551
2025-02-19 13:43:08,095 - edu.umd.cs.findbugs.plugin.eclipse - 3.0.1.20150306-5afe4d1
2025-02-19 13:43:08,101 - com.github.spotbugs.plugin.eclipse - 4.7.3.r202210170504-fa9e53a
2025-02-19 13:43:08,111 - org.eclipse.wst.json.ui - 1.0.700.v202305221615
2025-02-19 13:43:08,113 - org.eclipse.wst.json.bower.ui - 1.0.300.v202305221615
2025-02-19 13:43:08,114 - org.eclipse.wst.json.eslint.ui - 1.0.300.v202305221615
2025-02-19 13:43:08,116 - org.eclipse.wst.json.jshint.ui - 1.0.300.v202305221615
2025-02-19 13:43:08,118 - org.eclipse.wst.json.npm.ui - 1.0.200.v202305221615
2025-02-19 13:43:08,126 - org.eclipse.emf.databinding.edit - 1.7.0.v20210113-0340
2025-02-19 13:43:08,133 - org.eclipse.emf.codegen.ecore - 2.32.0.v20221121-1400
2025-02-19 13:43:08,135 - org.eclipse.emf.ant - 2.11.0.v20200324-0723
2025-02-19 13:43:08,141 - org.eclipse.andmore.ndk - 0.5.1.201701251432
2025-02-19 13:43:08,146 - org.eclipse.andmore.gldebugger - 0.5.1.201701251432
2025-02-19 13:43:08,154 - com.amashchenko.eclipse.strutsclipse.tiles - 1.5.0.201803051747
2025-02-19 13:43:08,159 - com.amashchenko.eclipse.strutsclipse.plugin - 1.5.0.201803051747
2025-02-19 13:43:08,164 - org.eclipse.andmore.android.certmanager - 0.5.1.201701251432
2025-02-19 13:43:08,170 - net.mihai-nita.ansicon.plugin - 1.4.8.202208270854
2025-02-19 13:43:08,176 - org.eclipse.cdt.gdb - 7.2.0.202211062329
2025-02-19 13:43:08,177 - org.eclipse.cdt.gdb.ui - 7.2.0.202211062329
2025-02-19 13:43:08,185 - org.eclipse.sequoyah.localization.tools - 2.1.0.N20120718-0509
2025-02-19 13:43:08,187 - org.eclipse.sequoyah.localization.editor - 2.1.0.N20120718-0509
2025-02-19 13:43:08,193 - org.eclipse.m2e.wtp.jaxrs - 1.6.0.20230118-0812
2025-02-19 13:43:08,197 - org.eclipse.datatools.sqltools.sql - 1.3.0.202311071249
2025-02-19 13:43:08,197 - org.eclipse.datatools.sqltools.common.ui - 1.3.0.202311071249
2025-02-19 13:43:08,197 - org.eclipse.datatools.sqltools.plan - 1.3.0.202311071249
2025-02-19 13:43:08,197 - org.eclipse.datatools.sqltools.editor.core - 1.3.0.202311071249
2025-02-19 13:43:08,197 - org.eclipse.datatools.sqltools.sqleditor - 1.3.0.202311071249
2025-02-19 13:43:08,199 - org.eclipse.datatools.sqltools.ddlgen.ui - 1.3.0.202311071249
2025-02-19 13:43:08,201 - org.eclipse.datatools.connectivity.db.generic - 1.3.0.202311071249
2025-02-19 13:43:08,201 - org.eclipse.datatools.sqltools.editor.core.ui - 1.3.0.202311071249
2025-02-19 13:43:08,201 - org.eclipse.datatools.sqltools.sql.ui - 1.3.0.202311071249
2025-02-19 13:43:08,207 - org.eclipse.cdt.dsf.gdb - 7.0.0.202211221643
2025-02-19 13:43:08,208 - org.eclipse.cdt.dsf.gdb.ui - 2.8.0.202211062329
2025-02-19 13:43:08,214 - org.eclipse.emf.common.ui - 2.20.0.v20220226-1304
2025-02-19 13:43:08,220 - org.eclipse.sequoyah.device.common.utilities - 2.1.0.N20120718-0509
2025-02-19 13:43:08,225 - org.eclipse.andmore.android.common - 0.5.1.201701251432
2025-02-19 13:43:08,227 - org.eclipse.andmore.android.codeutils - 0.5.1.201701251432
2025-02-19 13:43:08,228 - org.eclipse.andmore.android.translation - 0.5.1.201701251432
2025-02-19 13:43:08,230 - org.eclipse.andmore.android.codesnippets - 0.5.1.201701251432
2025-02-19 13:43:08,232 - org.eclipse.andmore.android.db.core - 0.5.1.201701251432
2025-02-19 13:43:08,232 - org.eclipse.andmore.android.logger - 0.5.1.201701251432
2025-02-19 13:43:08,234 - org.eclipse.andmore.android - 0.5.1.201701251432
2025-02-19 13:43:08,236 - org.eclipse.andmore.android.emulator - 0.5.1.201701251432
2025-02-19 13:43:08,240 - org.eclipse.andmore.android.launch - 0.5.1.201701251432
2025-02-19 13:43:08,241 - org.eclipse.andmore.android.packaging.ui - 0.5.1.201701251432
2025-02-19 13:43:08,242 - org.eclipse.andmore.android.handset - 0.5.1.201701251432
2025-02-19 13:43:08,245 - org.eclipse.andmore.android.remote - 0.5.1.201701251432
2025-02-19 13:43:08,245 - org.eclipse.andmore.android.win32.x86_64 - 0.5.1.201701251432
2025-02-19 13:43:08,247 - org.eclipse.andmore.android.mat - 0.5.1.201701251432
2025-02-19 13:43:08,249 - org.eclipse.andmore.android.devices.services - 0.5.1.201701251432
2025-02-19 13:43:08,251 - org.eclipse.andmore.android.db.devices - 0.5.1.201701251432
2025-02-19 13:43:08,252 - org.eclipse.andmore.android.installer - 0.5.1.201701251432
2025-02-19 13:43:08,254 - org.eclipse.andmore.android.logger.collector - 0.5.1.201701251432
2025-02-19 13:43:08,260 - org.eclipse.emf.mapping.ui - 2.10.0.v20181104-0733
2025-02-19 13:43:08,266 - net.sf.eclipsecs.branding - 10.9.3.202308241720
2025-02-19 13:43:08,267 - net.sf.eclipsecs.core - 10.9.3.202308242329
2025-02-19 13:43:08,270 - net.sf.eclipsecs.doc - 10.9.3.202308241720
2025-02-19 13:43:08,276 - net.sf.eclipsecs.checkstyle - 10.9.3.202308242329
2025-02-19 13:43:08,278 - net.sf.eclipsecs.ui - 10.9.3.202308241720
2025-02-19 13:43:08,284 - org.eclipse.sequoyah.vnc.vncviewer - 2.1.0.N20120718-0509
2025-02-19 13:43:08,293 - org.eclipse.emf.codegen.ecore.ui - 2.32.0.v20220925-1245
2025-02-19 13:43:08,300 - org.eclipse.emf.ecore.editor - 2.17.0.v20190528-0725
2025-02-19 13:43:08,307 - org.eclipse.jpt.common.eclipselink.core - 1.3.400.v202208190239
2025-02-19 13:43:08,309 - org.eclipse.jpt.common.eclipselink.branding - 1.3.101.v201902121834
2025-02-19 13:43:08,315 - org.tigris.subversion.subclipse.graph - 4.2.0.1
2025-02-19 13:43:08,321 - org.eclipse.emf.databinding - 1.6.0.v20220517-0824
2025-02-19 13:43:08,331 - org.eclipse.datatools.connectivity.sqm.core.ui - 1.5.0.202311071249
2025-02-19 13:43:08,336 - org.eclipse.datatools.connectivity.sqm.core - 1.6.0.202311071345
2025-02-19 13:43:08,338 - org.eclipse.datatools.connectivity.sqm.server.ui - 1.4.0.202311071249
2025-02-19 13:43:08,342 - org.eclipse.datatools.connectivity.ui.dse - 1.4.0.202311071249
2025-02-19 13:43:08,348 - org.eclipse.datatools.connectivity.ui - 1.5.0.202311071249
2025-02-19 13:43:08,349 - org.eclipse.datatools.connectivity - 1.15.0.202311071249
2025-02-19 13:43:08,349 - org.eclipse.datatools.help - 1.8.0.202311071249
2025-02-19 13:43:08,350 - org.eclipse.datatools.connectivity.console.profile - 1.3.0.202311071249
2025-02-19 13:43:08,356 - org.eclipse.cdt.core.native - 6.3.0.202211062329
2025-02-19 13:43:08,357 - org.eclipse.cdt.core.win32 - 6.1.0.202211062329
2025-02-19 13:43:08,358 - org.eclipse.cdt.core.win32.x86_64 - 6.1.0.202211300214
2025-02-19 13:43:08,358 - org.eclipse.cdt.native.serial - 1.3.0.202211300214
2025-02-19 13:43:08,365 - org.eclipse.cdt.launch - 10.4.0.202211062329
2025-02-19 13:43:08,372 - javax.el - 2.2.0.v201303151357
2025-02-19 13:43:08,374 - jakarta.servlet-api - 4.0.0
2025-02-19 13:43:08,377 - javax.servlet.jsp-api - 2.3.3
2025-02-19 13:43:08,379 - com.sun.el - 2.2.0.v201303151357
2025-02-19 13:43:08,381 - org.apache.jasper.glassfish - 2.2.2.v201501141630
2025-02-19 13:43:08,386 - org.apache.lucene.analyzers-common - 8.4.1.v20221112-0806
2025-02-19 13:43:08,398 - org.apache.lucene.core - 9.7.0.v20230703-0758
2025-02-19 13:43:08,402 - org.apache.lucene.analyzers-smartcn - 8.4.1.v20221112-0806
2025-02-19 13:43:08,404 - org.eclipse.equinox.http.jetty - 3.8.200.v20221109-0702
2025-02-19 13:43:08,406 - org.eclipse.equinox.http.registry - 1.3.200.v20220720-2012
2025-02-19 13:43:08,408 - org.eclipse.equinox.http.servlet - 1.7.400.v20221006-1531
2025-02-19 13:43:08,409 - org.eclipse.equinox.jsp.jasper - 1.1.700.v20220801-1124
2025-02-19 13:43:08,411 - org.eclipse.equinox.jsp.jasper.registry - 1.2.100.v20211021-1418
2025-02-19 13:43:08,414 - org.eclipse.help.base - 4.3.900.v20221123-1800
2025-02-19 13:43:08,416 - org.eclipse.help.ui - 4.4.100.v20220619-1918
2025-02-19 13:43:08,417 - org.eclipse.help.webapp - 3.10.900.v20221103-0933
2025-02-19 13:43:08,421 - org.eclipse.jetty.http - 10.0.12
2025-02-19 13:43:08,423 - org.eclipse.jetty.io - 10.0.12
2025-02-19 13:43:08,424 - org.eclipse.jetty.security - 10.0.12
2025-02-19 13:43:08,427 - org.eclipse.jetty.server - 10.0.12
2025-02-19 13:43:08,429 - org.eclipse.jetty.servlet - 10.0.12
2025-02-19 13:43:08,431 - org.eclipse.jetty.util - 10.0.12
2025-02-19 13:43:08,432 - org.eclipse.jetty.util.ajax - 10.0.12
2025-02-19 13:43:08,435 - org.eclipse.core.net - 1.4.0.v20220813-1037
2025-02-19 13:43:08,438 - org.eclipse.equinox.security - 1.3.1000.v20220801-1135
2025-02-19 13:43:08,446 - org.eclipse.egit.gitflow - 6.4.0.202211300538-r
2025-02-19 13:43:08,448 - org.eclipse.egit.gitflow.ui - 6.4.0.202211300538-r
2025-02-19 13:43:08,456 - org.eclipse.tm.terminal.connector.ssh - 4.8.0.202211062329
2025-02-19 13:43:08,461 - org.eclipse.mylyn.wikitext - 3.0.45.202211090110
2025-02-19 13:43:08,462 - org.eclipse.mylyn.wikitext.ant - 3.0.45.202211090110
2025-02-19 13:43:08,465 - org.eclipse.mylyn.wikitext.osgi - 3.0.45.202211090110
2025-02-19 13:43:08,467 - org.eclipse.mylyn.wikitext.asciidoc - 3.0.45.202211090110
2025-02-19 13:43:08,468 - org.eclipse.mylyn.wikitext.textile - 3.0.45.202211090110
2025-02-19 13:43:08,469 - org.eclipse.mylyn.wikitext.html - 3.0.45.202211090110
2025-02-19 13:43:08,470 - org.eclipse.mylyn.wikitext.markdown - 3.0.45.202211090110
2025-02-19 13:43:08,473 - org.eclipse.mylyn.wikitext.mediawiki - 3.0.45.202211090110
2025-02-19 13:43:08,475 - org.eclipse.mylyn.wikitext.confluence - 3.0.45.202211090110
2025-02-19 13:43:08,476 - org.eclipse.mylyn.wikitext.tracwiki - 3.0.45.202211090110
2025-02-19 13:43:08,477 - org.eclipse.mylyn.wikitext.twiki - 3.0.45.202211090110
2025-02-19 13:43:08,481 - org.eclipse.mylyn.wikitext.ui - 3.0.45.202211090110
2025-02-19 13:43:08,483 - org.eclipse.mylyn.wikitext.help.ui - 3.0.45.202211090110
2025-02-19 13:43:08,485 - org.eclipse.mylyn.wikitext.asciidoc.ui - 3.0.45.202211090110
2025-02-19 13:43:08,487 - org.eclipse.mylyn.wikitext.textile.ui - 3.0.45.202211090110
2025-02-19 13:43:08,488 - org.eclipse.mylyn.wikitext.markdown.ui - 3.0.45.202211090110
2025-02-19 13:43:08,490 - org.eclipse.mylyn.wikitext.mediawiki.ui - 3.0.45.202211090110
2025-02-19 13:43:08,492 - org.eclipse.mylyn.wikitext.confluence.ui - 3.0.45.202211090110
2025-02-19 13:43:08,493 - org.eclipse.mylyn.wikitext.tracwiki.ui - 3.0.45.202211090110
2025-02-19 13:43:08,497 - org.eclipse.mylyn.wikitext.twiki.ui - 3.0.45.202211090110
2025-02-19 13:43:08,511 - org.eclipse.m2e.logback - 2.1.0.20221015-0744
2025-02-19 13:43:08,520 - org.eclipse.buildship.compat - 3.1.6.v20220511-1359
2025-02-19 13:43:08,521 - org.eclipse.buildship.core - 3.1.6.v20220511-1359
2025-02-19 13:43:08,521 - org.eclipse.buildship.ui - 3.1.6.v20220511-1359
2025-02-19 13:43:08,523 - org.eclipse.buildship.branding - 3.1.6.v20220511-1359
2025-02-19 13:43:08,528 - org.eclipse.egit.core - 6.4.0.202211300538-r
2025-02-19 13:43:08,532 - org.eclipse.egit.ui - 6.4.0.202211300538-r
2025-02-19 13:43:08,545 - org.eclipse.egit - 6.4.0.202211300538-r
2025-02-19 13:43:08,550 - org.eclipse.egit.doc - 6.4.0.202211300538-r
2025-02-19 13:43:08,560 - org.eclipse.justj.openjdk.hotspot.jre.full - 17.0.6.v20230125-1136
2025-02-19 13:43:08,562 - org.eclipse.justj.openjdk.hotspot.jre.full.win32.x86_64 - 17.0.6.v20230125-1136
2025-02-19 13:43:08,631 - org.eclipse.userstorage - 1.2.0.v20210517-0327
2025-02-19 13:43:08,636 - org.eclipse.userstorage.ui - 1.1.0.v20190307-0457
2025-02-19 13:43:08,641 - org.eclipse.userstorage.oauth - 1.1.0.v20190307-0457
2025-02-19 13:43:08,669 - org.eclipse.m2e.wtp - 1.5.2.20220906-1452
2025-02-19 13:43:08,674 - org.eclipse.m2e.wtp.overlay - 1.5.0.20220805-2025
2025-02-19 13:43:08,675 - org.eclipse.m2e.wtp.overlay.ui - 1.5.0.20220805-2025
2025-02-19 13:43:08,698 - org.eclipse.tm.terminal.view.core - 4.9.0.202211062329
2025-02-19 13:43:08,699 - org.eclipse.tm.terminal.view.ui - 4.11.0.202211062329
2025-02-19 13:43:08,711 - org.eclipse.jgit.http.apache - 6.4.0.202211300538-r
2025-02-19 13:43:08,740 - org.eclipse.m2e.archetype.common - 3.2.102.20221130-2149
2025-02-19 13:43:08,746 - org.eclipse.m2e.model.edit - 2.0.100.20221115-1709
2025-02-19 13:43:08,751 - org.eclipse.m2e.core - 2.0.5.20221128-1757
2025-02-19 13:43:08,753 - org.eclipse.m2e.launching - 2.0.2.20221122-2012
2025-02-19 13:43:08,756 - org.eclipse.m2e.workspace.cli - 0.3.1
2025-02-19 13:43:08,758 - org.eclipse.m2e.jdt - 2.0.4.20221130-2135
2025-02-19 13:43:08,761 - org.eclipse.m2e.editor - 2.0.2.20221115-1709
2025-02-19 13:43:08,763 - org.eclipse.m2e.maven.runtime - 3.8.604.20221130-2149
2025-02-19 13:43:08,766 - org.eclipse.m2e.refactoring - 2.0.2.20221115-1709
2025-02-19 13:43:08,768 - org.eclipse.m2e.discovery - 2.0.1.20221101-1753
2025-02-19 13:43:08,768 - org.eclipse.m2e.core.ui - 2.0.2.20221113-1617
2025-02-19 13:43:08,771 - org.eclipse.m2e.scm - 2.0.1.20221101-1753
2025-02-19 13:43:08,772 - org.eclipse.m2e.jdt.ui - 2.0.1.20221115-1709
2025-02-19 13:43:08,773 - org.eclipse.m2e.profiles.core - 2.1.0.20221110-1338
2025-02-19 13:43:08,776 - org.eclipse.m2e.profiles.ui - 2.0.1.20221101-1753
2025-02-19 13:43:08,776 - org.eclipse.m2e.sourcelookup - 2.0.1.20221118-1906
2025-02-19 13:43:08,776 - org.eclipse.m2e.sourcelookup.ui - 2.0.1.20221118-1906
2025-02-19 13:43:08,778 - org.eclipse.m2e.binaryproject - 2.1.0.20221115-1709
2025-02-19 13:43:08,779 - org.eclipse.m2e.binaryproject.ui - 2.0.0.20220705-1221
2025-02-19 13:43:08,780 - org.eclipse.m2e.apt.core - 2.0.2.20221020-0713
2025-02-19 13:43:08,781 - org.eclipse.m2e.apt.ui - 2.0.2.20221115-1709
2025-02-19 13:43:08,784 - org.eclipse.m2e.mavenarchiver - 2.0.2.20221115-1709
2025-02-19 13:43:08,791 - org.eclipse.help - 3.9.100.v20210721-0601
2025-02-19 13:43:08,792 - org.eclipse.ui - 3.201.200.v20221024-2137
2025-02-19 13:43:08,793 - org.eclipse.ui.workbench - 3.127.0.v20221024-2137
2025-02-19 13:43:08,794 - org.eclipse.update.configurator - 3.4.1000.v20221114-1512
2025-02-19 13:43:08,795 - org.eclipse.rcp - 4.26.0.v20221123-1800
2025-02-19 13:43:08,797 - com.ibm.icu - 74.1
2025-02-19 13:43:08,803 - org.eclipse.jgit.lfs - 6.4.0.202211300538-r
2025-02-19 13:43:08,805 - org.eclipse.jgit.lfs.server - 6.4.0.202211300538-r
2025-02-19 13:43:08,814 - org.eclipse.epp.mpc.core - 1.10.1.v20221110-1841
2025-02-19 13:43:08,815 - org.eclipse.epp.mpc.core.win32 - 1.10.1.v20221110-1841
2025-02-19 13:43:08,816 - org.eclipse.epp.mpc.ui - 1.10.1.v20221110-1841
2025-02-19 13:43:08,817 - org.eclipse.epp.mpc.ui.css - 1.10.1.v20221110-1841
2025-02-19 13:43:08,818 - org.eclipse.epp.mpc.help.ui - 1.10.1.v20221110-1841
2025-02-19 13:43:08,844 - org.eclipse.jgit.gpg.bc - 6.4.0.202211300538-r
2025-02-19 13:43:08,854 - org.eclipse.pde - 3.13.2100.v20221123-1800
2025-02-19 13:43:08,863 - org.eclipse.pde.build - 3.11.400.v20220923-1253
2025-02-19 13:43:08,865 - org.eclipse.pde.core - 3.16.0.v20221119-0340
2025-02-19 13:43:08,866 - org.eclipse.pde.junit.runtime - 3.6.200.v20220523-1051
2025-02-19 13:43:08,866 - org.eclipse.pde.runtime - 3.7.500.v20221012-2030
2025-02-19 13:43:08,868 - org.eclipse.pde.ui - 3.13.700.v20221114-1716
2025-02-19 13:43:08,873 - org.eclipse.pde.doc.user - 3.14.1800.v20221121-0559
2025-02-19 13:43:08,876 - org.eclipse.pde.ui.templates - 3.7.700.v20220802-1520
2025-02-19 13:43:08,878 - org.eclipse.pde.api.tools - 1.2.1100.v20221114-1728
2025-02-19 13:43:08,880 - org.eclipse.pde.api.tools.annotations - 1.1.500.v20220813-1730
2025-02-19 13:43:08,881 - org.eclipse.pde.api.tools.ui - 1.2.700.v20220329-0844
2025-02-19 13:43:08,882 - org.eclipse.pde.ds.core - 1.2.500.v20220411-2005
2025-02-19 13:43:08,885 - org.eclipse.pde.ds.ui - 1.2.300.v20220310-2159
2025-02-19 13:43:08,886 - org.eclipse.pde.launching - 3.10.200.v20221108-1157
2025-02-19 13:43:08,888 - org.eclipse.pde.ua.core - 1.2.300.v20211004-0555
2025-02-19 13:43:08,891 - org.eclipse.pde.ua.ui - 1.2.400.v20220317-0700
2025-02-19 13:43:08,894 - org.eclipse.ui.trace - 1.2.200.v20220310-2159
2025-02-19 13:43:08,895 - org.eclipse.pde.ds.annotations - 1.2.500.v20220811-0944
2025-02-19 13:43:08,897 - org.eclipse.pde.genericeditor.extension - 1.1.300.v20220810-1011
2025-02-19 13:43:08,909 - org.eclipse.tools.layout.spy - 1.1.100.v20221111-1233
2025-02-19 13:43:08,912 - org.eclipse.pde.spy.core - 1.0.200.v20220331-1637
2025-02-19 13:43:08,913 - org.eclipse.pde.spy.model - 0.12.400.v20220621-1036
2025-02-19 13:43:08,913 - org.eclipse.pde.spy.css - 0.12.300.v20220512-1208
2025-02-19 13:43:08,913 - org.eclipse.pde.spy.preferences - 0.12.300.v20220512-1208
2025-02-19 13:43:08,913 - org.eclipse.pde.spy.context - 1.0.400.v20221119-0340
2025-02-19 13:43:08,913 - org.eclipse.pde.spy.bundle - 0.12.200.v20220512-1208
2025-02-19 13:43:08,913 - org.eclipse.pde.spy.event - 1.0.100.v20221114-1716
2025-02-19 13:43:08,946 - org.eclipse.jgit.ssh.apache - 6.4.0.202211300538-r
2025-02-19 13:43:08,946 - org.eclipse.jgit.ssh.apache.agent - 6.4.0.202211300538-r
2025-02-19 13:43:08,957 - org.eclipse.jdt - 3.18.1400.v20221123-1800
2025-02-19 13:43:08,959 - org.eclipse.ant.ui - 3.8.300.v20220718-1722
2025-02-19 13:43:08,960 - org.eclipse.jdt.apt.core - 3.7.50.v20210914-1429
2025-02-19 13:43:08,963 - org.eclipse.jdt.apt.ui - 3.7.0.v20210620-1751
2025-02-19 13:43:08,964 - org.eclipse.jdt.apt.pluggable.core - 1.3.0.v20210618-1653
2025-02-19 13:43:08,967 - org.eclipse.jdt.compiler.apt - 1.4.300.v20221108-0856
2025-02-19 13:43:08,967 - org.eclipse.jdt.compiler.tool - 1.3.200.v20220802-0458
2025-02-19 13:43:08,982 - org.eclipse.jdt.core - 3.32.0.v20221108-1853
2025-02-19 13:43:08,983 - org.eclipse.jdt.core.formatterapp - 1.1.0.v20210618-1653
2025-02-19 13:43:08,984 - org.eclipse.jdt.annotation - 2.2.700.v20220826-1026
2025-02-19 13:43:08,984 - org.eclipse.jdt.annotation - 2.2.700.v20220826-1026
2025-02-19 13:43:08,987 - org.eclipse.jdt.core.manipulation - 1.17.0.v20221026-1918
2025-02-19 13:43:08,987 - org.eclipse.jdt.debug.ui - 3.12.900.v20221001-0715
2025-02-19 13:43:08,991 - org.eclipse.jdt.debug - 3.20.0.v20220922-0905
2025-02-19 13:43:08,992 - org.eclipse.jdt.junit - 3.15.100.v20220909-2154
2025-02-19 13:43:08,993 - org.eclipse.jdt.junit.core - 3.11.500.v20221031-1935
2025-02-19 13:43:09,002 - org.eclipse.jdt.junit.runtime - 3.7.0.v20220609-1843
2025-02-19 13:43:09,003 - org.eclipse.jdt.junit4.runtime - 1.3.0.v20220609-1843
2025-02-19 13:43:09,004 - org.eclipse.jdt.junit5.runtime - 1.1.100.v20220907-0450
2025-02-19 13:43:09,006 - org.eclipse.jdt.launching - 3.19.800.v20221107-1851
2025-02-19 13:43:09,006 - org.eclipse.jdt.ui - 3.27.100.v20221122-0749
2025-02-19 13:43:09,011 - org.junit - 4.13.2.v20211018-1956
2025-02-19 13:43:09,012 - org.hamcrest.core - 1.3.0.v20180420-1519
2025-02-19 13:43:09,015 - junit-jupiter-api - 5.9.1
2025-02-19 13:43:09,016 - junit-jupiter-engine - 5.9.1
2025-02-19 13:43:09,018 - junit-jupiter-migrationsupport - 5.9.1
2025-02-19 13:43:09,019 - junit-jupiter-params - 5.9.1
2025-02-19 13:43:09,022 - junit-platform-commons - 1.9.1
2025-02-19 13:43:09,023 - junit-platform-engine - 1.9.1
2025-02-19 13:43:09,026 - junit-platform-launcher - 1.9.1
2025-02-19 13:43:09,027 - junit-platform-runner - 1.9.1
2025-02-19 13:43:09,028 - junit-platform-suite-api - 1.9.1
2025-02-19 13:43:09,029 - junit-platform-suite-commons - 1.9.1
2025-02-19 13:43:09,030 - junit-platform-suite-engine - 1.9.1
2025-02-19 13:43:09,034 - junit-vintage-engine - 5.9.1
2025-02-19 13:43:09,035 - org.opentest4j - 1.2.0
2025-02-19 13:43:09,035 - org.apiguardian.api - 1.1.2
2025-02-19 13:43:09,039 - org.eclipse.jdt.doc.user - 3.15.1600.v20221121-0559
2025-02-19 13:43:09,042 - org.eclipse.ant.launching - 1.3.400.v20220718-1722
2025-02-19 13:43:09,047 - org.eclipse.emf.common - 2.27.0.v20221121-1400
2025-02-19 13:43:09,054 - org.jboss.tools.m2e.wro4j.core - 1.2.1.202301111328
2025-02-19 13:43:09,055 - org.jboss.tools.m2e.wro4j.ui - 1.2.1.202301111328
2025-02-19 13:43:09,059 - org.eclipse.tm.terminal.control - 5.4.0.202211062329
2025-02-19 13:43:09,066 - org.sonatype.m2e.egit - 0.17.0.202209271423
2025-02-19 13:43:09,070 - org.eclipse.emf.ecore - 2.29.0.v20221121-1400
2025-02-19 13:43:09,072 - org.eclipse.emf.ecore.change - 2.14.0.v20190528-0725
2025-02-19 13:43:09,073 - org.eclipse.emf.ecore.xmi - 2.17.0.v20220817-1334
2025-02-19 13:43:09,079 - org.eclipse.wst.common.project.facet.core - 1.4.402.v202111212041
2025-02-19 13:43:09,081 - org.eclipse.wst.common.project.facet.ui - 1.4.602.v202007142017
2025-02-19 13:43:09,091 - org.eclipse.jst.common.project.facet.core - 1.12.100.v202208260526
2025-02-19 13:43:09,093 - org.eclipse.jst.common.project.facet.ui - 1.4.511.v202007142017
2025-02-19 13:43:09,099 - org.eclipse.jgit - 6.4.0.202211300538-r
2025-02-19 13:43:09,100 - org.eclipse.jgit.archive - 6.4.0.202211300538-r
2025-02-19 13:43:09,142 - org.apache.ant - 1.10.12.v20211102-1452
2025-02-19 13:43:09,143 - org.eclipse.ant.core - 3.6.500.v20220718-1722
2025-02-19 13:43:09,145 - com.jcraft.jsch - 0.1.55.v20221112-0806
2025-02-19 13:43:09,145 - org.eclipse.compare.core - 3.7.100.v20220812-1406
2025-02-19 13:43:09,146 - org.eclipse.compare - 3.8.500.v20220812-1406
2025-02-19 13:43:09,147 - org.eclipse.compare.win32 - 1.2.900.v20220812-1406
2025-02-19 13:43:09,148 - org.eclipse.core.filebuffers - 3.7.200.v20220202-1008
2025-02-19 13:43:09,151 - org.eclipse.core.filesystem - 1.9.500.v20220817-1539
2025-02-19 13:43:09,151 - org.eclipse.core.net - 1.4.0.v20220813-1037
2025-02-19 13:43:09,152 - org.eclipse.core.net.win32 - 1.0.100.v20220812-1406
2025-02-19 13:43:09,152 - org.eclipse.core.net.win32.x86_64 - 1.1.700.v20220812-1406
2025-02-19 13:43:09,156 - org.eclipse.core.resources - 3.18.100.v20221025-2047
2025-02-19 13:43:09,156 - org.eclipse.debug.core - 3.20.0.v20220811-0741
2025-02-19 13:43:09,158 - org.eclipse.debug.ui - 3.17.100.v20220926-1344
2025-02-19 13:43:09,159 - org.eclipse.e4.ui.ide - 3.16.200.v20221024-2137
2025-02-19 13:43:09,161 - org.eclipse.equinox.event - 1.6.100.v20211021-1418
2025-02-19 13:43:09,162 - org.eclipse.ltk.core.refactoring - 3.13.0.v20220822-0502
2025-02-19 13:43:09,162 - org.eclipse.ltk.ui.refactoring - 3.12.200.v20220808-2221
2025-02-19 13:43:09,162 - org.eclipse.platform - 4.26.0.v20221123-1800
2025-02-19 13:43:09,169 - org.eclipse.platform.doc.user - 4.26.0.v20221121-0559
2025-02-19 13:43:09,170 - org.eclipse.search - 3.14.300.v20220905-1020
2025-02-19 13:43:09,175 - org.eclipse.text.quicksearch - 1.1.400.v20221023-0941
2025-02-19 13:43:09,176 - org.eclipse.team.core - 3.9.600.v20220902-2219
2025-02-19 13:43:09,177 - org.eclipse.team.ui - 3.9.500.v20220920-2213
2025-02-19 13:43:09,186 - org.eclipse.text - 3.12.300.v20220921-1010
2025-02-19 13:43:09,187 - org.eclipse.jface.text - 3.22.0.v20221119-1047
2025-02-19 13:43:09,190 - org.eclipse.jsch.core - 1.4.0.v20220813-1037
2025-02-19 13:43:09,192 - org.eclipse.jsch.ui - 1.4.200.v20220812-1406
2025-02-19 13:43:09,194 - org.eclipse.ui.console - 3.11.400.v20221012-0524
2025-02-19 13:43:09,199 - org.eclipse.ui.intro - 3.6.600.v20220619-1918
2025-02-19 13:43:09,203 - org.eclipse.ui.intro.universal - 3.4.300.v20220619-1918
2025-02-19 13:43:09,204 - org.eclipse.ui.cheatsheets - 3.7.500.v20220903-1020
2025-02-19 13:43:09,204 - org.eclipse.ui.browser - 3.7.300.v20221024-2137
2025-02-19 13:43:09,207 - org.eclipse.ui.genericeditor - 1.2.300.v20220915-0924
2025-02-19 13:43:09,207 - org.eclipse.ui.monitoring - 1.2.300.v20221024-2137
2025-02-19 13:43:09,208 - org.eclipse.ui.navigator - 3.10.400.v20221024-2137
2025-02-19 13:43:09,214 - org.eclipse.ui.navigator.resources - 3.8.500.v20221024-2137
2025-02-19 13:43:09,216 - org.eclipse.ui.net - 1.4.100.v20220812-1406
2025-02-19 13:43:09,217 - org.eclipse.ui.workbench.texteditor - 3.16.600.v20220809-1658
2025-02-19 13:43:09,218 - org.eclipse.ui.views - 3.11.300.v20221024-2137
2025-02-19 13:43:09,218 - org.eclipse.ui.editors - 3.14.400.v20220730-1844
2025-02-19 13:43:09,227 - org.eclipse.ui.externaltools - 3.5.200.v20220618-1805
2025-02-19 13:43:09,230 - org.eclipse.ui.ide - 3.20.0.v20221027-2208
2025-02-19 13:43:09,230 - org.eclipse.ui.ide.application - 1.4.600.v20221024-2137
2025-02-19 13:43:09,231 - org.eclipse.ui.win32 - 3.4.500.v20221024-2137
2025-02-19 13:43:09,231 - org.eclipse.core.resources.win32.x86_64 - 3.5.500.v20220812-1420
2025-02-19 13:43:09,231 - org.eclipse.core.filesystem.win32.x86_64 - 1.4.300.v20220812-1420
2025-02-19 13:43:09,231 - org.eclipse.core.variables - 3.5.100.v20210721-1355
2025-02-19 13:43:09,234 - org.eclipse.ui.forms - 3.11.500.v20221024-2137
2025-02-19 13:43:09,236 - org.eclipse.ui.views.properties.tabbed - 3.9.300.v20221024-2137
2025-02-19 13:43:09,236 - org.eclipse.equinox.security - 1.3.1000.v20220801-1135
2025-02-19 13:43:09,237 - org.eclipse.equinox.security.ui - 1.3.400.v20221007-1815
2025-02-19 13:43:09,238 - org.eclipse.equinox.security.win32.x86_64 - 1.1.300.v20211021-1418
2025-02-19 13:43:09,240 - org.eclipse.core.externaltools - 1.2.300.v20220618-1805
2025-02-19 13:43:09,240 - org.eclipse.ui.themes - 1.2.2100.v20221024-2137
2025-02-19 13:43:09,241 - org.eclipse.core.runtime - 3.26.100.v20221021-0005
2025-02-19 13:43:09,243 - org.eclipse.ui.intro.quicklinks - 1.1.200.v20220619-1918
2025-02-19 13:43:09,245 - org.eclipse.team.genericeditor.diff.extension - 1.1.100.v20220812-1406
2025-02-19 13:43:09,246 - org.eclipse.urischeme - 1.2.200.v20221024-2137
2025-02-19 13:43:09,246 - org.eclipse.ui.views.log - 1.3.400.v20220907-1244
2025-02-19 13:43:09,246 - org.eclipse.debug.ui.launchview - 1.0.300.v20220811-0741
2025-02-19 18:20:03,613 - os.name - Windows 11
2025-02-19 18:20:03,616 - os.arch - amd64
2025-02-19 18:20:03,616 - os.version - 10.0
2025-02-19 18:20:03,616 - java.version - 17.0.6
2025-02-19 18:20:03,616 - java.vendor - Eclipse Adoptium
2025-02-19 18:20:03,616 - java.vendor.url - https://adoptium.net/
2025-02-19 18:20:03,616 - java.home - C:\ProgramData\chocolatey\lib\SpringToolSuite\tools\sts-4.17.2.RELEASE\plugins\org.eclipse.justj.openjdk.hotspot.jre.full.win32.x86_64_17.0.6.v20230125-1136\jre
2025-02-19 18:20:03,616 - java.vm.specification.name - Java Virtual Machine Specification
2025-02-19 18:20:03,616 - java.vm.specification.vendor - Oracle Corporation
2025-02-19 18:20:03,617 - java.vm.specification.version - 17
2025-02-19 18:20:03,617 - java.class.path - C:\ProgramData\chocolatey\lib\SpringToolSuite\tools\sts-4.17.2.RELEASE\\plugins/org.eclipse.equinox.launcher_1.6.400.v20210924-0641.jar
2025-02-19 18:20:03,617 - java.library.path - C:\ProgramData\chocolatey\lib\SpringToolSuite\tools\sts-4.17.2.RELEASE;C:\WINDOWS\Sun\Java\bin;C:\WINDOWS\system32;C:\WINDOWS;C:/ProgramData/chocolatey/lib/SpringToolSuite/tools/sts-4.17.2.RELEASE//plugins/org.eclipse.justj.openjdk.hotspot.jre.full.win32.x86_64_17.0.6.v20230125-1136/jre/bin/server;C:/ProgramData/chocolatey/lib/SpringToolSuite/tools/sts-4.17.2.RELEASE//plugins/org.eclipse.justj.openjdk.hotspot.jre.full.win32.x86_64_17.0.6.v20230125-1136/jre/bin;C:\Program Files\Microsoft MPI\Bin\;C:\Program Files\Microsoft\jdk-11.0.16.101-hotspot\bin;C:\Program Files\Common Files\Oracle\Java\javapath;C:\Program Files (x86)\Common Files\Oracle\Java\java8path;C:\Program Files (x86)\Common Files\Oracle\Java\javapath;C:\app\ASUS\product\21c\dbhomeXE\bin;C:\Program Files (x86)\VMware\VMware Player\bin\;C:\Users\ASUS\AppData\Local\Microsoft\WindowsApps;C:\Users\ASUS\AppData\Local\Programs\Microsoft VS Code\bin;C:\Program Files\JetBrains\PhpStorm 2022.2.3\bin;;C:\Users\ASUS\AppData\Roaming\npm;C:\Users\ASUS\AppData\Roaming\Composer\vendor\bin;C:\Program Files\PostgreSQL\14\bin;C:\Program Files\Java\jdk-19\bin;C:\Program Files\Microsoft SQL Server\Client SDK\ODBC\170\Tools\Binn\;C:\Program Files\Java\jdk-19\bin;C:\src\flutter\bin\cache\dart-sdk\bin;C:\Users\ASUS\AppData\Local\Pub\Cache\bin;%JRE_HOME%\bin;C:\Users\ASUS\AppData\Local\Programs\Python\Python311;C:\composer;C:\Program Files (x86)\Microsoft SQL Server\160\Tools\Binn\;C:\Program Files\Microsoft SQL Server\160\Tools\Binn\;C:\Program Files\Microsoft SQL Server\160\DTS\Binn\;C:\Windows\System32\WindowsPowerShell\v1.0;C:\Users\ASUS\AppData\Roaming\npm-cache;C:\Users\ASUS\AppData\Local\Programs\Python\Python311\Scripts;C:\webdrivers;C:\Users\ASUS\AppData\Local\Android\Sdk\tools;C:\Users\ASUS\AppData\Local\Android\Sdk\platform-tools;C:\Users\ASUS\AppData\Local\Android\Sdk\tools\bin;C:\Users\ASUS\AppData\Local\Android\Sdk\emulator;C:\ProgramData\chocolatey\bin;C:\Program Files\Kotlin\kotlinc\bin;C:\HashiCorp\Vagrant\bin;C:\ProgramData\chocolatey\lib\maven\apache-maven-3.9.4\bin;C:\Program Files\Amazon\AWSCLIV2\;C:\Program Files (x86)\Microsoft SQL Server\150\Tools\Binn\;C:\Program Files\Microsoft SQL Server\150\Tools\Binn\;C:\Program Files\Microsoft SQL Server\150\DTS\Binn\;C:\Program Files (x86)\Microsoft SQL Server\150\DTS\Binn\;C:\Program Files (x86)\Microsoft SQL Server\160\DTS\Binn\;C:\tools\php83;C:\Program Files\Git\cmd;C:\Program Files\nodejs\;C:\Program Files\Azure Data Studio\bin;C:\tools\nginx-1.27.2;C:\tools\nginx-1.27.2\conf\nginx.conf;C:\Program Files\Go\bin;C:\Program Files (x86)\Windows Kits\10\Windows Performance Toolkit\;C:\Program Files (x86)\Subversion\bin;C:\WINDOWS\system32;C:\WINDOWS;C:\WINDOWS\System32\Wbem;C:\WINDOWS\System32\WindowsPowerShell\v1.0\;C:\WINDOWS\System32\OpenSSH\;C:\ELK\elasticsearch-8.17.0\bin;C:\ELK\kibana-8.17.0\bin;C:\ELK\logstash-8.17.0\bin;C:\ELK\filebeat-8.17.0;C:\ELK\metricbeat-8.17.0;C:\ELK\apm-server-8.17.0;C:\ELK\elasticsearch-8.17.0\bin;C:\ELK\kibana-8.17.0\bin;C:\ELK\logstash-8.17.0\bin;C:\ELK\filebeat-8.17.0;C:\ELK\metricbeat-8.17.0;C:\ELK\apm-server-8.17.0;C:\Program Files\dotnet\;C:\Program Files\Microsoft MPI\Bin\;C:\Program Files\Microsoft\jdk-11.0.16.101-hotspot\bin;C:\Program Files\Common Files\Oracle\Java\javapath;C:\Program Files (x86)\Common Files\Oracle\Java\java8path;C:\Program Files (x86)\Common Files\Oracle\Java\javapath;C:\app\ASUS\product\21c\dbhomeXE\bin;C:\Program Files (x86)\VMware\VMware Player\bin\;C:\Users\ASUS\AppData\Local\Microsoft\WindowsApps;C:\Users\ASUS\AppData\Local\Programs\Microsoft VS Code\bin;C:\Program Files\JetBrains\PhpStorm 2022.2.3\bin;;C:\Users\ASUS\AppData\Roaming\npm;C:\Users\ASUS\AppData\Roaming\Composer\vendor\bin;C:\Program Files\PostgreSQL\14\bin;C:\Program Files\Java\jdk-19\bin;C:\Program Files\Microsoft SQL Server\Client SDK\ODBC\170\Tools\Binn\;C:\Program Files\Java\jdk-19\bin;C:\src\flutter\bin\cache\dart-sdk\bin;C:\Users\ASUS\AppData\Local\Pub\Cache\bin;%JRE_HOME%\bin;C:\Users\ASUS\AppData\Local\Programs\Python\Python311;C:\composer;C:\Program Files (x86)\Microsoft SQL Server\160\Tools\Binn\;C:\Program Files\Microsoft SQL Server\160\Tool;C:\Program Files\\Elastic\Beats\8.17.0\metricbeat;C:\Users\ASUS\.lmstudio\bin;C:\ProgramData\chocolatey\bin;;.
2025-02-19 18:20:03,617 - --------------------------------------
2025-02-19 18:20:03,617 - ## Eclipse Plug-ins Log Information ##
2025-02-19 18:20:03,617 - --------------------------------------
2025-02-19 18:20:03,652 - org.tigris.subversion.subclipse.core - 4.3.4.202306191346
2025-02-19 18:20:03,653 - org.tigris.subversion.subclipse.ui - 4.3.4.202306191346
2025-02-19 18:20:03,657 - com.collabnet.subversion.merge - 4.2.0.1
2025-02-19 18:20:03,657 - org.tigris.subversion.clientadapter - 1.10.0
2025-02-19 18:20:03,663 - org.eclipse.andmore.hierarchyviewer - 0.5.1.201701251432
2025-02-19 18:20:03,681 - org.eclipse.sequoyah.device.backward - 2.1.0.N20120718-0509
2025-02-19 18:20:03,683 - org.eclipse.sequoyah.device.framework - 2.1.0.N20120718-0509
2025-02-19 18:20:03,685 - org.eclipse.sequoyah.device.framework.ui - 2.1.0.N20120718-0509
2025-02-19 18:20:03,686 - org.eclipse.sequoyah.device.service.start - 2.1.0.N20120718-0509
2025-02-19 18:20:03,688 - org.eclipse.sequoyah.device.service.stop - 2.1.0.N20120718-0509
2025-02-19 18:20:03,690 - org.eclipse.sequoyah.device.framework.wizard - 2.1.0.N20120718-0509
2025-02-19 18:20:03,698 - org.eclipse.cdt.managedbuilder.gnu.ui - 8.5.0.202211211546
2025-02-19 18:20:03,699 - org.eclipse.cdt.build.gcc.core - 2.0.0.202211181555
2025-02-19 18:20:03,699 - org.eclipse.cdt.build.gcc.ui - 1.2.0.202211062329
2025-02-19 18:20:03,706 - org.eclipse.gef - 3.16.0.202311222042
2025-02-19 18:20:03,713 - org.eclipse.cdt - 11.0.0.202211062329
2025-02-19 18:20:03,715 - org.eclipse.cdt.core - 8.0.0.202211292120
2025-02-19 18:20:03,716 - org.eclipse.cdt.codan.core - 4.2.0.202211062329
2025-02-19 18:20:03,716 - org.eclipse.cdt.codan.ui - 3.5.0.202211062329
2025-02-19 18:20:03,718 - org.eclipse.cdt.codan.core.cxx - 3.6.0.202211062329
2025-02-19 18:20:03,719 - org.eclipse.cdt.codan.ui.cxx - 3.7.0.202211101937
2025-02-19 18:20:03,722 - org.eclipse.cdt.codan.checkers - 3.5.0.202211062329
2025-02-19 18:20:03,724 - org.eclipse.cdt.codan.checkers.ui - 3.4.0.202211062329
2025-02-19 18:20:03,726 - org.eclipse.cdt.debug.core - 8.8.0.202211072232
2025-02-19 18:20:03,728 - org.eclipse.cdt.debug.ui - 8.5.0.202211100047
2025-02-19 18:20:03,729 - org.eclipse.cdt.make.core - 7.6.0.202211062329
2025-02-19 18:20:03,731 - org.eclipse.cdt.make.ui - 8.2.0.202211062329
2025-02-19 18:20:03,731 - org.eclipse.cdt.managedbuilder.core - 9.5.0.202211211546
2025-02-19 18:20:03,732 - org.eclipse.cdt.managedbuilder.headlessbuilderapp - 1.1.0.202211062329
2025-02-19 18:20:03,733 - org.eclipse.cdt.managedbuilder.ui - 9.4.0.202211211546
2025-02-19 18:20:03,735 - org.eclipse.cdt.ui - 8.0.0.202211292120
2025-02-19 18:20:03,736 - org.eclipse.cdt.doc.user - 5.5.0.202211211546
2025-02-19 18:20:03,736 - org.eclipse.cdt.dsf - 2.12.0.202211062329
2025-02-19 18:20:03,737 - org.eclipse.cdt.dsf.ui - 2.7.0.202211062329
2025-02-19 18:20:03,749 - org.eclipse.cdt.flatpak.launcher - 1.1.0.202211062329
2025-02-19 18:20:03,750 - org.eclipse.cdt.native.serial - 1.3.0.202211300214
2025-02-19 18:20:03,751 - org.eclipse.cdt.platform.branding - 11.0.0.202211062329
2025-02-19 18:20:03,761 - javax.persistence - 2.2.1.v201807122140
2025-02-19 18:20:03,766 - org.eclipse.jpt.jpa.annotate - 1.0.101.v201902121834
2025-02-19 18:20:03,768 - org.eclipse.jpt.jpa.core - 3.6.1.v202301061019
2025-02-19 18:20:03,770 - org.eclipse.jpt.jpa.db - 2.2.201.v202301061019
2025-02-19 18:20:03,771 - org.eclipse.jpt.jpa.db.ui - 2.1.201.v201902121834
2025-02-19 18:20:03,775 - org.eclipse.jpt.jpa.gen - 2.3.201.v202301061019
2025-02-19 18:20:03,777 - org.eclipse.jpt.jpa.ui - 3.6.100.v202305092307
2025-02-19 18:20:03,779 - org.eclipse.jpt.doc.user - 3.2.101.v201902121834
2025-02-19 18:20:03,781 - org.eclipse.persistence.jpa.jpql - 2.7.3.v20180807-4be1041
2025-02-19 18:20:03,793 - org.apache.commons.collections - 3.2.2.v20220405-1659
2025-02-19 18:20:03,798 - org.apache.commons.lang - 2.6.0.v20220406-2305
2025-02-19 18:20:03,802 - org.apache.velocity - 1.5.0.v200905192330
2025-02-19 18:20:03,804 - org.jdom - 1.1.1.v201101151400
2025-02-19 18:20:03,805 - org.eclipse.jpt.jpa.branding - 3.4.1.v201902121834
2025-02-19 18:20:03,818 - org.sonarlint.eclipse.core - 7.13.0.80073
2025-02-19 18:20:03,819 - org.sonarlint.eclipse.ui - 7.13.0.80073
2025-02-19 18:20:03,822 - org.sonarsource.sonarlint.core.sonarlint-core-osgi - 9.0.0.74282
2025-02-19 18:20:03,823 - org.sonarlint.eclipse.cdt - 7.13.0.80073
2025-02-19 18:20:03,825 - org.sonarlint.eclipse.jdt - 7.13.0.80073
2025-02-19 18:20:03,826 - org.sonarlint.eclipse.m2e - 7.13.0.80073
2025-02-19 18:20:03,830 - org.jetbrains.kotlin.osgi-bundle - 1.6.21
2025-02-19 18:20:03,836 - org.slf4j.api - 1.7.30.v20221112-0806
2025-02-19 18:20:03,853 - org.eclipse.emf.codegen.ui - 2.23.0.v20210412-0833
2025-02-19 18:20:03,867 - org.eclipse.datatools.enablement.sqlite - 1.3.0.202305310959
2025-02-19 18:20:03,869 - org.eclipse.datatools.enablement.sqlite.dbdefinition - 1.3.0.202305310959
2025-02-19 18:20:03,870 - org.eclipse.datatools.enablement.sqlite.ui - 1.3.0.202305310959
2025-02-19 18:20:03,873 - org.eclipse.datatools.enablement.finfo - 1.8.0.202305310959
2025-02-19 18:20:03,889 - org.eclipse.jpt.common.utility - 2.4.1.v202301061019
2025-02-19 18:20:03,893 - org.eclipse.jpt.common.core - 1.5.1.v202301061019
2025-02-19 18:20:03,896 - org.eclipse.jpt.common.ui - 1.4.201.v202301061019
2025-02-19 18:20:03,900 - org.eclipse.jpt.common.branding - 1.4.1.v201902121834
2025-02-19 18:20:03,945 - jsonedit-core - 1.1.3
2025-02-19 18:20:03,948 - jsonedit-folding - 1.1.3
2025-02-19 18:20:03,954 - jsonedit-model - 1.1.3
2025-02-19 18:20:03,958 - jsonedit-outline - 1.1.3
2025-02-19 18:20:03,961 - jsonedit-preferences - 1.1.3
2025-02-19 18:20:03,962 - jsonedit-text - 1.1.3
2025-02-19 18:20:03,966 - jsonedit-editor - 1.1.3
2025-02-19 18:20:04,002 - org.eclipse.emf.converter - 2.11.0.v20220706-1313
2025-02-19 18:20:04,011 - org.eclipse.emf.importer - 2.12.0.v20190321-1539
2025-02-19 18:20:04,017 - org.eclipse.emf.exporter - 2.10.0.v20190321-1530
2025-02-19 18:20:04,021 - org.eclipse.emf.importer.ecore - 2.10.0.v20200324-0723
2025-02-19 18:20:04,024 - org.eclipse.emf.importer.java - 2.11.0.v20200324-0723
2025-02-19 18:20:04,033 - org.eclipse.emf.importer.rose - 2.11.0.v20210405-0904
2025-02-19 18:20:04,049 - org.eclipse.emf.edit.ui - 2.22.0.v20220619-0533
2025-02-19 18:20:04,066 - org.eclipse.persistence.moxy - 2.7.3.v20180807-4be1041
2025-02-19 18:20:04,067 - org.eclipse.jpt.jaxb.eclipselink.core - 1.3.201.v201902121834
2025-02-19 18:20:04,071 - org.eclipse.jpt.jaxb.eclipselink.ui - 1.4.201.v201902121834
2025-02-19 18:20:04,072 - org.eclipse.jpt.jaxb.eclipselink.core.schemagen - 1.2.202.v202104080213
2025-02-19 18:20:04,073 - org.eclipse.jpt.jaxb.eclipselink.branding - 1.4.101.v201902121834
2025-02-19 18:20:04,087 - de.anbos.eclipse.easyshell.plugin - 2.3.0.v20230630-1658
2025-02-19 18:20:04,100 - org.eclipse.sequoyah.vnc.vncviewer.vncviews - 2.1.0.N20120718-0509
2025-02-19 18:20:04,108 - org.jdom - 1.1.1.v201101151400
2025-02-19 18:20:04,109 - org.eclipse.jst.ws.cxf.consumption.core - 1.0.400.v201902162149
2025-02-19 18:20:04,109 - org.eclipse.jst.ws.cxf.consumption.ui - 1.0.500.v201910301957
2025-02-19 18:20:04,112 - org.eclipse.jst.ws.cxf.core - 1.1.600.v202107101953
2025-02-19 18:20:04,120 - org.eclipse.jst.ws.cxf.creation.core - 1.0.500.v201902162149
2025-02-19 18:20:04,121 - org.eclipse.jst.ws.cxf.creation.ui - 1.0.400.v201910301957
2025-02-19 18:20:04,123 - org.eclipse.jst.ws.cxf.ui - 1.0.500.v202104210249
2025-02-19 18:20:04,125 - javax.wsdl - 1.6.2.v201012040545
2025-02-19 18:20:04,126 - javax.jws - 2.0.0.v201005080400
2025-02-19 18:20:04,129 - jakarta.xml.bind - 2.3.3.v20221203-1659
2025-02-19 18:20:04,130 - javax.xml.stream - 1.0.1.v201004272200
2025-02-19 18:20:04,132 - javax.xml.ws - 2.1.0.v200902101523
2025-02-19 18:20:04,139 - org.eclipse.datatools.sqltools.common.ui - 1.3.0.202311071249
2025-02-19 18:20:04,139 - org.eclipse.datatools.sqltools.debugger.core - 1.3.0.202311071249
2025-02-19 18:20:04,141 - org.eclipse.datatools.sqltools.editor.core - 1.3.0.202311071249
2025-02-19 18:20:04,141 - org.eclipse.datatools.sqltools.plan - 1.3.0.202311071249
2025-02-19 18:20:04,142 - org.eclipse.datatools.sqltools.routineeditor - 1.3.0.202311071249
2025-02-19 18:20:04,143 - org.eclipse.datatools.sqltools.sql - 1.3.0.202311071249
2025-02-19 18:20:04,144 - org.eclipse.datatools.sqltools.sqleditor - 1.3.0.202311071249
2025-02-19 18:20:04,146 - org.eclipse.datatools.sqltools.sqlscrapbook - 1.3.0.202311071249
2025-02-19 18:20:04,147 - org.eclipse.datatools.help - 1.8.0.202311071249
2025-02-19 18:20:04,148 - org.eclipse.datatools.sqltools.db.generic - 1.3.0.202311071249
2025-02-19 18:20:04,148 - org.eclipse.datatools.sqltools.debugger.core.ui - 1.3.0.202311071249
2025-02-19 18:20:04,149 - org.eclipse.datatools.sqltools.editor.core.ui - 1.3.0.202311071249
2025-02-19 18:20:04,153 - org.eclipse.datatools.sqltools.result.ui - 1.4.0.202311071249
2025-02-19 18:20:04,154 - org.eclipse.datatools.sqltools.routineeditor.ui - 1.3.0.202311071249
2025-02-19 18:20:04,155 - org.eclipse.datatools.sqltools.sql.ui - 1.3.0.202311071249
2025-02-19 18:20:04,164 - org.eclipse.m2e.wtp.jsf - 1.6.0.20230118-0812
2025-02-19 18:20:04,172 - org.objectweb.asm - 9.6
2025-02-19 18:20:04,172 - org.eclipse.andmore - 0.5.1.201701251432
2025-02-19 18:20:04,173 - org.eclipse.andmore.base - 0.5.1.201701251432
2025-02-19 18:20:04,176 - org.eclipse.andmore.ddms - 0.5.1.201701251432
2025-02-19 18:20:04,177 - org.eclipse.andmore.overlay - 0.5.1.201701251432
2025-02-19 18:20:04,178 - org.apache.commons.codec - 1.14.0.v20221112-0806
2025-02-19 18:20:04,181 - org.apache.commons.compress - 1.21.0.v20211103-2100
2025-02-19 18:20:04,182 - org.apache.httpcomponents.httpclient - 4.5.13.v20221112-0806
2025-02-19 18:20:04,183 - org.apache.httpcomponents.httpcore - 4.4.15.v20220209-2345
2025-02-19 18:20:04,193 - org.eclipse.datatools.modelbase.dbdefinition - 1.3.0.202305310959
2025-02-19 18:20:04,194 - org.eclipse.datatools.modelbase.sql.edit - 1.3.0.202305310959
2025-02-19 18:20:04,195 - org.eclipse.datatools.modelbase.sql.query - 1.4.0.202305310959
2025-02-19 18:20:04,197 - org.eclipse.datatools.modelbase.sql.query.edit - 1.3.0.202305310959
2025-02-19 18:20:04,198 - org.eclipse.datatools.modelbase.sql.xml.query - 1.3.0.202305310959
2025-02-19 18:20:04,200 - org.eclipse.datatools.modelbase.sql - 1.3.0.202305310959
2025-02-19 18:20:04,206 - org.eclipse.emf.mapping - 2.12.0.v20181104-0733
2025-02-19 18:20:04,221 - org.eclipse.jpt.jaxb.core - 1.4.101.v201902121834
2025-02-19 18:20:04,222 - org.eclipse.jpt.jaxb.core.schemagen - 1.1.202.v202104080213
2025-02-19 18:20:04,223 - org.eclipse.jpt.jaxb.ui - 1.5.200.v202301061019
2025-02-19 18:20:04,224 - org.eclipse.jpt.jaxb.branding - 1.4.1.v201902121834
2025-02-19 18:20:04,231 - org.eclipse.emf.mapping.ecore.editor - 2.8.0.v20180706-1146
2025-02-19 18:20:04,232 - org.eclipse.emf.mapping.ecore2ecore.editor - 2.10.0.v20181104-0733
2025-02-19 18:20:04,233 - org.eclipse.emf.mapping.ecore2xml.ui - 2.12.0.v20190528-0725
2025-02-19 18:20:04,239 - org.eclipse.datatools.enablement.finfo - 1.8.0.202305310959
2025-02-19 18:20:04,240 - org.eclipse.datatools.sqltools.db.derby.ui - 1.3.0.202305310959
2025-02-19 18:20:04,241 - org.eclipse.datatools.sqltools.db.generic.ui - 1.3.0.202305310959
2025-02-19 18:20:04,246 - org.eclipse.jst.ws.axis2.core - 1.0.300.v201903050508
2025-02-19 18:20:04,248 - org.eclipse.jst.ws.axis2.ui - 1.0.400.v201903050508
2025-02-19 18:20:04,249 - org.eclipse.jst.ws.axis2.consumption.core - 1.0.200.v201903050508
2025-02-19 18:20:04,250 - org.eclipse.jst.ws.axis2.consumption.ui - 1.0.200.v201903050508
2025-02-19 18:20:04,250 - org.eclipse.jst.ws.axis2.creation.core - 1.0.200.v201903050508
2025-02-19 18:20:04,251 - org.eclipse.jst.ws.axis2.creation.ui - 1.0.200.v201903050508
2025-02-19 18:20:04,253 - org.eclipse.jst.ws.axis2.ui.doc.user - 1.0.200.v201903222115
2025-02-19 18:20:04,260 - org.testng.eclipse - 7.8.0.202308061717
2025-02-19 18:20:04,266 - org.eclipse.emf.ecore.edit - 2.13.0.v20190822-1451
2025-02-19 18:20:04,269 - org.eclipse.emf.ecore.change.edit - 2.8.0.v20180706-1146
2025-02-19 18:20:04,276 - org.eclipse.sequoyah.vnc.protocol - 2.1.0.N20120718-0509
2025-02-19 18:20:04,284 - org.eclipse.persistence.antlr - 3.5.2.v201711011707
2025-02-19 18:20:04,286 - org.eclipse.persistence.asm - 6.2.0.v201808041549
2025-02-19 18:20:04,290 - org.eclipse.persistence.core - 2.7.3.v20180807-4be1041
2025-02-19 18:20:04,292 - org.eclipse.persistence.jpa - 2.7.3.v20180807-4be1041
2025-02-19 18:20:04,294 - org.eclipse.jpt.jpa.eclipselink.core - 2.4.101.v201902121834
2025-02-19 18:20:04,296 - org.eclipse.jpt.jpa.eclipselink.ui - 2.4.101.v202301061019
2025-02-19 18:20:04,297 - org.eclipse.jpt.jpa.eclipselink.core.ddlgen - 2.2.201.v201902121834
2025-02-19 18:20:04,299 - org.eclipse.jpt.jpa.eclipselink.branding - 3.4.1.v201902121834
2025-02-19 18:20:04,305 - org.eclipse.emf.mapping.ecore - 2.8.0.v20180706-1146
2025-02-19 18:20:04,307 - org.eclipse.emf.mapping.ecore2ecore - 2.11.0.v20180706-1146
2025-02-19 18:20:04,309 - org.eclipse.emf.mapping.ecore2xml - 2.11.0.v20180706-1146
2025-02-19 18:20:04,316 - org.eclipse.andmore.traceview - 0.5.1.201701251432
2025-02-19 18:20:04,321 - org.eclipse.m2e.wtp.jpa - 1.6.0.20230118-0812
2025-02-19 18:20:04,328 - org.eclipse.sequoyah.localization.android - 2.1.0.N20120718-0509
2025-02-19 18:20:04,329 - org.eclipse.sequoyah.localization.android.help - 2.1.1.N20120718-0509
2025-02-19 18:20:04,337 - org.eclipse.emf.codegen - 2.22.0.v20210420-0623
2025-02-19 18:20:04,345 - org.eclipse.wst.sse.ui - 1.7.600.v202211200019
2025-02-19 18:20:04,347 - org.eclipse.wst.xml.ui - 1.2.700.v202305221615
2025-02-19 18:20:04,356 - org.eclipse.emf - 2.8.0.v20180706-1146
2025-02-19 18:20:04,363 - org.eclipse.datatools.doc.user - 1.15.0.202311071249
2025-02-19 18:20:04,364 - org.eclipse.datatools.oda.cshelp - 1.5.0.202311071249
2025-02-19 18:20:04,364 - org.eclipse.datatools.help - 1.8.0.202311071249
2025-02-19 18:20:04,370 - org.eclipse.jst.ws.jaxws.core - 1.0.600.v202104210249
2025-02-19 18:20:04,371 - org.eclipse.jst.ws.jaxws.ui - 1.0.600.v202008101342
2025-02-19 18:20:04,371 - javax.xml.ws - 2.1.0.v200902101523
2025-02-19 18:20:04,371 - javax.jws - 2.0.0.v201005080400
2025-02-19 18:20:04,372 - org.eclipse.jst.ws.annotations.core - 1.2.200.v202008101342
2025-02-19 18:20:04,372 - jakarta.xml.bind - 2.3.3.v20221203-1659
2025-02-19 18:20:04,372 - javax.xml.stream - 1.0.1.v201004272200
2025-02-19 18:20:04,373 - org.eclipse.jst.ws.jaxb.core - 1.0.200.v201902162203
2025-02-19 18:20:04,373 - javax.wsdl - 1.6.2.v201012040545
2025-02-19 18:20:04,373 - org.jdom - 1.1.1.v201101151400
2025-02-19 18:20:04,379 - org.contextmapper.dsl - 6.11.0
2025-02-19 18:20:04,380 - org.contextmapper.dsl.ide - 6.11.0
2025-02-19 18:20:04,380 - org.contextmapper.dsl.ui - 6.11.0
2025-02-19 18:20:04,386 - org.eclipse.draw2d - 3.14.100.202311222042
2025-02-19 18:20:04,398 - org.tigris.subversion.clientadapter.svnkit - 1.8.12.3
2025-02-19 18:20:04,404 - org.eclipse.emf.edit - 2.17.0.v20220201-1551
2025-02-19 18:20:04,411 - edu.umd.cs.findbugs.plugin.eclipse - 3.0.1.20150306-5afe4d1
2025-02-19 18:20:04,493 - com.github.spotbugs.plugin.eclipse - 4.7.3.r202210170504-fa9e53a
2025-02-19 18:20:04,500 - org.eclipse.wst.json.ui - 1.0.700.v202305221615
2025-02-19 18:20:04,502 - org.eclipse.wst.json.bower.ui - 1.0.300.v202305221615
2025-02-19 18:20:04,503 - org.eclipse.wst.json.eslint.ui - 1.0.300.v202305221615
2025-02-19 18:20:04,506 - org.eclipse.wst.json.jshint.ui - 1.0.300.v202305221615
2025-02-19 18:20:04,511 - org.eclipse.wst.json.npm.ui - 1.0.200.v202305221615
2025-02-19 18:20:04,523 - org.eclipse.emf.databinding.edit - 1.7.0.v20210113-0340
2025-02-19 18:20:04,532 - org.eclipse.emf.codegen.ecore - 2.32.0.v20221121-1400
2025-02-19 18:20:04,533 - org.eclipse.emf.ant - 2.11.0.v20200324-0723
2025-02-19 18:20:04,544 - org.eclipse.andmore.ndk - 0.5.1.201701251432
2025-02-19 18:20:04,552 - org.eclipse.andmore.gldebugger - 0.5.1.201701251432
2025-02-19 18:20:04,564 - com.amashchenko.eclipse.strutsclipse.tiles - 1.5.0.201803051747
2025-02-19 18:20:04,574 - com.amashchenko.eclipse.strutsclipse.plugin - 1.5.0.201803051747
2025-02-19 18:20:04,589 - org.eclipse.andmore.android.certmanager - 0.5.1.201701251432
2025-02-19 18:20:04,599 - net.mihai-nita.ansicon.plugin - 1.4.8.202208270854
2025-02-19 18:20:04,607 - org.eclipse.cdt.gdb - 7.2.0.202211062329
2025-02-19 18:20:04,609 - org.eclipse.cdt.gdb.ui - 7.2.0.202211062329
2025-02-19 18:20:04,620 - org.eclipse.sequoyah.localization.tools - 2.1.0.N20120718-0509
2025-02-19 18:20:04,621 - org.eclipse.sequoyah.localization.editor - 2.1.0.N20120718-0509
2025-02-19 18:20:04,635 - org.eclipse.m2e.wtp.jaxrs - 1.6.0.20230118-0812
2025-02-19 18:20:04,644 - org.eclipse.datatools.sqltools.sql - 1.3.0.202311071249
2025-02-19 18:20:04,644 - org.eclipse.datatools.sqltools.common.ui - 1.3.0.202311071249
2025-02-19 18:20:04,644 - org.eclipse.datatools.sqltools.plan - 1.3.0.202311071249
2025-02-19 18:20:04,644 - org.eclipse.datatools.sqltools.editor.core - 1.3.0.202311071249
2025-02-19 18:20:04,644 - org.eclipse.datatools.sqltools.sqleditor - 1.3.0.202311071249
2025-02-19 18:20:04,647 - org.eclipse.datatools.sqltools.ddlgen.ui - 1.3.0.202311071249
2025-02-19 18:20:04,648 - org.eclipse.datatools.connectivity.db.generic - 1.3.0.202311071249
2025-02-19 18:20:04,649 - org.eclipse.datatools.sqltools.editor.core.ui - 1.3.0.202311071249
2025-02-19 18:20:04,649 - org.eclipse.datatools.sqltools.sql.ui - 1.3.0.202311071249
2025-02-19 18:20:04,657 - org.eclipse.cdt.dsf.gdb - 7.0.0.202211221643
2025-02-19 18:20:04,658 - org.eclipse.cdt.dsf.gdb.ui - 2.8.0.202211062329
2025-02-19 18:20:04,669 - org.eclipse.emf.common.ui - 2.20.0.v20220226-1304
2025-02-19 18:20:04,678 - org.eclipse.sequoyah.device.common.utilities - 2.1.0.N20120718-0509
2025-02-19 18:20:04,685 - org.eclipse.andmore.android.common - 0.5.1.201701251432
2025-02-19 18:20:04,686 - org.eclipse.andmore.android.codeutils - 0.5.1.201701251432
2025-02-19 18:20:04,688 - org.eclipse.andmore.android.translation - 0.5.1.201701251432
2025-02-19 18:20:04,690 - org.eclipse.andmore.android.codesnippets - 0.5.1.201701251432
2025-02-19 18:20:04,691 - org.eclipse.andmore.android.db.core - 0.5.1.201701251432
2025-02-19 18:20:04,691 - org.eclipse.andmore.android.logger - 0.5.1.201701251432
2025-02-19 18:20:04,693 - org.eclipse.andmore.android - 0.5.1.201701251432
2025-02-19 18:20:04,699 - org.eclipse.andmore.android.emulator - 0.5.1.201701251432
2025-02-19 18:20:04,700 - org.eclipse.andmore.android.launch - 0.5.1.201701251432
2025-02-19 18:20:04,701 - org.eclipse.andmore.android.packaging.ui - 0.5.1.201701251432
2025-02-19 18:20:04,702 - org.eclipse.andmore.android.handset - 0.5.1.201701251432
2025-02-19 18:20:04,704 - org.eclipse.andmore.android.remote - 0.5.1.201701251432
2025-02-19 18:20:04,705 - org.eclipse.andmore.android.win32.x86_64 - 0.5.1.201701251432
2025-02-19 18:20:04,706 - org.eclipse.andmore.android.mat - 0.5.1.201701251432
2025-02-19 18:20:04,709 - org.eclipse.andmore.android.devices.services - 0.5.1.201701251432
2025-02-19 18:20:04,711 - org.eclipse.andmore.android.db.devices - 0.5.1.201701251432
2025-02-19 18:20:04,713 - org.eclipse.andmore.android.installer - 0.5.1.201701251432
2025-02-19 18:20:04,714 - org.eclipse.andmore.android.logger.collector - 0.5.1.201701251432
2025-02-19 18:20:04,723 - org.eclipse.emf.mapping.ui - 2.10.0.v20181104-0733
2025-02-19 18:20:04,732 - net.sf.eclipsecs.branding - 10.9.3.202308241720
2025-02-19 18:20:04,733 - net.sf.eclipsecs.core - 10.9.3.202308242329
2025-02-19 18:20:04,734 - net.sf.eclipsecs.doc - 10.9.3.202308241720
2025-02-19 18:20:04,742 - net.sf.eclipsecs.checkstyle - 10.9.3.202308242329
2025-02-19 18:20:04,743 - net.sf.eclipsecs.ui - 10.9.3.202308241720
2025-02-19 18:20:04,752 - org.eclipse.sequoyah.vnc.vncviewer - 2.1.0.N20120718-0509
2025-02-19 18:20:04,760 - org.eclipse.emf.codegen.ecore.ui - 2.32.0.v20220925-1245
2025-02-19 18:20:04,767 - org.eclipse.emf.ecore.editor - 2.17.0.v20190528-0725
2025-02-19 18:20:04,775 - org.eclipse.jpt.common.eclipselink.core - 1.3.400.v202208190239
2025-02-19 18:20:04,778 - org.eclipse.jpt.common.eclipselink.branding - 1.3.101.v201902121834
2025-02-19 18:20:04,782 - org.tigris.subversion.subclipse.graph - 4.2.0.1
2025-02-19 18:20:04,789 - org.eclipse.emf.databinding - 1.6.0.v20220517-0824
2025-02-19 18:20:04,797 - org.eclipse.datatools.connectivity.sqm.core.ui - 1.5.0.202311071249
2025-02-19 18:20:04,799 - org.eclipse.datatools.connectivity.sqm.core - 1.6.0.202311071345
2025-02-19 18:20:04,800 - org.eclipse.datatools.connectivity.sqm.server.ui - 1.4.0.202311071249
2025-02-19 18:20:04,801 - org.eclipse.datatools.connectivity.ui.dse - 1.4.0.202311071249
2025-02-19 18:20:04,802 - org.eclipse.datatools.connectivity.ui - 1.5.0.202311071249
2025-02-19 18:20:04,804 - org.eclipse.datatools.connectivity - 1.15.0.202311071249
2025-02-19 18:20:04,804 - org.eclipse.datatools.help - 1.8.0.202311071249
2025-02-19 18:20:04,805 - org.eclipse.datatools.connectivity.console.profile - 1.3.0.202311071249
2025-02-19 18:20:04,814 - org.eclipse.cdt.core.native - 6.3.0.202211062329
2025-02-19 18:20:04,814 - org.eclipse.cdt.core.win32 - 6.1.0.202211062329
2025-02-19 18:20:04,816 - org.eclipse.cdt.core.win32.x86_64 - 6.1.0.202211300214
2025-02-19 18:20:04,816 - org.eclipse.cdt.native.serial - 1.3.0.202211300214
2025-02-19 18:20:04,826 - org.eclipse.cdt.launch - 10.4.0.202211062329
2025-02-19 18:20:04,834 - javax.el - 2.2.0.v201303151357
2025-02-19 18:20:04,836 - jakarta.servlet-api - 4.0.0
2025-02-19 18:20:04,837 - javax.servlet.jsp-api - 2.3.3
2025-02-19 18:20:04,838 - com.sun.el - 2.2.0.v201303151357
2025-02-19 18:20:04,840 - org.apache.jasper.glassfish - 2.2.2.v201501141630
2025-02-19 18:20:04,844 - org.apache.lucene.analyzers-common - 8.4.1.v20221112-0806
2025-02-19 18:20:04,851 - org.apache.lucene.core - 9.7.0.v20230703-0758
2025-02-19 18:20:04,854 - org.apache.lucene.analyzers-smartcn - 8.4.1.v20221112-0806
2025-02-19 18:20:04,855 - org.eclipse.equinox.http.jetty - 3.8.200.v20221109-0702
2025-02-19 18:20:04,855 - org.eclipse.equinox.http.registry - 1.3.200.v20220720-2012
2025-02-19 18:20:04,857 - org.eclipse.equinox.http.servlet - 1.7.400.v20221006-1531
2025-02-19 18:20:04,858 - org.eclipse.equinox.jsp.jasper - 1.1.700.v20220801-1124
2025-02-19 18:20:04,859 - org.eclipse.equinox.jsp.jasper.registry - 1.2.100.v20211021-1418
2025-02-19 18:20:04,860 - org.eclipse.help.base - 4.3.900.v20221123-1800
2025-02-19 18:20:04,861 - org.eclipse.help.ui - 4.4.100.v20220619-1918
2025-02-19 18:20:04,862 - org.eclipse.help.webapp - 3.10.900.v20221103-0933
2025-02-19 18:20:04,863 - org.eclipse.jetty.http - 10.0.12
2025-02-19 18:20:04,865 - org.eclipse.jetty.io - 10.0.12
2025-02-19 18:20:04,867 - org.eclipse.jetty.security - 10.0.12
2025-02-19 18:20:04,870 - org.eclipse.jetty.server - 10.0.12
2025-02-19 18:20:04,871 - org.eclipse.jetty.servlet - 10.0.12
2025-02-19 18:20:04,873 - org.eclipse.jetty.util - 10.0.12
2025-02-19 18:20:04,875 - org.eclipse.jetty.util.ajax - 10.0.12
2025-02-19 18:20:04,877 - org.eclipse.core.net - 1.4.0.v20220813-1037
2025-02-19 18:20:04,879 - org.eclipse.equinox.security - 1.3.1000.v20220801-1135
2025-02-19 18:20:04,886 - org.eclipse.egit.gitflow - 6.4.0.202211300538-r
2025-02-19 18:20:04,887 - org.eclipse.egit.gitflow.ui - 6.4.0.202211300538-r
2025-02-19 18:20:04,892 - org.eclipse.tm.terminal.connector.ssh - 4.8.0.202211062329
2025-02-19 18:20:04,899 - org.eclipse.mylyn.wikitext - 3.0.45.202211090110
2025-02-19 18:20:04,899 - org.eclipse.mylyn.wikitext.ant - 3.0.45.202211090110
2025-02-19 18:20:04,902 - org.eclipse.mylyn.wikitext.osgi - 3.0.45.202211090110
2025-02-19 18:20:04,903 - org.eclipse.mylyn.wikitext.asciidoc - 3.0.45.202211090110
2025-02-19 18:20:04,903 - org.eclipse.mylyn.wikitext.textile - 3.0.45.202211090110
2025-02-19 18:20:04,904 - org.eclipse.mylyn.wikitext.html - 3.0.45.202211090110
2025-02-19 18:20:04,905 - org.eclipse.mylyn.wikitext.markdown - 3.0.45.202211090110
2025-02-19 18:20:04,907 - org.eclipse.mylyn.wikitext.mediawiki - 3.0.45.202211090110
2025-02-19 18:20:04,909 - org.eclipse.mylyn.wikitext.confluence - 3.0.45.202211090110
2025-02-19 18:20:04,910 - org.eclipse.mylyn.wikitext.tracwiki - 3.0.45.202211090110
2025-02-19 18:20:04,911 - org.eclipse.mylyn.wikitext.twiki - 3.0.45.202211090110
2025-02-19 18:20:04,912 - org.eclipse.mylyn.wikitext.ui - 3.0.45.202211090110
2025-02-19 18:20:04,912 - org.eclipse.mylyn.wikitext.help.ui - 3.0.45.202211090110
2025-02-19 18:20:04,913 - org.eclipse.mylyn.wikitext.asciidoc.ui - 3.0.45.202211090110
2025-02-19 18:20:04,915 - org.eclipse.mylyn.wikitext.textile.ui - 3.0.45.202211090110
2025-02-19 18:20:04,916 - org.eclipse.mylyn.wikitext.markdown.ui - 3.0.45.202211090110
2025-02-19 18:20:04,917 - org.eclipse.mylyn.wikitext.mediawiki.ui - 3.0.45.202211090110
2025-02-19 18:20:04,920 - org.eclipse.mylyn.wikitext.confluence.ui - 3.0.45.202211090110
2025-02-19 18:20:04,921 - org.eclipse.mylyn.wikitext.tracwiki.ui - 3.0.45.202211090110
2025-02-19 18:20:04,923 - org.eclipse.mylyn.wikitext.twiki.ui - 3.0.45.202211090110
2025-02-19 18:20:04,930 - org.eclipse.m2e.logback - 2.1.0.20221015-0744
2025-02-19 18:20:04,936 - org.eclipse.buildship.compat - 3.1.6.v20220511-1359
2025-02-19 18:20:04,936 - org.eclipse.buildship.core - 3.1.6.v20220511-1359
2025-02-19 18:20:04,936 - org.eclipse.buildship.ui - 3.1.6.v20220511-1359
2025-02-19 18:20:04,937 - org.eclipse.buildship.branding - 3.1.6.v20220511-1359
2025-02-19 18:20:04,945 - org.eclipse.egit.core - 6.4.0.202211300538-r
2025-02-19 18:20:04,948 - org.eclipse.egit.ui - 6.4.0.202211300538-r
2025-02-19 18:20:04,949 - org.eclipse.egit - 6.4.0.202211300538-r
2025-02-19 18:20:04,949 - org.eclipse.egit.doc - 6.4.0.202211300538-r
2025-02-19 18:20:04,958 - org.eclipse.justj.openjdk.hotspot.jre.full - 17.0.6.v20230125-1136
2025-02-19 18:20:04,961 - org.eclipse.justj.openjdk.hotspot.jre.full.win32.x86_64 - 17.0.6.v20230125-1136
2025-02-19 18:20:04,969 - org.eclipse.userstorage - 1.2.0.v20210517-0327
2025-02-19 18:20:04,970 - org.eclipse.userstorage.ui - 1.1.0.v20190307-0457
2025-02-19 18:20:04,971 - org.eclipse.userstorage.oauth - 1.1.0.v20190307-0457
2025-02-19 18:20:04,979 - org.eclipse.m2e.wtp - 1.5.2.20220906-1452
2025-02-19 18:20:04,979 - org.eclipse.m2e.wtp.overlay - 1.5.0.20220805-2025
2025-02-19 18:20:04,980 - org.eclipse.m2e.wtp.overlay.ui - 1.5.0.20220805-2025
2025-02-19 18:20:04,990 - org.eclipse.tm.terminal.view.core - 4.9.0.202211062329
2025-02-19 18:20:04,990 - org.eclipse.tm.terminal.view.ui - 4.11.0.202211062329
2025-02-19 18:20:05,002 - org.eclipse.jgit.http.apache - 6.4.0.202211300538-r
2025-02-19 18:20:05,030 - org.eclipse.m2e.archetype.common - 3.2.102.20221130-2149
2025-02-19 18:20:05,033 - org.eclipse.m2e.model.edit - 2.0.100.20221115-1709
2025-02-19 18:20:05,035 - org.eclipse.m2e.core - 2.0.5.20221128-1757
2025-02-19 18:20:05,037 - org.eclipse.m2e.launching - 2.0.2.20221122-2012
2025-02-19 18:20:05,038 - org.eclipse.m2e.workspace.cli - 0.3.1
2025-02-19 18:20:05,039 - org.eclipse.m2e.jdt - 2.0.4.20221130-2135
2025-02-19 18:20:05,046 - org.eclipse.m2e.editor - 2.0.2.20221115-1709
2025-02-19 18:20:05,049 - org.eclipse.m2e.maven.runtime - 3.8.604.20221130-2149
2025-02-19 18:20:05,050 - org.eclipse.m2e.refactoring - 2.0.2.20221115-1709
2025-02-19 18:20:05,055 - org.eclipse.m2e.discovery - 2.0.1.20221101-1753
2025-02-19 18:20:05,056 - org.eclipse.m2e.core.ui - 2.0.2.20221113-1617
2025-02-19 18:20:05,057 - org.eclipse.m2e.scm - 2.0.1.20221101-1753
2025-02-19 18:20:05,058 - org.eclipse.m2e.jdt.ui - 2.0.1.20221115-1709
2025-02-19 18:20:05,059 - org.eclipse.m2e.profiles.core - 2.1.0.20221110-1338
2025-02-19 18:20:05,060 - org.eclipse.m2e.profiles.ui - 2.0.1.20221101-1753
2025-02-19 18:20:05,060 - org.eclipse.m2e.sourcelookup - 2.0.1.20221118-1906
2025-02-19 18:20:05,061 - org.eclipse.m2e.sourcelookup.ui - 2.0.1.20221118-1906
2025-02-19 18:20:05,062 - org.eclipse.m2e.binaryproject - 2.1.0.20221115-1709
2025-02-19 18:20:05,062 - org.eclipse.m2e.binaryproject.ui - 2.0.0.20220705-1221
2025-02-19 18:20:05,064 - org.eclipse.m2e.apt.core - 2.0.2.20221020-0713
2025-02-19 18:20:05,064 - org.eclipse.m2e.apt.ui - 2.0.2.20221115-1709
2025-02-19 18:20:05,065 - org.eclipse.m2e.mavenarchiver - 2.0.2.20221115-1709
2025-02-19 18:20:05,073 - org.eclipse.help - 3.9.100.v20210721-0601
2025-02-19 18:20:05,083 - org.eclipse.ui - 3.201.200.v20221024-2137
2025-02-19 18:20:05,087 - org.eclipse.ui.workbench - 3.127.0.v20221024-2137
2025-02-19 18:20:05,090 - org.eclipse.update.configurator - 3.4.1000.v20221114-1512
2025-02-19 18:20:05,091 - org.eclipse.rcp - 4.26.0.v20221123-1800
2025-02-19 18:20:05,094 - com.ibm.icu - 74.1
2025-02-19 18:20:05,109 - org.eclipse.jgit.lfs - 6.4.0.202211300538-r
2025-02-19 18:20:05,114 - org.eclipse.jgit.lfs.server - 6.4.0.202211300538-r
2025-02-19 18:20:05,144 - org.eclipse.epp.mpc.core - 1.10.1.v20221110-1841
2025-02-19 18:20:05,151 - org.eclipse.epp.mpc.core.win32 - 1.10.1.v20221110-1841
2025-02-19 18:20:05,158 - org.eclipse.epp.mpc.ui - 1.10.1.v20221110-1841
2025-02-19 18:20:05,165 - org.eclipse.epp.mpc.ui.css - 1.10.1.v20221110-1841
2025-02-19 18:20:05,204 - org.eclipse.epp.mpc.help.ui - 1.10.1.v20221110-1841
2025-02-19 18:20:05,275 - org.eclipse.jgit.gpg.bc - 6.4.0.202211300538-r
2025-02-19 18:20:05,307 - org.eclipse.pde - 3.13.2100.v20221123-1800
2025-02-19 18:20:05,311 - org.eclipse.pde.build - 3.11.400.v20220923-1253
2025-02-19 18:20:05,312 - org.eclipse.pde.core - 3.16.0.v20221119-0340
2025-02-19 18:20:05,314 - org.eclipse.pde.junit.runtime - 3.6.200.v20220523-1051
2025-02-19 18:20:05,314 - org.eclipse.pde.runtime - 3.7.500.v20221012-2030
2025-02-19 18:20:05,316 - org.eclipse.pde.ui - 3.13.700.v20221114-1716
2025-02-19 18:20:05,318 - org.eclipse.pde.doc.user - 3.14.1800.v20221121-0559
2025-02-19 18:20:05,321 - org.eclipse.pde.ui.templates - 3.7.700.v20220802-1520
2025-02-19 18:20:05,324 - org.eclipse.pde.api.tools - 1.2.1100.v20221114-1728
2025-02-19 18:20:05,325 - org.eclipse.pde.api.tools.annotations - 1.1.500.v20220813-1730
2025-02-19 18:20:05,325 - org.eclipse.pde.api.tools.ui - 1.2.700.v20220329-0844
2025-02-19 18:20:05,326 - org.eclipse.pde.ds.core - 1.2.500.v20220411-2005
2025-02-19 18:20:05,327 - org.eclipse.pde.ds.ui - 1.2.300.v20220310-2159
2025-02-19 18:20:05,330 - org.eclipse.pde.launching - 3.10.200.v20221108-1157
2025-02-19 18:20:05,332 - org.eclipse.pde.ua.core - 1.2.300.v20211004-0555
2025-02-19 18:20:05,333 - org.eclipse.pde.ua.ui - 1.2.400.v20220317-0700
2025-02-19 18:20:05,334 - org.eclipse.ui.trace - 1.2.200.v20220310-2159
2025-02-19 18:20:05,336 - org.eclipse.pde.ds.annotations - 1.2.500.v20220811-0944
2025-02-19 18:20:05,336 - org.eclipse.pde.genericeditor.extension - 1.1.300.v20220810-1011
2025-02-19 18:20:05,337 - org.eclipse.tools.layout.spy - 1.1.100.v20221111-1233
2025-02-19 18:20:05,337 - org.eclipse.pde.spy.core - 1.0.200.v20220331-1637
2025-02-19 18:20:05,338 - org.eclipse.pde.spy.model - 0.12.400.v20220621-1036
2025-02-19 18:20:05,339 - org.eclipse.pde.spy.css - 0.12.300.v20220512-1208
2025-02-19 18:20:05,339 - org.eclipse.pde.spy.preferences - 0.12.300.v20220512-1208
2025-02-19 18:20:05,341 - org.eclipse.pde.spy.context - 1.0.400.v20221119-0340
2025-02-19 18:20:05,343 - org.eclipse.pde.spy.bundle - 0.12.200.v20220512-1208
2025-02-19 18:20:05,344 - org.eclipse.pde.spy.event - 1.0.100.v20221114-1716
2025-02-19 18:20:05,349 - org.eclipse.jgit.ssh.apache - 6.4.0.202211300538-r
2025-02-19 18:20:05,350 - org.eclipse.jgit.ssh.apache.agent - 6.4.0.202211300538-r
2025-02-19 18:20:05,357 - org.eclipse.jdt - 3.18.1400.v20221123-1800
2025-02-19 18:20:05,358 - org.eclipse.ant.ui - 3.8.300.v20220718-1722
2025-02-19 18:20:05,360 - org.eclipse.jdt.apt.core - 3.7.50.v20210914-1429
2025-02-19 18:20:05,360 - org.eclipse.jdt.apt.ui - 3.7.0.v20210620-1751
2025-02-19 18:20:05,361 - org.eclipse.jdt.apt.pluggable.core - 1.3.0.v20210618-1653
2025-02-19 18:20:05,363 - org.eclipse.jdt.compiler.apt - 1.4.300.v20221108-0856
2025-02-19 18:20:05,364 - org.eclipse.jdt.compiler.tool - 1.3.200.v20220802-0458
2025-02-19 18:20:05,364 - org.eclipse.jdt.core - 3.32.0.v20221108-1853
2025-02-19 18:20:05,365 - org.eclipse.jdt.core.formatterapp - 1.1.0.v20210618-1653
2025-02-19 18:20:05,366 - org.eclipse.jdt.annotation - 2.2.700.v20220826-1026
2025-02-19 18:20:05,366 - org.eclipse.jdt.annotation - 2.2.700.v20220826-1026
2025-02-19 18:20:05,366 - org.eclipse.jdt.core.manipulation - 1.17.0.v20221026-1918
2025-02-19 18:20:05,368 - org.eclipse.jdt.debug.ui - 3.12.900.v20221001-0715
2025-02-19 18:20:05,372 - org.eclipse.jdt.debug - 3.20.0.v20220922-0905
2025-02-19 18:20:05,372 - org.eclipse.jdt.junit - 3.15.100.v20220909-2154
2025-02-19 18:20:05,373 - org.eclipse.jdt.junit.core - 3.11.500.v20221031-1935
2025-02-19 18:20:05,373 - org.eclipse.jdt.junit.runtime - 3.7.0.v20220609-1843
2025-02-19 18:20:05,375 - org.eclipse.jdt.junit4.runtime - 1.3.0.v20220609-1843
2025-02-19 18:20:05,375 - org.eclipse.jdt.junit5.runtime - 1.1.100.v20220907-0450
2025-02-19 18:20:05,376 - org.eclipse.jdt.launching - 3.19.800.v20221107-1851
2025-02-19 18:20:05,382 - org.eclipse.jdt.ui - 3.27.100.v20221122-0749
2025-02-19 18:20:05,384 - org.junit - 4.13.2.v20211018-1956
2025-02-19 18:20:05,386 - org.hamcrest.core - 1.3.0.v20180420-1519
2025-02-19 18:20:05,387 - junit-jupiter-api - 5.9.1
2025-02-19 18:20:05,388 - junit-jupiter-engine - 5.9.1
2025-02-19 18:20:05,389 - junit-jupiter-migrationsupport - 5.9.1
2025-02-19 18:20:05,391 - junit-jupiter-params - 5.9.1
2025-02-19 18:20:05,391 - junit-platform-commons - 1.9.1
2025-02-19 18:20:05,393 - junit-platform-engine - 1.9.1
2025-02-19 18:20:05,394 - junit-platform-launcher - 1.9.1
2025-02-19 18:20:05,395 - junit-platform-runner - 1.9.1
2025-02-19 18:20:05,399 - junit-platform-suite-api - 1.9.1
2025-02-19 18:20:05,400 - junit-platform-suite-commons - 1.9.1
2025-02-19 18:20:05,403 - junit-platform-suite-engine - 1.9.1
2025-02-19 18:20:05,404 - junit-vintage-engine - 5.9.1
2025-02-19 18:20:05,405 - org.opentest4j - 1.2.0
2025-02-19 18:20:05,406 - org.apiguardian.api - 1.1.2
2025-02-19 18:20:05,409 - org.eclipse.jdt.doc.user - 3.15.1600.v20221121-0559
2025-02-19 18:20:05,409 - org.eclipse.ant.launching - 1.3.400.v20220718-1722
2025-02-19 18:20:05,419 - org.eclipse.emf.common - 2.27.0.v20221121-1400
2025-02-19 18:20:05,428 - org.jboss.tools.m2e.wro4j.core - 1.2.1.202301111328
2025-02-19 18:20:05,428 - org.jboss.tools.m2e.wro4j.ui - 1.2.1.202301111328
2025-02-19 18:20:05,439 - org.eclipse.tm.terminal.control - 5.4.0.202211062329
2025-02-19 18:20:05,449 - org.sonatype.m2e.egit - 0.17.0.202209271423
2025-02-19 18:20:05,457 - org.eclipse.emf.ecore - 2.29.0.v20221121-1400
2025-02-19 18:20:05,459 - org.eclipse.emf.ecore.change - 2.14.0.v20190528-0725
2025-02-19 18:20:05,459 - org.eclipse.emf.ecore.xmi - 2.17.0.v20220817-1334
2025-02-19 18:20:05,469 - org.eclipse.wst.common.project.facet.core - 1.4.402.v202111212041
2025-02-19 18:20:05,470 - org.eclipse.wst.common.project.facet.ui - 1.4.602.v202007142017
2025-02-19 18:20:05,484 - org.eclipse.jst.common.project.facet.core - 1.12.100.v202208260526
2025-02-19 18:20:05,487 - org.eclipse.jst.common.project.facet.ui - 1.4.511.v202007142017
2025-02-19 18:20:05,498 - org.eclipse.jgit - 6.4.0.202211300538-r
2025-02-19 18:20:05,501 - org.eclipse.jgit.archive - 6.4.0.202211300538-r
2025-02-19 18:20:05,581 - org.apache.ant - 1.10.12.v20211102-1452
2025-02-19 18:20:05,582 - org.eclipse.ant.core - 3.6.500.v20220718-1722
2025-02-19 18:20:05,583 - com.jcraft.jsch - 0.1.55.v20221112-0806
2025-02-19 18:20:05,583 - org.eclipse.compare.core - 3.7.100.v20220812-1406
2025-02-19 18:20:05,585 - org.eclipse.compare - 3.8.500.v20220812-1406
2025-02-19 18:20:05,586 - org.eclipse.compare.win32 - 1.2.900.v20220812-1406
2025-02-19 18:20:05,587 - org.eclipse.core.filebuffers - 3.7.200.v20220202-1008
2025-02-19 18:20:05,587 - org.eclipse.core.filesystem - 1.9.500.v20220817-1539
2025-02-19 18:20:05,587 - org.eclipse.core.net - 1.4.0.v20220813-1037
2025-02-19 18:20:05,588 - org.eclipse.core.net.win32 - 1.0.100.v20220812-1406
2025-02-19 18:20:05,588 - org.eclipse.core.net.win32.x86_64 - 1.1.700.v20220812-1406
2025-02-19 18:20:05,589 - org.eclipse.core.resources - 3.18.100.v20221025-2047
2025-02-19 18:20:05,589 - org.eclipse.debug.core - 3.20.0.v20220811-0741
2025-02-19 18:20:05,591 - org.eclipse.debug.ui - 3.17.100.v20220926-1344
2025-02-19 18:20:05,591 - org.eclipse.e4.ui.ide - 3.16.200.v20221024-2137
2025-02-19 18:20:05,592 - org.eclipse.equinox.event - 1.6.100.v20211021-1418
2025-02-19 18:20:05,592 - org.eclipse.ltk.core.refactoring - 3.13.0.v20220822-0502
2025-02-19 18:20:05,594 - org.eclipse.ltk.ui.refactoring - 3.12.200.v20220808-2221
2025-02-19 18:20:05,594 - org.eclipse.platform - 4.26.0.v20221123-1800
2025-02-19 18:20:05,595 - org.eclipse.platform.doc.user - 4.26.0.v20221121-0559
2025-02-19 18:20:05,595 - org.eclipse.search - 3.14.300.v20220905-1020
2025-02-19 18:20:05,596 - org.eclipse.text.quicksearch - 1.1.400.v20221023-0941
2025-02-19 18:20:05,596 - org.eclipse.team.core - 3.9.600.v20220902-2219
2025-02-19 18:20:05,598 - org.eclipse.team.ui - 3.9.500.v20220920-2213
2025-02-19 18:20:05,599 - org.eclipse.text - 3.12.300.v20220921-1010
2025-02-19 18:20:05,599 - org.eclipse.jface.text - 3.22.0.v20221119-1047
2025-02-19 18:20:05,600 - org.eclipse.jsch.core - 1.4.0.v20220813-1037
2025-02-19 18:20:05,600 - org.eclipse.jsch.ui - 1.4.200.v20220812-1406
2025-02-19 18:20:05,600 - org.eclipse.ui.console - 3.11.400.v20221012-0524
2025-02-19 18:20:05,601 - org.eclipse.ui.intro - 3.6.600.v20220619-1918
2025-02-19 18:20:05,601 - org.eclipse.ui.intro.universal - 3.4.300.v20220619-1918
2025-02-19 18:20:05,602 - org.eclipse.ui.cheatsheets - 3.7.500.v20220903-1020
2025-02-19 18:20:05,602 - org.eclipse.ui.browser - 3.7.300.v20221024-2137
2025-02-19 18:20:05,602 - org.eclipse.ui.genericeditor - 1.2.300.v20220915-0924
2025-02-19 18:20:05,603 - org.eclipse.ui.monitoring - 1.2.300.v20221024-2137
2025-02-19 18:20:05,603 - org.eclipse.ui.navigator - 3.10.400.v20221024-2137
2025-02-19 18:20:05,604 - org.eclipse.ui.navigator.resources - 3.8.500.v20221024-2137
2025-02-19 18:20:05,604 - org.eclipse.ui.net - 1.4.100.v20220812-1406
2025-02-19 18:20:05,604 - org.eclipse.ui.workbench.texteditor - 3.16.600.v20220809-1658
2025-02-19 18:20:05,606 - org.eclipse.ui.views - 3.11.300.v20221024-2137
2025-02-19 18:20:05,606 - org.eclipse.ui.editors - 3.14.400.v20220730-1844
2025-02-19 18:20:05,607 - org.eclipse.ui.externaltools - 3.5.200.v20220618-1805
2025-02-19 18:20:05,608 - org.eclipse.ui.ide - 3.20.0.v20221027-2208
2025-02-19 18:20:05,608 - org.eclipse.ui.ide.application - 1.4.600.v20221024-2137
2025-02-19 18:20:05,609 - org.eclipse.ui.win32 - 3.4.500.v20221024-2137
2025-02-19 18:20:05,609 - org.eclipse.core.resources.win32.x86_64 - 3.5.500.v20220812-1420
2025-02-19 18:20:05,609 - org.eclipse.core.filesystem.win32.x86_64 - 1.4.300.v20220812-1420
2025-02-19 18:20:05,609 - org.eclipse.core.variables - 3.5.100.v20210721-1355
2025-02-19 18:20:05,610 - org.eclipse.ui.forms - 3.11.500.v20221024-2137
2025-02-19 18:20:05,610 - org.eclipse.ui.views.properties.tabbed - 3.9.300.v20221024-2137
2025-02-19 18:20:05,612 - org.eclipse.equinox.security - 1.3.1000.v20220801-1135
2025-02-19 18:20:05,612 - org.eclipse.equinox.security.ui - 1.3.400.v20221007-1815
2025-02-19 18:20:05,615 - org.eclipse.equinox.security.win32.x86_64 - 1.1.300.v20211021-1418
2025-02-19 18:20:05,618 - org.eclipse.core.externaltools - 1.2.300.v20220618-1805
2025-02-19 18:20:05,618 - org.eclipse.ui.themes - 1.2.2100.v20221024-2137
2025-02-19 18:20:05,619 - org.eclipse.core.runtime - 3.26.100.v20221021-0005
2025-02-19 18:20:05,620 - org.eclipse.ui.intro.quicklinks - 1.1.200.v20220619-1918
2025-02-19 18:20:05,623 - org.eclipse.team.genericeditor.diff.extension - 1.1.100.v20220812-1406
2025-02-19 18:20:05,625 - org.eclipse.urischeme - 1.2.200.v20221024-2137
2025-02-19 18:20:05,626 - org.eclipse.ui.views.log - 1.3.400.v20220907-1244
2025-02-19 18:20:05,631 - org.eclipse.debug.ui.launchview - 1.0.300.v20220811-0741
2025-02-21 00:11:18,953 - os.name - Windows 11
2025-02-21 00:11:18,954 - os.arch - amd64
2025-02-21 00:11:18,954 - os.version - 10.0
2025-02-21 00:11:18,954 - java.version - 17.0.6
2025-02-21 00:11:18,954 - java.vendor - Eclipse Adoptium
2025-02-21 00:11:18,954 - java.vendor.url - https://adoptium.net/
2025-02-21 00:11:18,954 - java.home - C:\ProgramData\chocolatey\lib\SpringToolSuite\tools\sts-4.17.2.RELEASE\plugins\org.eclipse.justj.openjdk.hotspot.jre.full.win32.x86_64_17.0.6.v20230125-1136\jre
2025-02-21 00:11:18,954 - java.vm.specification.name - Java Virtual Machine Specification
2025-02-21 00:11:18,954 - java.vm.specification.vendor - Oracle Corporation
2025-02-21 00:11:18,954 - java.vm.specification.version - 17
2025-02-21 00:11:18,954 - java.class.path - C:\ProgramData\chocolatey\lib\SpringToolSuite\tools\sts-4.17.2.RELEASE\\plugins/org.eclipse.equinox.launcher_1.6.400.v20210924-0641.jar
2025-02-21 00:11:18,954 - java.library.path - C:\ProgramData\chocolatey\lib\SpringToolSuite\tools\sts-4.17.2.RELEASE;C:\WINDOWS\Sun\Java\bin;C:\WINDOWS\system32;C:\WINDOWS;C:/ProgramData/chocolatey/lib/SpringToolSuite/tools/sts-4.17.2.RELEASE//plugins/org.eclipse.justj.openjdk.hotspot.jre.full.win32.x86_64_17.0.6.v20230125-1136/jre/bin/server;C:/ProgramData/chocolatey/lib/SpringToolSuite/tools/sts-4.17.2.RELEASE//plugins/org.eclipse.justj.openjdk.hotspot.jre.full.win32.x86_64_17.0.6.v20230125-1136/jre/bin;C:\Program Files\Microsoft MPI\Bin\;C:\Program Files\Microsoft\jdk-11.0.16.101-hotspot\bin;C:\Program Files\Common Files\Oracle\Java\javapath;C:\Program Files (x86)\Common Files\Oracle\Java\java8path;C:\Program Files (x86)\Common Files\Oracle\Java\javapath;C:\app\ASUS\product\21c\dbhomeXE\bin;C:\Program Files (x86)\VMware\VMware Player\bin\;C:\Users\ASUS\AppData\Local\Microsoft\WindowsApps;C:\Users\ASUS\AppData\Local\Programs\Microsoft VS Code\bin;C:\Program Files\JetBrains\PhpStorm 2022.2.3\bin;;C:\Users\ASUS\AppData\Roaming\npm;C:\Users\ASUS\AppData\Roaming\Composer\vendor\bin;C:\Program Files\PostgreSQL\14\bin;C:\Program Files\Java\jdk-19\bin;C:\Program Files\Microsoft SQL Server\Client SDK\ODBC\170\Tools\Binn\;C:\Program Files\Java\jdk-19\bin;C:\src\flutter\bin\cache\dart-sdk\bin;C:\Users\ASUS\AppData\Local\Pub\Cache\bin;%JRE_HOME%\bin;C:\Users\ASUS\AppData\Local\Programs\Python\Python311;C:\composer;C:\Program Files (x86)\Microsoft SQL Server\160\Tools\Binn\;C:\Program Files\Microsoft SQL Server\160\Tools\Binn\;C:\Program Files\Microsoft SQL Server\160\DTS\Binn\;C:\Windows\System32\WindowsPowerShell\v1.0;C:\Users\ASUS\AppData\Roaming\npm-cache;C:\Users\ASUS\AppData\Local\Programs\Python\Python311\Scripts;C:\webdrivers;C:\Users\ASUS\AppData\Local\Android\Sdk\tools;C:\Users\ASUS\AppData\Local\Android\Sdk\platform-tools;C:\Users\ASUS\AppData\Local\Android\Sdk\tools\bin;C:\Users\ASUS\AppData\Local\Android\Sdk\emulator;C:\ProgramData\chocolatey\bin;C:\Program Files\Kotlin\kotlinc\bin;C:\HashiCorp\Vagrant\bin;C:\ProgramData\chocolatey\lib\maven\apache-maven-3.9.4\bin;C:\Program Files\Amazon\AWSCLIV2\;C:\Program Files (x86)\Microsoft SQL Server\150\Tools\Binn\;C:\Program Files\Microsoft SQL Server\150\Tools\Binn\;C:\Program Files\Microsoft SQL Server\150\DTS\Binn\;C:\Program Files (x86)\Microsoft SQL Server\150\DTS\Binn\;C:\Program Files (x86)\Microsoft SQL Server\160\DTS\Binn\;C:\tools\php83;C:\Program Files\Git\cmd;C:\Program Files\nodejs\;C:\Program Files\Azure Data Studio\bin;C:\tools\nginx-1.27.2;C:\tools\nginx-1.27.2\conf\nginx.conf;C:\Program Files\Go\bin;C:\Program Files (x86)\Windows Kits\10\Windows Performance Toolkit\;C:\Program Files (x86)\Subversion\bin;C:\WINDOWS\system32;C:\WINDOWS;C:\WINDOWS\System32\Wbem;C:\WINDOWS\System32\WindowsPowerShell\v1.0\;C:\WINDOWS\System32\OpenSSH\;C:\ELK\elasticsearch-8.17.0\bin;C:\ELK\kibana-8.17.0\bin;C:\ELK\logstash-8.17.0\bin;C:\ELK\filebeat-8.17.0;C:\ELK\metricbeat-8.17.0;C:\ELK\apm-server-8.17.0;C:\ELK\elasticsearch-8.17.0\bin;C:\ELK\kibana-8.17.0\bin;C:\ELK\logstash-8.17.0\bin;C:\ELK\filebeat-8.17.0;C:\ELK\metricbeat-8.17.0;C:\ELK\apm-server-8.17.0;C:\Program Files\dotnet\;C:\Program Files\WireGuard\;C:\Program Files\Microsoft MPI\Bin\;C:\Program Files\Microsoft\jdk-11.0.16.101-hotspot\bin;C:\Program Files\Common Files\Oracle\Java\javapath;C:\Program Files (x86)\Common Files\Oracle\Java\java8path;C:\Program Files (x86)\Common Files\Oracle\Java\javapath;C:\app\ASUS\product\21c\dbhomeXE\bin;C:\Program Files (x86)\VMware\VMware Player\bin\;C:\Users\ASUS\AppData\Local\Microsoft\WindowsApps;C:\Users\ASUS\AppData\Local\Programs\Microsoft VS Code\bin;C:\Program Files\JetBrains\PhpStorm 2022.2.3\bin;;C:\Users\ASUS\AppData\Roaming\npm;C:\Users\ASUS\AppData\Roaming\Composer\vendor\bin;C:\Program Files\PostgreSQL\14\bin;C:\Program Files\Java\jdk-19\bin;C:\Program Files\Microsoft SQL Server\Client SDK\ODBC\170\Tools\Binn\;C:\Program Files\Java\jdk-19\bin;C:\src\flutter\bin\cache\dart-sdk\bin;C:\Users\ASUS\AppData\Local\Pub\Cache\bin;%JRE_HOME%\bin;C:\Users\ASUS\AppData\Local\Programs\Python\Python311;C:\composer;C:\Program Files (x86)\Microsoft SQL Server\160\Tools\Binn\;C:\Program Files\Microsoft SQL Server\160\Tool;C:\Program Files\\Elastic\Beats\8.17.0\metricbeat;C:\Users\ASUS\.lmstudio\bin;C:\ProgramData\chocolatey\bin;;.
2025-02-21 00:11:18,955 - --------------------------------------
2025-02-21 00:11:18,955 - ## Eclipse Plug-ins Log Information ##
2025-02-21 00:11:18,955 - --------------------------------------
2025-02-21 00:11:19,005 - org.tigris.subversion.subclipse.core - 4.3.4.202306191346
2025-02-21 00:11:19,006 - org.tigris.subversion.subclipse.ui - 4.3.4.202306191346
2025-02-21 00:11:19,007 - com.collabnet.subversion.merge - 4.2.0.1
2025-02-21 00:11:19,007 - org.tigris.subversion.clientadapter - 1.10.0
2025-02-21 00:11:19,014 - org.eclipse.andmore.hierarchyviewer - 0.5.1.201701251432
2025-02-21 00:11:19,027 - org.eclipse.sequoyah.device.backward - 2.1.0.N20120718-0509
2025-02-21 00:11:19,030 - org.eclipse.sequoyah.device.framework - 2.1.0.N20120718-0509
2025-02-21 00:11:19,031 - org.eclipse.sequoyah.device.framework.ui - 2.1.0.N20120718-0509
2025-02-21 00:11:19,032 - org.eclipse.sequoyah.device.service.start - 2.1.0.N20120718-0509
2025-02-21 00:11:19,034 - org.eclipse.sequoyah.device.service.stop - 2.1.0.N20120718-0509
2025-02-21 00:11:19,035 - org.eclipse.sequoyah.device.framework.wizard - 2.1.0.N20120718-0509
2025-02-21 00:11:19,048 - org.eclipse.cdt.managedbuilder.gnu.ui - 8.5.0.202211211546
2025-02-21 00:11:19,056 - org.eclipse.cdt.build.gcc.core - 2.0.0.202211181555
2025-02-21 00:11:19,057 - org.eclipse.cdt.build.gcc.ui - 1.2.0.202211062329
2025-02-21 00:11:19,075 - org.eclipse.gef - 3.16.0.202311222042
2025-02-21 00:11:19,098 - org.eclipse.cdt - 11.0.0.202211062329
2025-02-21 00:11:19,102 - org.eclipse.cdt.core - 8.0.0.202211292120
2025-02-21 00:11:19,104 - org.eclipse.cdt.codan.core - 4.2.0.202211062329
2025-02-21 00:11:19,109 - org.eclipse.cdt.codan.ui - 3.5.0.202211062329
2025-02-21 00:11:19,110 - org.eclipse.cdt.codan.core.cxx - 3.6.0.202211062329
2025-02-21 00:11:19,111 - org.eclipse.cdt.codan.ui.cxx - 3.7.0.202211101937
2025-02-21 00:11:19,113 - org.eclipse.cdt.codan.checkers - 3.5.0.202211062329
2025-02-21 00:11:19,114 - org.eclipse.cdt.codan.checkers.ui - 3.4.0.202211062329
2025-02-21 00:11:19,124 - org.eclipse.cdt.debug.core - 8.8.0.202211072232
2025-02-21 00:11:19,127 - org.eclipse.cdt.debug.ui - 8.5.0.202211100047
2025-02-21 00:11:19,128 - org.eclipse.cdt.make.core - 7.6.0.202211062329
2025-02-21 00:11:19,129 - org.eclipse.cdt.make.ui - 8.2.0.202211062329
2025-02-21 00:11:19,130 - org.eclipse.cdt.managedbuilder.core - 9.5.0.202211211546
2025-02-21 00:11:19,131 - org.eclipse.cdt.managedbuilder.headlessbuilderapp - 1.1.0.202211062329
2025-02-21 00:11:19,132 - org.eclipse.cdt.managedbuilder.ui - 9.4.0.202211211546
2025-02-21 00:11:19,137 - org.eclipse.cdt.ui - 8.0.0.202211292120
2025-02-21 00:11:19,139 - org.eclipse.cdt.doc.user - 5.5.0.202211211546
2025-02-21 00:11:19,139 - org.eclipse.cdt.dsf - 2.12.0.202211062329
2025-02-21 00:11:19,141 - org.eclipse.cdt.dsf.ui - 2.7.0.202211062329
2025-02-21 00:11:19,142 - org.eclipse.cdt.flatpak.launcher - 1.1.0.202211062329
2025-02-21 00:11:19,144 - org.eclipse.cdt.native.serial - 1.3.0.202211300214
2025-02-21 00:11:19,145 - org.eclipse.cdt.platform.branding - 11.0.0.202211062329
2025-02-21 00:11:19,154 - javax.persistence - 2.2.1.v201807122140
2025-02-21 00:11:19,155 - org.eclipse.jpt.jpa.annotate - 1.0.101.v201902121834
2025-02-21 00:11:19,158 - org.eclipse.jpt.jpa.core - 3.6.1.v202301061019
2025-02-21 00:11:19,160 - org.eclipse.jpt.jpa.db - 2.2.201.v202301061019
2025-02-21 00:11:19,167 - org.eclipse.jpt.jpa.db.ui - 2.1.201.v201902121834
2025-02-21 00:11:19,169 - org.eclipse.jpt.jpa.gen - 2.3.201.v202301061019
2025-02-21 00:11:19,174 - org.eclipse.jpt.jpa.ui - 3.6.100.v202305092307
2025-02-21 00:11:19,177 - org.eclipse.jpt.doc.user - 3.2.101.v201902121834
2025-02-21 00:11:19,186 - org.eclipse.persistence.jpa.jpql - 2.7.3.v20180807-4be1041
2025-02-21 00:11:19,189 - org.apache.commons.collections - 3.2.2.v20220405-1659
2025-02-21 00:11:19,194 - org.apache.commons.lang - 2.6.0.v20220406-2305
2025-02-21 00:11:19,203 - org.apache.velocity - 1.5.0.v200905192330
2025-02-21 00:11:19,205 - org.jdom - 1.1.1.v201101151400
2025-02-21 00:11:19,206 - org.eclipse.jpt.jpa.branding - 3.4.1.v201902121834
2025-02-21 00:11:19,220 - org.sonarlint.eclipse.core - 7.13.0.80073
2025-02-21 00:11:19,232 - org.sonarlint.eclipse.ui - 7.13.0.80073
2025-02-21 00:11:19,234 - org.sonarsource.sonarlint.core.sonarlint-core-osgi - 9.0.0.74282
2025-02-21 00:11:19,235 - org.sonarlint.eclipse.cdt - 7.13.0.80073
2025-02-21 00:11:19,236 - org.sonarlint.eclipse.jdt - 7.13.0.80073
2025-02-21 00:11:19,236 - org.sonarlint.eclipse.m2e - 7.13.0.80073
2025-02-21 00:11:19,241 - org.jetbrains.kotlin.osgi-bundle - 1.6.21
2025-02-21 00:11:19,249 - org.slf4j.api - 1.7.30.v20221112-0806
2025-02-21 00:11:19,268 - org.eclipse.emf.codegen.ui - 2.23.0.v20210412-0833
2025-02-21 00:11:19,279 - org.eclipse.datatools.enablement.sqlite - 1.3.0.202305310959
2025-02-21 00:11:19,280 - org.eclipse.datatools.enablement.sqlite.dbdefinition - 1.3.0.202305310959
2025-02-21 00:11:19,282 - org.eclipse.datatools.enablement.sqlite.ui - 1.3.0.202305310959
2025-02-21 00:11:19,284 - org.eclipse.datatools.enablement.finfo - 1.8.0.202305310959
2025-02-21 00:11:19,299 - org.eclipse.jpt.common.utility - 2.4.1.v202301061019
2025-02-21 00:11:19,300 - org.eclipse.jpt.common.core - 1.5.1.v202301061019
2025-02-21 00:11:19,301 - org.eclipse.jpt.common.ui - 1.4.201.v202301061019
2025-02-21 00:11:19,302 - org.eclipse.jpt.common.branding - 1.4.1.v201902121834
2025-02-21 00:11:19,327 - jsonedit-core - 1.1.3
2025-02-21 00:11:19,329 - jsonedit-folding - 1.1.3
2025-02-21 00:11:19,330 - jsonedit-model - 1.1.3
2025-02-21 00:11:19,332 - jsonedit-outline - 1.1.3
2025-02-21 00:11:19,333 - jsonedit-preferences - 1.1.3
2025-02-21 00:11:19,333 - jsonedit-text - 1.1.3
2025-02-21 00:11:19,335 - jsonedit-editor - 1.1.3
2025-02-21 00:11:19,343 - org.eclipse.emf.converter - 2.11.0.v20220706-1313
2025-02-21 00:11:19,345 - org.eclipse.emf.importer - 2.12.0.v20190321-1539
2025-02-21 00:11:19,346 - org.eclipse.emf.exporter - 2.10.0.v20190321-1530
2025-02-21 00:11:19,348 - org.eclipse.emf.importer.ecore - 2.10.0.v20200324-0723
2025-02-21 00:11:19,353 - org.eclipse.emf.importer.java - 2.11.0.v20200324-0723
2025-02-21 00:11:19,355 - org.eclipse.emf.importer.rose - 2.11.0.v20210405-0904
2025-02-21 00:11:19,361 - org.eclipse.emf.edit.ui - 2.22.0.v20220619-0533
2025-02-21 00:11:19,368 - org.eclipse.persistence.moxy - 2.7.3.v20180807-4be1041
2025-02-21 00:11:19,369 - org.eclipse.jpt.jaxb.eclipselink.core - 1.3.201.v201902121834
2025-02-21 00:11:19,370 - org.eclipse.jpt.jaxb.eclipselink.ui - 1.4.201.v201902121834
2025-02-21 00:11:19,371 - org.eclipse.jpt.jaxb.eclipselink.core.schemagen - 1.2.202.v202104080213
2025-02-21 00:11:19,371 - org.eclipse.jpt.jaxb.eclipselink.branding - 1.4.101.v201902121834
2025-02-21 00:11:19,376 - de.anbos.eclipse.easyshell.plugin - 2.3.0.v20230630-1658
2025-02-21 00:11:19,383 - org.eclipse.sequoyah.vnc.vncviewer.vncviews - 2.1.0.N20120718-0509
2025-02-21 00:11:19,389 - org.jdom - 1.1.1.v201101151400
2025-02-21 00:11:19,390 - org.eclipse.jst.ws.cxf.consumption.core - 1.0.400.v201902162149
2025-02-21 00:11:19,392 - org.eclipse.jst.ws.cxf.consumption.ui - 1.0.500.v201910301957
2025-02-21 00:11:19,392 - org.eclipse.jst.ws.cxf.core - 1.1.600.v202107101953
2025-02-21 00:11:19,393 - org.eclipse.jst.ws.cxf.creation.core - 1.0.500.v201902162149
2025-02-21 00:11:19,394 - org.eclipse.jst.ws.cxf.creation.ui - 1.0.400.v201910301957
2025-02-21 00:11:19,395 - org.eclipse.jst.ws.cxf.ui - 1.0.500.v202104210249
2025-02-21 00:11:19,398 - javax.wsdl - 1.6.2.v201012040545
2025-02-21 00:11:19,398 - javax.jws - 2.0.0.v201005080400
2025-02-21 00:11:19,401 - jakarta.xml.bind - 2.3.3.v20221203-1659
2025-02-21 00:11:19,402 - javax.xml.stream - 1.0.1.v201004272200
2025-02-21 00:11:19,403 - javax.xml.ws - 2.1.0.v200902101523
2025-02-21 00:11:19,425 - org.eclipse.datatools.sqltools.common.ui - 1.3.0.202311071249
2025-02-21 00:11:19,426 - org.eclipse.datatools.sqltools.debugger.core - 1.3.0.202311071249
2025-02-21 00:11:19,426 - org.eclipse.datatools.sqltools.editor.core - 1.3.0.202311071249
2025-02-21 00:11:19,427 - org.eclipse.datatools.sqltools.plan - 1.3.0.202311071249
2025-02-21 00:11:19,427 - org.eclipse.datatools.sqltools.routineeditor - 1.3.0.202311071249
2025-02-21 00:11:19,428 - org.eclipse.datatools.sqltools.sql - 1.3.0.202311071249
2025-02-21 00:11:19,429 - org.eclipse.datatools.sqltools.sqleditor - 1.3.0.202311071249
2025-02-21 00:11:19,430 - org.eclipse.datatools.sqltools.sqlscrapbook - 1.3.0.202311071249
2025-02-21 00:11:19,431 - org.eclipse.datatools.help - 1.8.0.202311071249
2025-02-21 00:11:19,432 - org.eclipse.datatools.sqltools.db.generic - 1.3.0.202311071249
2025-02-21 00:11:19,433 - org.eclipse.datatools.sqltools.debugger.core.ui - 1.3.0.202311071249
2025-02-21 00:11:19,433 - org.eclipse.datatools.sqltools.editor.core.ui - 1.3.0.202311071249
2025-02-21 00:11:19,434 - org.eclipse.datatools.sqltools.result.ui - 1.4.0.202311071249
2025-02-21 00:11:19,435 - org.eclipse.datatools.sqltools.routineeditor.ui - 1.3.0.202311071249
2025-02-21 00:11:19,438 - org.eclipse.datatools.sqltools.sql.ui - 1.3.0.202311071249
2025-02-21 00:11:19,451 - org.eclipse.m2e.wtp.jsf - 1.6.0.20230118-0812
2025-02-21 00:11:19,459 - org.objectweb.asm - 9.6
2025-02-21 00:11:19,461 - org.eclipse.andmore - 0.5.1.201701251432
2025-02-21 00:11:19,461 - org.eclipse.andmore.base - 0.5.1.201701251432
2025-02-21 00:11:19,462 - org.eclipse.andmore.ddms - 0.5.1.201701251432
2025-02-21 00:11:19,463 - org.eclipse.andmore.overlay - 0.5.1.201701251432
2025-02-21 00:11:19,464 - org.apache.commons.codec - 1.14.0.v20221112-0806
2025-02-21 00:11:19,466 - org.apache.commons.compress - 1.21.0.v20211103-2100
2025-02-21 00:11:19,467 - org.apache.httpcomponents.httpclient - 4.5.13.v20221112-0806
2025-02-21 00:11:19,468 - org.apache.httpcomponents.httpcore - 4.4.15.v20220209-2345
2025-02-21 00:11:19,474 - org.eclipse.datatools.modelbase.dbdefinition - 1.3.0.202305310959
2025-02-21 00:11:19,476 - org.eclipse.datatools.modelbase.sql.edit - 1.3.0.202305310959
2025-02-21 00:11:19,477 - org.eclipse.datatools.modelbase.sql.query - 1.4.0.202305310959
2025-02-21 00:11:19,478 - org.eclipse.datatools.modelbase.sql.query.edit - 1.3.0.202305310959
2025-02-21 00:11:19,479 - org.eclipse.datatools.modelbase.sql.xml.query - 1.3.0.202305310959
2025-02-21 00:11:19,480 - org.eclipse.datatools.modelbase.sql - 1.3.0.202305310959
2025-02-21 00:11:19,489 - org.eclipse.emf.mapping - 2.12.0.v20181104-0733
2025-02-21 00:11:19,499 - org.eclipse.jpt.jaxb.core - 1.4.101.v201902121834
2025-02-21 00:11:19,500 - org.eclipse.jpt.jaxb.core.schemagen - 1.1.202.v202104080213
2025-02-21 00:11:19,500 - org.eclipse.jpt.jaxb.ui - 1.5.200.v202301061019
2025-02-21 00:11:19,501 - org.eclipse.jpt.jaxb.branding - 1.4.1.v201902121834
2025-02-21 00:11:19,509 - org.eclipse.emf.mapping.ecore.editor - 2.8.0.v20180706-1146
2025-02-21 00:11:19,510 - org.eclipse.emf.mapping.ecore2ecore.editor - 2.10.0.v20181104-0733
2025-02-21 00:11:19,511 - org.eclipse.emf.mapping.ecore2xml.ui - 2.12.0.v20190528-0725
2025-02-21 00:11:19,517 - org.eclipse.datatools.enablement.finfo - 1.8.0.202305310959
2025-02-21 00:11:19,518 - org.eclipse.datatools.sqltools.db.derby.ui - 1.3.0.202305310959
2025-02-21 00:11:19,519 - org.eclipse.datatools.sqltools.db.generic.ui - 1.3.0.202305310959
2025-02-21 00:11:19,524 - org.eclipse.jst.ws.axis2.core - 1.0.300.v201903050508
2025-02-21 00:11:19,525 - org.eclipse.jst.ws.axis2.ui - 1.0.400.v201903050508
2025-02-21 00:11:19,525 - org.eclipse.jst.ws.axis2.consumption.core - 1.0.200.v201903050508
2025-02-21 00:11:19,526 - org.eclipse.jst.ws.axis2.consumption.ui - 1.0.200.v201903050508
2025-02-21 00:11:19,527 - org.eclipse.jst.ws.axis2.creation.core - 1.0.200.v201903050508
2025-02-21 00:11:19,527 - org.eclipse.jst.ws.axis2.creation.ui - 1.0.200.v201903050508
2025-02-21 00:11:19,528 - org.eclipse.jst.ws.axis2.ui.doc.user - 1.0.200.v201903222115
2025-02-21 00:11:19,533 - org.testng.eclipse - 7.8.0.202308061717
2025-02-21 00:11:19,549 - org.eclipse.emf.ecore.edit - 2.13.0.v20190822-1451
2025-02-21 00:11:19,550 - org.eclipse.emf.ecore.change.edit - 2.8.0.v20180706-1146
2025-02-21 00:11:19,571 - org.eclipse.sequoyah.vnc.protocol - 2.1.0.N20120718-0509
2025-02-21 00:11:19,577 - org.eclipse.persistence.antlr - 3.5.2.v201711011707
2025-02-21 00:11:19,579 - org.eclipse.persistence.asm - 6.2.0.v201808041549
2025-02-21 00:11:19,583 - org.eclipse.persistence.core - 2.7.3.v20180807-4be1041
2025-02-21 00:11:19,587 - org.eclipse.persistence.jpa - 2.7.3.v20180807-4be1041
2025-02-21 00:11:19,588 - org.eclipse.jpt.jpa.eclipselink.core - 2.4.101.v201902121834
2025-02-21 00:11:19,590 - org.eclipse.jpt.jpa.eclipselink.ui - 2.4.101.v202301061019
2025-02-21 00:11:19,590 - org.eclipse.jpt.jpa.eclipselink.core.ddlgen - 2.2.201.v201902121834
2025-02-21 00:11:19,591 - org.eclipse.jpt.jpa.eclipselink.branding - 3.4.1.v201902121834
2025-02-21 00:11:19,596 - org.eclipse.emf.mapping.ecore - 2.8.0.v20180706-1146
2025-02-21 00:11:19,597 - org.eclipse.emf.mapping.ecore2ecore - 2.11.0.v20180706-1146
2025-02-21 00:11:19,598 - org.eclipse.emf.mapping.ecore2xml - 2.11.0.v20180706-1146
2025-02-21 00:11:19,602 - org.eclipse.andmore.traceview - 0.5.1.201701251432
2025-02-21 00:11:19,606 - org.eclipse.m2e.wtp.jpa - 1.6.0.20230118-0812
2025-02-21 00:11:19,611 - org.eclipse.sequoyah.localization.android - 2.1.0.N20120718-0509
2025-02-21 00:11:19,612 - org.eclipse.sequoyah.localization.android.help - 2.1.1.N20120718-0509
2025-02-21 00:11:19,618 - org.eclipse.emf.codegen - 2.22.0.v20210420-0623
2025-02-21 00:11:19,623 - org.eclipse.wst.sse.ui - 1.7.600.v202211200019
2025-02-21 00:11:19,625 - org.eclipse.wst.xml.ui - 1.2.700.v202305221615
2025-02-21 00:11:19,639 - org.eclipse.emf - 2.8.0.v20180706-1146
2025-02-21 00:11:19,645 - org.eclipse.datatools.doc.user - 1.15.0.202311071249
2025-02-21 00:11:19,645 - org.eclipse.datatools.oda.cshelp - 1.5.0.202311071249
2025-02-21 00:11:19,645 - org.eclipse.datatools.help - 1.8.0.202311071249
2025-02-21 00:11:19,651 - org.eclipse.jst.ws.jaxws.core - 1.0.600.v202104210249
2025-02-21 00:11:19,652 - org.eclipse.jst.ws.jaxws.ui - 1.0.600.v202008101342
2025-02-21 00:11:19,652 - javax.xml.ws - 2.1.0.v200902101523
2025-02-21 00:11:19,652 - javax.jws - 2.0.0.v201005080400
2025-02-21 00:11:19,654 - org.eclipse.jst.ws.annotations.core - 1.2.200.v202008101342
2025-02-21 00:11:19,654 - jakarta.xml.bind - 2.3.3.v20221203-1659
2025-02-21 00:11:19,654 - javax.xml.stream - 1.0.1.v201004272200
2025-02-21 00:11:19,655 - org.eclipse.jst.ws.jaxb.core - 1.0.200.v201902162203
2025-02-21 00:11:19,655 - javax.wsdl - 1.6.2.v201012040545
2025-02-21 00:11:19,655 - org.jdom - 1.1.1.v201101151400
2025-02-21 00:11:19,664 - org.contextmapper.dsl - 6.11.0
2025-02-21 00:11:19,664 - org.contextmapper.dsl.ide - 6.11.0
2025-02-21 00:11:19,665 - org.contextmapper.dsl.ui - 6.11.0
2025-02-21 00:11:19,699 - org.eclipse.draw2d - 3.14.100.202311222042
2025-02-21 00:11:19,707 - org.tigris.subversion.clientadapter.svnkit - 1.8.12.3
2025-02-21 00:11:19,714 - org.eclipse.emf.edit - 2.17.0.v20220201-1551
2025-02-21 00:11:19,723 - edu.umd.cs.findbugs.plugin.eclipse - 3.0.1.20150306-5afe4d1
2025-02-21 00:11:19,731 - com.github.spotbugs.plugin.eclipse - 4.7.3.r202210170504-fa9e53a
2025-02-21 00:11:19,750 - org.eclipse.wst.json.ui - 1.0.700.v202305221615
2025-02-21 00:11:19,751 - org.eclipse.wst.json.bower.ui - 1.0.300.v202305221615
2025-02-21 00:11:19,752 - org.eclipse.wst.json.eslint.ui - 1.0.300.v202305221615
2025-02-21 00:11:19,752 - org.eclipse.wst.json.jshint.ui - 1.0.300.v202305221615
2025-02-21 00:11:19,768 - org.eclipse.wst.json.npm.ui - 1.0.200.v202305221615
2025-02-21 00:11:19,778 - org.eclipse.emf.databinding.edit - 1.7.0.v20210113-0340
2025-02-21 00:11:19,791 - org.eclipse.emf.codegen.ecore - 2.32.0.v20221121-1400
2025-02-21 00:11:19,792 - org.eclipse.emf.ant - 2.11.0.v20200324-0723
2025-02-21 00:11:19,796 - org.eclipse.andmore.ndk - 0.5.1.201701251432
2025-02-21 00:11:19,802 - org.eclipse.andmore.gldebugger - 0.5.1.201701251432
2025-02-21 00:11:19,806 - com.amashchenko.eclipse.strutsclipse.tiles - 1.5.0.201803051747
2025-02-21 00:11:19,811 - com.amashchenko.eclipse.strutsclipse.plugin - 1.5.0.201803051747
2025-02-21 00:11:19,818 - org.eclipse.andmore.android.certmanager - 0.5.1.201701251432
2025-02-21 00:11:19,822 - net.mihai-nita.ansicon.plugin - 1.4.8.202208270854
2025-02-21 00:11:19,828 - org.eclipse.cdt.gdb - 7.2.0.202211062329
2025-02-21 00:11:19,828 - org.eclipse.cdt.gdb.ui - 7.2.0.202211062329
2025-02-21 00:11:19,833 - org.eclipse.sequoyah.localization.tools - 2.1.0.N20120718-0509
2025-02-21 00:11:19,834 - org.eclipse.sequoyah.localization.editor - 2.1.0.N20120718-0509
2025-02-21 00:11:19,840 - org.eclipse.m2e.wtp.jaxrs - 1.6.0.20230118-0812
2025-02-21 00:11:19,845 - org.eclipse.datatools.sqltools.sql - 1.3.0.202311071249
2025-02-21 00:11:19,845 - org.eclipse.datatools.sqltools.common.ui - 1.3.0.202311071249
2025-02-21 00:11:19,845 - org.eclipse.datatools.sqltools.plan - 1.3.0.202311071249
2025-02-21 00:11:19,845 - org.eclipse.datatools.sqltools.editor.core - 1.3.0.202311071249
2025-02-21 00:11:19,845 - org.eclipse.datatools.sqltools.sqleditor - 1.3.0.202311071249
2025-02-21 00:11:19,846 - org.eclipse.datatools.sqltools.ddlgen.ui - 1.3.0.202311071249
2025-02-21 00:11:19,847 - org.eclipse.datatools.connectivity.db.generic - 1.3.0.202311071249
2025-02-21 00:11:19,847 - org.eclipse.datatools.sqltools.editor.core.ui - 1.3.0.202311071249
2025-02-21 00:11:19,847 - org.eclipse.datatools.sqltools.sql.ui - 1.3.0.202311071249
2025-02-21 00:11:19,853 - org.eclipse.cdt.dsf.gdb - 7.0.0.202211221643
2025-02-21 00:11:19,855 - org.eclipse.cdt.dsf.gdb.ui - 2.8.0.202211062329
2025-02-21 00:11:19,860 - org.eclipse.emf.common.ui - 2.20.0.v20220226-1304
2025-02-21 00:11:19,866 - org.eclipse.sequoyah.device.common.utilities - 2.1.0.N20120718-0509
2025-02-21 00:11:19,874 - org.eclipse.andmore.android.common - 0.5.1.201701251432
2025-02-21 00:11:19,875 - org.eclipse.andmore.android.codeutils - 0.5.1.201701251432
2025-02-21 00:11:19,876 - org.eclipse.andmore.android.translation - 0.5.1.201701251432
2025-02-21 00:11:19,878 - org.eclipse.andmore.android.codesnippets - 0.5.1.201701251432
2025-02-21 00:11:19,879 - org.eclipse.andmore.android.db.core - 0.5.1.201701251432
2025-02-21 00:11:19,880 - org.eclipse.andmore.android.logger - 0.5.1.201701251432
2025-02-21 00:11:19,881 - org.eclipse.andmore.android - 0.5.1.201701251432
2025-02-21 00:11:19,883 - org.eclipse.andmore.android.emulator - 0.5.1.201701251432
2025-02-21 00:11:19,883 - org.eclipse.andmore.android.launch - 0.5.1.201701251432
2025-02-21 00:11:19,884 - org.eclipse.andmore.android.packaging.ui - 0.5.1.201701251432
2025-02-21 00:11:19,885 - org.eclipse.andmore.android.handset - 0.5.1.201701251432
2025-02-21 00:11:19,885 - org.eclipse.andmore.android.remote - 0.5.1.201701251432
2025-02-21 00:11:19,886 - org.eclipse.andmore.android.win32.x86_64 - 0.5.1.201701251432
2025-02-21 00:11:19,886 - org.eclipse.andmore.android.mat - 0.5.1.201701251432
2025-02-21 00:11:19,887 - org.eclipse.andmore.android.devices.services - 0.5.1.201701251432
2025-02-21 00:11:19,888 - org.eclipse.andmore.android.db.devices - 0.5.1.201701251432
2025-02-21 00:11:19,888 - org.eclipse.andmore.android.installer - 0.5.1.201701251432
2025-02-21 00:11:19,889 - org.eclipse.andmore.android.logger.collector - 0.5.1.201701251432
2025-02-21 00:11:19,895 - org.eclipse.emf.mapping.ui - 2.10.0.v20181104-0733
2025-02-21 00:11:19,900 - net.sf.eclipsecs.branding - 10.9.3.202308241720
2025-02-21 00:11:19,900 - net.sf.eclipsecs.core - 10.9.3.202308242329
2025-02-21 00:11:19,901 - net.sf.eclipsecs.doc - 10.9.3.202308241720
2025-02-21 00:11:19,908 - net.sf.eclipsecs.checkstyle - 10.9.3.202308242329
2025-02-21 00:11:19,909 - net.sf.eclipsecs.ui - 10.9.3.202308241720
2025-02-21 00:11:19,918 - org.eclipse.sequoyah.vnc.vncviewer - 2.1.0.N20120718-0509
2025-02-21 00:11:19,925 - org.eclipse.emf.codegen.ecore.ui - 2.32.0.v20220925-1245
2025-02-21 00:11:19,930 - org.eclipse.emf.ecore.editor - 2.17.0.v20190528-0725
2025-02-21 00:11:19,936 - org.eclipse.jpt.common.eclipselink.core - 1.3.400.v202208190239
2025-02-21 00:11:19,937 - org.eclipse.jpt.common.eclipselink.branding - 1.3.101.v201902121834
2025-02-21 00:11:19,942 - org.tigris.subversion.subclipse.graph - 4.2.0.1
2025-02-21 00:11:19,947 - org.eclipse.emf.databinding - 1.6.0.v20220517-0824
2025-02-21 00:11:19,952 - org.eclipse.datatools.connectivity.sqm.core.ui - 1.5.0.202311071249
2025-02-21 00:11:19,953 - org.eclipse.datatools.connectivity.sqm.core - 1.6.0.202311071345
2025-02-21 00:11:19,954 - org.eclipse.datatools.connectivity.sqm.server.ui - 1.4.0.202311071249
2025-02-21 00:11:19,954 - org.eclipse.datatools.connectivity.ui.dse - 1.4.0.202311071249
2025-02-21 00:11:19,955 - org.eclipse.datatools.connectivity.ui - 1.5.0.202311071249
2025-02-21 00:11:19,956 - org.eclipse.datatools.connectivity - 1.15.0.202311071249
2025-02-21 00:11:19,956 - org.eclipse.datatools.help - 1.8.0.202311071249
2025-02-21 00:11:19,958 - org.eclipse.datatools.connectivity.console.profile - 1.3.0.202311071249
2025-02-21 00:11:19,963 - org.eclipse.cdt.core.native - 6.3.0.202211062329
2025-02-21 00:11:19,964 - org.eclipse.cdt.core.win32 - 6.1.0.202211062329
2025-02-21 00:11:19,965 - org.eclipse.cdt.core.win32.x86_64 - 6.1.0.202211300214
2025-02-21 00:11:19,965 - org.eclipse.cdt.native.serial - 1.3.0.202211300214
2025-02-21 00:11:19,971 - org.eclipse.cdt.launch - 10.4.0.202211062329
2025-02-21 00:11:19,978 - javax.el - 2.2.0.v201303151357
2025-02-21 00:11:19,979 - jakarta.servlet-api - 4.0.0
2025-02-21 00:11:19,979 - javax.servlet.jsp-api - 2.3.3
2025-02-21 00:11:19,981 - com.sun.el - 2.2.0.v201303151357
2025-02-21 00:11:19,983 - org.apache.jasper.glassfish - 2.2.2.v201501141630
2025-02-21 00:11:19,986 - org.apache.lucene.analyzers-common - 8.4.1.v20221112-0806
2025-02-21 00:11:19,992 - org.apache.lucene.core - 9.7.0.v20230703-0758
2025-02-21 00:11:19,995 - org.apache.lucene.analyzers-smartcn - 8.4.1.v20221112-0806
2025-02-21 00:11:19,996 - org.eclipse.equinox.http.jetty - 3.8.200.v20221109-0702
2025-02-21 00:11:19,997 - org.eclipse.equinox.http.registry - 1.3.200.v20220720-2012
2025-02-21 00:11:19,997 - org.eclipse.equinox.http.servlet - 1.7.400.v20221006-1531
2025-02-21 00:11:19,998 - org.eclipse.equinox.jsp.jasper - 1.1.700.v20220801-1124
2025-02-21 00:11:19,999 - org.eclipse.equinox.jsp.jasper.registry - 1.2.100.v20211021-1418
2025-02-21 00:11:20,000 - org.eclipse.help.base - 4.3.900.v20221123-1800
2025-02-21 00:11:20,001 - org.eclipse.help.ui - 4.4.100.v20220619-1918
2025-02-21 00:11:20,002 - org.eclipse.help.webapp - 3.10.900.v20221103-0933
2025-02-21 00:11:20,003 - org.eclipse.jetty.http - 10.0.12
2025-02-21 00:11:20,004 - org.eclipse.jetty.io - 10.0.12
2025-02-21 00:11:20,004 - org.eclipse.jetty.security - 10.0.12
2025-02-21 00:11:20,005 - org.eclipse.jetty.server - 10.0.12
2025-02-21 00:11:20,006 - org.eclipse.jetty.servlet - 10.0.12
2025-02-21 00:11:20,007 - org.eclipse.jetty.util - 10.0.12
2025-02-21 00:11:20,008 - org.eclipse.jetty.util.ajax - 10.0.12
2025-02-21 00:11:20,009 - org.eclipse.core.net - 1.4.0.v20220813-1037
2025-02-21 00:11:20,010 - org.eclipse.equinox.security - 1.3.1000.v20220801-1135
2025-02-21 00:11:20,015 - org.eclipse.egit.gitflow - 6.4.0.202211300538-r
2025-02-21 00:11:20,016 - org.eclipse.egit.gitflow.ui - 6.4.0.202211300538-r
2025-02-21 00:11:20,022 - org.eclipse.tm.terminal.connector.ssh - 4.8.0.202211062329
2025-02-21 00:11:20,028 - org.eclipse.mylyn.wikitext - 3.0.45.202211090110
2025-02-21 00:11:20,029 - org.eclipse.mylyn.wikitext.ant - 3.0.45.202211090110
2025-02-21 00:11:20,030 - org.eclipse.mylyn.wikitext.osgi - 3.0.45.202211090110
2025-02-21 00:11:20,031 - org.eclipse.mylyn.wikitext.asciidoc - 3.0.45.202211090110
2025-02-21 00:11:20,031 - org.eclipse.mylyn.wikitext.textile - 3.0.45.202211090110
2025-02-21 00:11:20,032 - org.eclipse.mylyn.wikitext.html - 3.0.45.202211090110
2025-02-21 00:11:20,033 - org.eclipse.mylyn.wikitext.markdown - 3.0.45.202211090110
2025-02-21 00:11:20,034 - org.eclipse.mylyn.wikitext.mediawiki - 3.0.45.202211090110
2025-02-21 00:11:20,034 - org.eclipse.mylyn.wikitext.confluence - 3.0.45.202211090110
2025-02-21 00:11:20,035 - org.eclipse.mylyn.wikitext.tracwiki - 3.0.45.202211090110
2025-02-21 00:11:20,036 - org.eclipse.mylyn.wikitext.twiki - 3.0.45.202211090110
2025-02-21 00:11:20,037 - org.eclipse.mylyn.wikitext.ui - 3.0.45.202211090110
2025-02-21 00:11:20,038 - org.eclipse.mylyn.wikitext.help.ui - 3.0.45.202211090110
2025-02-21 00:11:20,039 - org.eclipse.mylyn.wikitext.asciidoc.ui - 3.0.45.202211090110
2025-02-21 00:11:20,040 - org.eclipse.mylyn.wikitext.textile.ui - 3.0.45.202211090110
2025-02-21 00:11:20,042 - org.eclipse.mylyn.wikitext.markdown.ui - 3.0.45.202211090110
2025-02-21 00:11:20,043 - org.eclipse.mylyn.wikitext.mediawiki.ui - 3.0.45.202211090110
2025-02-21 00:11:20,046 - org.eclipse.mylyn.wikitext.confluence.ui - 3.0.45.202211090110
2025-02-21 00:11:20,047 - org.eclipse.mylyn.wikitext.tracwiki.ui - 3.0.45.202211090110
2025-02-21 00:11:20,048 - org.eclipse.mylyn.wikitext.twiki.ui - 3.0.45.202211090110
2025-02-21 00:11:20,054 - org.eclipse.m2e.logback - 2.1.0.20221015-0744
2025-02-21 00:11:20,059 - org.eclipse.buildship.compat - 3.1.6.v20220511-1359
2025-02-21 00:11:20,060 - org.eclipse.buildship.core - 3.1.6.v20220511-1359
2025-02-21 00:11:20,060 - org.eclipse.buildship.ui - 3.1.6.v20220511-1359
2025-02-21 00:11:20,061 - org.eclipse.buildship.branding - 3.1.6.v20220511-1359
2025-02-21 00:11:20,067 - org.eclipse.egit.core - 6.4.0.202211300538-r
2025-02-21 00:11:20,069 - org.eclipse.egit.ui - 6.4.0.202211300538-r
2025-02-21 00:11:20,070 - org.eclipse.egit - 6.4.0.202211300538-r
2025-02-21 00:11:20,071 - org.eclipse.egit.doc - 6.4.0.202211300538-r
2025-02-21 00:11:20,077 - org.eclipse.justj.openjdk.hotspot.jre.full - 17.0.6.v20230125-1136
2025-02-21 00:11:20,080 - org.eclipse.justj.openjdk.hotspot.jre.full.win32.x86_64 - 17.0.6.v20230125-1136
2025-02-21 00:11:20,086 - org.eclipse.userstorage - 1.2.0.v20210517-0327
2025-02-21 00:11:20,087 - org.eclipse.userstorage.ui - 1.1.0.v20190307-0457
2025-02-21 00:11:20,088 - org.eclipse.userstorage.oauth - 1.1.0.v20190307-0457
2025-02-21 00:11:20,096 - org.eclipse.m2e.wtp - 1.5.2.20220906-1452
2025-02-21 00:11:20,097 - org.eclipse.m2e.wtp.overlay - 1.5.0.20220805-2025
2025-02-21 00:11:20,098 - org.eclipse.m2e.wtp.overlay.ui - 1.5.0.20220805-2025
2025-02-21 00:11:20,107 - org.eclipse.tm.terminal.view.core - 4.9.0.202211062329
2025-02-21 00:11:20,107 - org.eclipse.tm.terminal.view.ui - 4.11.0.202211062329
2025-02-21 00:11:20,116 - org.eclipse.jgit.http.apache - 6.4.0.202211300538-r
2025-02-21 00:11:20,133 - org.eclipse.m2e.archetype.common - 3.2.102.20221130-2149
2025-02-21 00:11:20,134 - org.eclipse.m2e.model.edit - 2.0.100.20221115-1709
2025-02-21 00:11:20,136 - org.eclipse.m2e.core - 2.0.5.20221128-1757
2025-02-21 00:11:20,137 - org.eclipse.m2e.launching - 2.0.2.20221122-2012
2025-02-21 00:11:20,138 - org.eclipse.m2e.workspace.cli - 0.3.1
2025-02-21 00:11:20,139 - org.eclipse.m2e.jdt - 2.0.4.20221130-2135
2025-02-21 00:11:20,140 - org.eclipse.m2e.editor - 2.0.2.20221115-1709
2025-02-21 00:11:20,141 - org.eclipse.m2e.maven.runtime - 3.8.604.20221130-2149
2025-02-21 00:11:20,142 - org.eclipse.m2e.refactoring - 2.0.2.20221115-1709
2025-02-21 00:11:20,143 - org.eclipse.m2e.discovery - 2.0.1.20221101-1753
2025-02-21 00:11:20,144 - org.eclipse.m2e.core.ui - 2.0.2.20221113-1617
2025-02-21 00:11:20,145 - org.eclipse.m2e.scm - 2.0.1.20221101-1753
2025-02-21 00:11:20,147 - org.eclipse.m2e.jdt.ui - 2.0.1.20221115-1709
2025-02-21 00:11:20,148 - org.eclipse.m2e.profiles.core - 2.1.0.20221110-1338
2025-02-21 00:11:20,148 - org.eclipse.m2e.profiles.ui - 2.0.1.20221101-1753
2025-02-21 00:11:20,149 - org.eclipse.m2e.sourcelookup - 2.0.1.20221118-1906
2025-02-21 00:11:20,149 - org.eclipse.m2e.sourcelookup.ui - 2.0.1.20221118-1906
2025-02-21 00:11:20,149 - org.eclipse.m2e.binaryproject - 2.1.0.20221115-1709
2025-02-21 00:11:20,150 - org.eclipse.m2e.binaryproject.ui - 2.0.0.20220705-1221
2025-02-21 00:11:20,150 - org.eclipse.m2e.apt.core - 2.0.2.20221020-0713
2025-02-21 00:11:20,151 - org.eclipse.m2e.apt.ui - 2.0.2.20221115-1709
2025-02-21 00:11:20,151 - org.eclipse.m2e.mavenarchiver - 2.0.2.20221115-1709
2025-02-21 00:11:20,157 - org.eclipse.help - 3.9.100.v20210721-0601
2025-02-21 00:11:20,160 - org.eclipse.ui - 3.201.200.v20221024-2137
2025-02-21 00:11:20,161 - org.eclipse.ui.workbench - 3.127.0.v20221024-2137
2025-02-21 00:11:20,162 - org.eclipse.update.configurator - 3.4.1000.v20221114-1512
2025-02-21 00:11:20,163 - org.eclipse.rcp - 4.26.0.v20221123-1800
2025-02-21 00:11:20,164 - com.ibm.icu - 74.1
2025-02-21 00:11:20,172 - org.eclipse.jgit.lfs - 6.4.0.202211300538-r
2025-02-21 00:11:20,173 - org.eclipse.jgit.lfs.server - 6.4.0.202211300538-r
2025-02-21 00:11:20,193 - org.eclipse.epp.mpc.core - 1.10.1.v20221110-1841
2025-02-21 00:11:20,194 - org.eclipse.epp.mpc.core.win32 - 1.10.1.v20221110-1841
2025-02-21 00:11:20,195 - org.eclipse.epp.mpc.ui - 1.10.1.v20221110-1841
2025-02-21 00:11:20,196 - org.eclipse.epp.mpc.ui.css - 1.10.1.v20221110-1841
2025-02-21 00:11:20,197 - org.eclipse.epp.mpc.help.ui - 1.10.1.v20221110-1841
2025-02-21 00:11:20,206 - org.eclipse.jgit.gpg.bc - 6.4.0.202211300538-r
2025-02-21 00:11:20,216 - org.eclipse.pde - 3.13.2100.v20221123-1800
2025-02-21 00:11:20,220 - org.eclipse.pde.build - 3.11.400.v20220923-1253
2025-02-21 00:11:20,221 - org.eclipse.pde.core - 3.16.0.v20221119-0340
2025-02-21 00:11:20,222 - org.eclipse.pde.junit.runtime - 3.6.200.v20220523-1051
2025-02-21 00:11:20,223 - org.eclipse.pde.runtime - 3.7.500.v20221012-2030
2025-02-21 00:11:20,224 - org.eclipse.pde.ui - 3.13.700.v20221114-1716
2025-02-21 00:11:20,226 - org.eclipse.pde.doc.user - 3.14.1800.v20221121-0559
2025-02-21 00:11:20,228 - org.eclipse.pde.ui.templates - 3.7.700.v20220802-1520
2025-02-21 00:11:20,229 - org.eclipse.pde.api.tools - 1.2.1100.v20221114-1728
2025-02-21 00:11:20,230 - org.eclipse.pde.api.tools.annotations - 1.1.500.v20220813-1730
2025-02-21 00:11:20,231 - org.eclipse.pde.api.tools.ui - 1.2.700.v20220329-0844
2025-02-21 00:11:20,232 - org.eclipse.pde.ds.core - 1.2.500.v20220411-2005
2025-02-21 00:11:20,233 - org.eclipse.pde.ds.ui - 1.2.300.v20220310-2159
2025-02-21 00:11:20,233 - org.eclipse.pde.launching - 3.10.200.v20221108-1157
2025-02-21 00:11:20,235 - org.eclipse.pde.ua.core - 1.2.300.v20211004-0555
2025-02-21 00:11:20,236 - org.eclipse.pde.ua.ui - 1.2.400.v20220317-0700
2025-02-21 00:11:20,236 - org.eclipse.ui.trace - 1.2.200.v20220310-2159
2025-02-21 00:11:20,237 - org.eclipse.pde.ds.annotations - 1.2.500.v20220811-0944
2025-02-21 00:11:20,238 - org.eclipse.pde.genericeditor.extension - 1.1.300.v20220810-1011
2025-02-21 00:11:20,238 - org.eclipse.tools.layout.spy - 1.1.100.v20221111-1233
2025-02-21 00:11:20,238 - org.eclipse.pde.spy.core - 1.0.200.v20220331-1637
2025-02-21 00:11:20,239 - org.eclipse.pde.spy.model - 0.12.400.v20220621-1036
2025-02-21 00:11:20,240 - org.eclipse.pde.spy.css - 0.12.300.v20220512-1208
2025-02-21 00:11:20,240 - org.eclipse.pde.spy.preferences - 0.12.300.v20220512-1208
2025-02-21 00:11:20,240 - org.eclipse.pde.spy.context - 1.0.400.v20221119-0340
2025-02-21 00:11:20,240 - org.eclipse.pde.spy.bundle - 0.12.200.v20220512-1208
2025-02-21 00:11:20,241 - org.eclipse.pde.spy.event - 1.0.100.v20221114-1716
2025-02-21 00:11:20,246 - org.eclipse.jgit.ssh.apache - 6.4.0.202211300538-r
2025-02-21 00:11:20,247 - org.eclipse.jgit.ssh.apache.agent - 6.4.0.202211300538-r
2025-02-21 00:11:20,256 - org.eclipse.jdt - 3.18.1400.v20221123-1800
2025-02-21 00:11:20,257 - org.eclipse.ant.ui - 3.8.300.v20220718-1722
2025-02-21 00:11:20,259 - org.eclipse.jdt.apt.core - 3.7.50.v20210914-1429
2025-02-21 00:11:20,260 - org.eclipse.jdt.apt.ui - 3.7.0.v20210620-1751
2025-02-21 00:11:20,261 - org.eclipse.jdt.apt.pluggable.core - 1.3.0.v20210618-1653
2025-02-21 00:11:20,264 - org.eclipse.jdt.compiler.apt - 1.4.300.v20221108-0856
2025-02-21 00:11:20,265 - org.eclipse.jdt.compiler.tool - 1.3.200.v20220802-0458
2025-02-21 00:11:20,265 - org.eclipse.jdt.core - 3.32.0.v20221108-1853
2025-02-21 00:11:20,266 - org.eclipse.jdt.core.formatterapp - 1.1.0.v20210618-1653
2025-02-21 00:11:20,266 - org.eclipse.jdt.annotation - 2.2.700.v20220826-1026
2025-02-21 00:11:20,266 - org.eclipse.jdt.annotation - 2.2.700.v20220826-1026
2025-02-21 00:11:20,269 - org.eclipse.jdt.core.manipulation - 1.17.0.v20221026-1918
2025-02-21 00:11:20,271 - org.eclipse.jdt.debug.ui - 3.12.900.v20221001-0715
2025-02-21 00:11:20,275 - org.eclipse.jdt.debug - 3.20.0.v20220922-0905
2025-02-21 00:11:20,276 - org.eclipse.jdt.junit - 3.15.100.v20220909-2154
2025-02-21 00:11:20,276 - org.eclipse.jdt.junit.core - 3.11.500.v20221031-1935
2025-02-21 00:11:20,277 - org.eclipse.jdt.junit.runtime - 3.7.0.v20220609-1843
2025-02-21 00:11:20,278 - org.eclipse.jdt.junit4.runtime - 1.3.0.v20220609-1843
2025-02-21 00:11:20,278 - org.eclipse.jdt.junit5.runtime - 1.1.100.v20220907-0450
2025-02-21 00:11:20,279 - org.eclipse.jdt.launching - 3.19.800.v20221107-1851
2025-02-21 00:11:20,282 - org.eclipse.jdt.ui - 3.27.100.v20221122-0749
2025-02-21 00:11:20,284 - org.junit - 4.13.2.v20211018-1956
2025-02-21 00:11:20,286 - org.hamcrest.core - 1.3.0.v20180420-1519
2025-02-21 00:11:20,287 - junit-jupiter-api - 5.9.1
2025-02-21 00:11:20,288 - junit-jupiter-engine - 5.9.1
2025-02-21 00:11:20,289 - junit-jupiter-migrationsupport - 5.9.1
2025-02-21 00:11:20,289 - junit-jupiter-params - 5.9.1
2025-02-21 00:11:20,291 - junit-platform-commons - 1.9.1
2025-02-21 00:11:20,291 - junit-platform-engine - 1.9.1
2025-02-21 00:11:20,292 - junit-platform-launcher - 1.9.1
2025-02-21 00:11:20,293 - junit-platform-runner - 1.9.1
2025-02-21 00:11:20,294 - junit-platform-suite-api - 1.9.1
2025-02-21 00:11:20,294 - junit-platform-suite-commons - 1.9.1
2025-02-21 00:11:20,294 - junit-platform-suite-engine - 1.9.1
2025-02-21 00:11:20,295 - junit-vintage-engine - 5.9.1
2025-02-21 00:11:20,295 - org.opentest4j - 1.2.0
2025-02-21 00:11:20,296 - org.apiguardian.api - 1.1.2
2025-02-21 00:11:20,297 - org.eclipse.jdt.doc.user - 3.15.1600.v20221121-0559
2025-02-21 00:11:20,299 - org.eclipse.ant.launching - 1.3.400.v20220718-1722
2025-02-21 00:11:20,307 - org.eclipse.emf.common - 2.27.0.v20221121-1400
2025-02-21 00:11:20,312 - org.jboss.tools.m2e.wro4j.core - 1.2.1.202301111328
2025-02-21 00:11:20,313 - org.jboss.tools.m2e.wro4j.ui - 1.2.1.202301111328
2025-02-21 00:11:20,318 - org.eclipse.tm.terminal.control - 5.4.0.202211062329
2025-02-21 00:11:20,326 - org.sonatype.m2e.egit - 0.17.0.202209271423
2025-02-21 00:11:20,331 - org.eclipse.emf.ecore - 2.29.0.v20221121-1400
2025-02-21 00:11:20,332 - org.eclipse.emf.ecore.change - 2.14.0.v20190528-0725
2025-02-21 00:11:20,333 - org.eclipse.emf.ecore.xmi - 2.17.0.v20220817-1334
2025-02-21 00:11:20,342 - org.eclipse.wst.common.project.facet.core - 1.4.402.v202111212041
2025-02-21 00:11:20,343 - org.eclipse.wst.common.project.facet.ui - 1.4.602.v202007142017
2025-02-21 00:11:20,357 - org.eclipse.jst.common.project.facet.core - 1.12.100.v202208260526
2025-02-21 00:11:20,357 - org.eclipse.jst.common.project.facet.ui - 1.4.511.v202007142017
2025-02-21 00:11:20,365 - org.eclipse.jgit - 6.4.0.202211300538-r
2025-02-21 00:11:20,366 - org.eclipse.jgit.archive - 6.4.0.202211300538-r
2025-02-21 00:11:20,441 - org.apache.ant - 1.10.12.v20211102-1452
2025-02-21 00:11:20,441 - org.eclipse.ant.core - 3.6.500.v20220718-1722
2025-02-21 00:11:20,443 - com.jcraft.jsch - 0.1.55.v20221112-0806
2025-02-21 00:11:20,443 - org.eclipse.compare.core - 3.7.100.v20220812-1406
2025-02-21 00:11:20,444 - org.eclipse.compare - 3.8.500.v20220812-1406
2025-02-21 00:11:20,445 - org.eclipse.compare.win32 - 1.2.900.v20220812-1406
2025-02-21 00:11:20,446 - org.eclipse.core.filebuffers - 3.7.200.v20220202-1008
2025-02-21 00:11:20,447 - org.eclipse.core.filesystem - 1.9.500.v20220817-1539
2025-02-21 00:11:20,447 - org.eclipse.core.net - 1.4.0.v20220813-1037
2025-02-21 00:11:20,448 - org.eclipse.core.net.win32 - 1.0.100.v20220812-1406
2025-02-21 00:11:20,449 - org.eclipse.core.net.win32.x86_64 - 1.1.700.v20220812-1406
2025-02-21 00:11:20,450 - org.eclipse.core.resources - 3.18.100.v20221025-2047
2025-02-21 00:11:20,450 - org.eclipse.debug.core - 3.20.0.v20220811-0741
2025-02-21 00:11:20,453 - org.eclipse.debug.ui - 3.17.100.v20220926-1344
2025-02-21 00:11:20,454 - org.eclipse.e4.ui.ide - 3.16.200.v20221024-2137
2025-02-21 00:11:20,455 - org.eclipse.equinox.event - 1.6.100.v20211021-1418
2025-02-21 00:11:20,455 - org.eclipse.ltk.core.refactoring - 3.13.0.v20220822-0502
2025-02-21 00:11:20,456 - org.eclipse.ltk.ui.refactoring - 3.12.200.v20220808-2221
2025-02-21 00:11:20,456 - org.eclipse.platform - 4.26.0.v20221123-1800
2025-02-21 00:11:20,460 - org.eclipse.platform.doc.user - 4.26.0.v20221121-0559
2025-02-21 00:11:20,461 - org.eclipse.search - 3.14.300.v20220905-1020
2025-02-21 00:11:20,462 - org.eclipse.text.quicksearch - 1.1.400.v20221023-0941
2025-02-21 00:11:20,463 - org.eclipse.team.core - 3.9.600.v20220902-2219
2025-02-21 00:11:20,464 - org.eclipse.team.ui - 3.9.500.v20220920-2213
2025-02-21 00:11:20,467 - org.eclipse.text - 3.12.300.v20220921-1010
2025-02-21 00:11:20,467 - org.eclipse.jface.text - 3.22.0.v20221119-1047
2025-02-21 00:11:20,468 - org.eclipse.jsch.core - 1.4.0.v20220813-1037
2025-02-21 00:11:20,469 - org.eclipse.jsch.ui - 1.4.200.v20220812-1406
2025-02-21 00:11:20,470 - org.eclipse.ui.console - 3.11.400.v20221012-0524
2025-02-21 00:11:20,470 - org.eclipse.ui.intro - 3.6.600.v20220619-1918
2025-02-21 00:11:20,471 - org.eclipse.ui.intro.universal - 3.4.300.v20220619-1918
2025-02-21 00:11:20,483 - org.eclipse.ui.cheatsheets - 3.7.500.v20220903-1020
2025-02-21 00:11:20,484 - org.eclipse.ui.browser - 3.7.300.v20221024-2137
2025-02-21 00:11:20,485 - org.eclipse.ui.genericeditor - 1.2.300.v20220915-0924
2025-02-21 00:11:20,486 - org.eclipse.ui.monitoring - 1.2.300.v20221024-2137
2025-02-21 00:11:20,487 - org.eclipse.ui.navigator - 3.10.400.v20221024-2137
2025-02-21 00:11:20,487 - org.eclipse.ui.navigator.resources - 3.8.500.v20221024-2137
2025-02-21 00:11:20,490 - org.eclipse.ui.net - 1.4.100.v20220812-1406
2025-02-21 00:11:20,493 - org.eclipse.ui.workbench.texteditor - 3.16.600.v20220809-1658
2025-02-21 00:11:20,494 - org.eclipse.ui.views - 3.11.300.v20221024-2137
2025-02-21 00:11:20,494 - org.eclipse.ui.editors - 3.14.400.v20220730-1844
2025-02-21 00:11:20,496 - org.eclipse.ui.externaltools - 3.5.200.v20220618-1805
2025-02-21 00:11:20,499 - org.eclipse.ui.ide - 3.20.0.v20221027-2208
2025-02-21 00:11:20,499 - org.eclipse.ui.ide.application - 1.4.600.v20221024-2137
2025-02-21 00:11:20,500 - org.eclipse.ui.win32 - 3.4.500.v20221024-2137
2025-02-21 00:11:20,500 - org.eclipse.core.resources.win32.x86_64 - 3.5.500.v20220812-1420
2025-02-21 00:11:20,500 - org.eclipse.core.filesystem.win32.x86_64 - 1.4.300.v20220812-1420
2025-02-21 00:11:20,504 - org.eclipse.core.variables - 3.5.100.v20210721-1355
2025-02-21 00:11:20,510 - org.eclipse.ui.forms - 3.11.500.v20221024-2137
2025-02-21 00:11:20,511 - org.eclipse.ui.views.properties.tabbed - 3.9.300.v20221024-2137
2025-02-21 00:11:20,511 - org.eclipse.equinox.security - 1.3.1000.v20220801-1135
2025-02-21 00:11:20,512 - org.eclipse.equinox.security.ui - 1.3.400.v20221007-1815
2025-02-21 00:11:20,514 - org.eclipse.equinox.security.win32.x86_64 - 1.1.300.v20211021-1418
2025-02-21 00:11:20,515 - org.eclipse.core.externaltools - 1.2.300.v20220618-1805
2025-02-21 00:11:20,515 - org.eclipse.ui.themes - 1.2.2100.v20221024-2137
2025-02-21 00:11:20,515 - org.eclipse.core.runtime - 3.26.100.v20221021-0005
2025-02-21 00:11:20,517 - org.eclipse.ui.intro.quicklinks - 1.1.200.v20220619-1918
2025-02-21 00:11:20,519 - org.eclipse.team.genericeditor.diff.extension - 1.1.100.v20220812-1406
2025-02-21 00:11:20,519 - org.eclipse.urischeme - 1.2.200.v20221024-2137
2025-02-21 00:11:20,520 - org.eclipse.ui.views.log - 1.3.400.v20220907-1244
2025-02-21 00:11:20,520 - org.eclipse.debug.ui.launchview - 1.0.300.v20220811-0741
2025-03-16 00:39:21,186 - os.name - Windows 11
2025-03-16 00:39:21,187 - os.arch - amd64
2025-03-16 00:39:21,187 - os.version - 10.0
2025-03-16 00:39:21,187 - java.version - 17.0.6
2025-03-16 00:39:21,187 - java.vendor - Eclipse Adoptium
2025-03-16 00:39:21,187 - java.vendor.url - https://adoptium.net/
2025-03-16 00:39:21,187 - java.home - C:\ProgramData\chocolatey\lib\SpringToolSuite\tools\sts-4.17.2.RELEASE\plugins\org.eclipse.justj.openjdk.hotspot.jre.full.win32.x86_64_17.0.6.v20230125-1136\jre
2025-03-16 00:39:21,187 - java.vm.specification.name - Java Virtual Machine Specification
2025-03-16 00:39:21,187 - java.vm.specification.vendor - Oracle Corporation
2025-03-16 00:39:21,187 - java.vm.specification.version - 17
2025-03-16 00:39:21,187 - java.class.path - C:\ProgramData\chocolatey\lib\SpringToolSuite\tools\sts-4.17.2.RELEASE\\plugins/org.eclipse.equinox.launcher_1.6.400.v20210924-0641.jar
2025-03-16 00:39:21,187 - java.library.path - C:\ProgramData\chocolatey\lib\SpringToolSuite\tools\sts-4.17.2.RELEASE;C:\WINDOWS\Sun\Java\bin;C:\WINDOWS\system32;C:\WINDOWS;C:/ProgramData/chocolatey/lib/SpringToolSuite/tools/sts-4.17.2.RELEASE//plugins/org.eclipse.justj.openjdk.hotspot.jre.full.win32.x86_64_17.0.6.v20230125-1136/jre/bin/server;C:/ProgramData/chocolatey/lib/SpringToolSuite/tools/sts-4.17.2.RELEASE//plugins/org.eclipse.justj.openjdk.hotspot.jre.full.win32.x86_64_17.0.6.v20230125-1136/jre/bin;C:\Program Files\Microsoft MPI\Bin\;C:\Program Files\Microsoft\jdk-11.0.16.101-hotspot\bin;C:\Program Files\Common Files\Oracle\Java\javapath;C:\Program Files (x86)\Common Files\Oracle\Java\java8path;C:\Program Files (x86)\Common Files\Oracle\Java\javapath;C:\app\ASUS\product\21c\dbhomeXE\bin;C:\Program Files (x86)\VMware\VMware Player\bin\;C:\Users\ASUS\AppData\Local\Microsoft\WindowsApps;C:\Users\ASUS\AppData\Local\Programs\Microsoft VS Code\bin;C:\Program Files\JetBrains\PhpStorm 2022.2.3\bin;C:\Users\ASUS\AppData\Roaming\npm;C:\Users\ASUS\AppData\Roaming\Composer\vendor\bin;C:\Program Files\PostgreSQL\14\bin;C:\Program Files\Java\jdk-19\bin;C:\Program Files\Microsoft SQL Server\Client SDK\ODBC\170\Tools\Binn\;C:\Program Files\Java\jdk-19\bin;C:\src\flutter\bin\cache\dart-sdk\bin;C:\Users\ASUS\AppData\Local\Pub\Cache\bin;%JRE_HOME%\bin;C:\Users\ASUS\AppData\Local\Programs\Python\Python311;C:\composer;C:\Program Files (x86)\Microsoft SQL Server\160\Tools\Binn\;C:\Program Files\Microsoft SQL Server\160\Tool;C:\Program Files\nodejs\;;C:\Program Files\Docker\Docker\resources\bin;C:\Program Files\Microsoft MPI\Bin\;C:\Program Files\Microsoft\jdk-11.0.16.101-hotspot\bin;C:\Program Files\Common Files\Oracle\Java\javapath;C:\Program Files (x86)\Common Files\Oracle\Java\java8path;C:\Program Files (x86)\Common Files\Oracle\Java\javapath;C:\app\ASUS\product\21c\dbhomeXE\bin;C:\Program Files (x86)\VMware\VMware Player\bin\;C:\Users\ASUS\AppData\Local\Microsoft\WindowsApps;C:\Users\ASUS\AppData\Local\Programs\Microsoft VS Code\bin;C:\Program Files\JetBrains\PhpStorm 2022.2.3\bin;C:\Users\ASUS\AppData\Roaming\npm;C:\Users\ASUS\AppData\Roaming\Composer\vendor\bin;C:\Program Files\PostgreSQL\14\bin;C:\Program Files\Java\jdk-19\bin;C:\Program Files\Microsoft SQL Server\Client SDK\ODBC\170\Tools\Binn\;C:\Program Files\Java\jdk-19\bin;C:\src\flutter\bin\cache\dart-sdk\bin;C:\Users\ASUS\AppData\Local\Pub\Cache\bin;%JRE_HOME%\bin;C:\Users\ASUS\AppData\Local\Programs\Python\Python311;C:\composer;C:\Program Files (x86)\Microsoft SQL Server\160\Tools\Binn\;C:\Program Files\Microsoft SQL Server\160\Tool;C:\Program Files\\Elastic\Beats\8.17.0\metricbeat;C:\Users\ASUS\.lmstudio\bin;;C:\ProgramData\chocolatey\bin;;.
2025-03-16 00:39:21,187 - --------------------------------------
2025-03-16 00:39:21,187 - ## Eclipse Plug-ins Log Information ##
2025-03-16 00:39:21,187 - --------------------------------------
2025-03-16 00:39:21,216 - org.tigris.subversion.subclipse.core - 4.3.4.202306191346
2025-03-16 00:39:21,218 - org.tigris.subversion.subclipse.ui - 4.3.4.202306191346
2025-03-16 00:39:21,218 - com.collabnet.subversion.merge - 4.2.0.1
2025-03-16 00:39:21,218 - org.tigris.subversion.clientadapter - 1.10.0
2025-03-16 00:39:21,228 - org.eclipse.andmore.hierarchyviewer - 0.5.1.201701251432
2025-03-16 00:39:21,236 - org.eclipse.sequoyah.device.backward - 2.1.0.N20120718-0509
2025-03-16 00:39:21,238 - org.eclipse.sequoyah.device.framework - 2.1.0.N20120718-0509
2025-03-16 00:39:21,239 - org.eclipse.sequoyah.device.framework.ui - 2.1.0.N20120718-0509
2025-03-16 00:39:21,241 - org.eclipse.sequoyah.device.service.start - 2.1.0.N20120718-0509
2025-03-16 00:39:21,244 - org.eclipse.sequoyah.device.service.stop - 2.1.0.N20120718-0509
2025-03-16 00:39:21,244 - org.eclipse.sequoyah.device.framework.wizard - 2.1.0.N20120718-0509
2025-03-16 00:39:21,253 - org.eclipse.cdt.managedbuilder.gnu.ui - 8.5.0.202211211546
2025-03-16 00:39:21,255 - org.eclipse.cdt.build.gcc.core - 2.0.0.202211181555
2025-03-16 00:39:21,257 - org.eclipse.cdt.build.gcc.ui - 1.2.0.202211062329
2025-03-16 00:39:21,267 - org.eclipse.gef - 3.16.0.202311222042
2025-03-16 00:39:21,274 - org.eclipse.cdt - 11.0.0.202211062329
2025-03-16 00:39:21,276 - org.eclipse.cdt.core - 8.0.0.202211292120
2025-03-16 00:39:21,278 - org.eclipse.cdt.codan.core - 4.2.0.202211062329
2025-03-16 00:39:21,279 - org.eclipse.cdt.codan.ui - 3.5.0.202211062329
2025-03-16 00:39:21,281 - org.eclipse.cdt.codan.core.cxx - 3.6.0.202211062329
2025-03-16 00:39:21,283 - org.eclipse.cdt.codan.ui.cxx - 3.7.0.202211101937
2025-03-16 00:39:21,286 - org.eclipse.cdt.codan.checkers - 3.5.0.202211062329
2025-03-16 00:39:21,287 - org.eclipse.cdt.codan.checkers.ui - 3.4.0.202211062329
2025-03-16 00:39:21,288 - org.eclipse.cdt.debug.core - 8.8.0.202211072232
2025-03-16 00:39:21,290 - org.eclipse.cdt.debug.ui - 8.5.0.202211100047
2025-03-16 00:39:21,290 - org.eclipse.cdt.make.core - 7.6.0.202211062329
2025-03-16 00:39:21,292 - org.eclipse.cdt.make.ui - 8.2.0.202211062329
2025-03-16 00:39:21,293 - org.eclipse.cdt.managedbuilder.core - 9.5.0.202211211546
2025-03-16 00:39:21,294 - org.eclipse.cdt.managedbuilder.headlessbuilderapp - 1.1.0.202211062329
2025-03-16 00:39:21,296 - org.eclipse.cdt.managedbuilder.ui - 9.4.0.202211211546
2025-03-16 00:39:21,300 - org.eclipse.cdt.ui - 8.0.0.202211292120
2025-03-16 00:39:21,303 - org.eclipse.cdt.doc.user - 5.5.0.202211211546
2025-03-16 00:39:21,304 - org.eclipse.cdt.dsf - 2.12.0.202211062329
2025-03-16 00:39:21,305 - org.eclipse.cdt.dsf.ui - 2.7.0.202211062329
2025-03-16 00:39:21,307 - org.eclipse.cdt.flatpak.launcher - 1.1.0.202211062329
2025-03-16 00:39:21,309 - org.eclipse.cdt.native.serial - 1.3.0.202211300214
2025-03-16 00:39:21,310 - org.eclipse.cdt.platform.branding - 11.0.0.202211062329
2025-03-16 00:39:21,318 - javax.persistence - 2.2.1.v201807122140
2025-03-16 00:39:21,319 - org.eclipse.jpt.jpa.annotate - 1.0.101.v201902121834
2025-03-16 00:39:21,324 - org.eclipse.jpt.jpa.core - 3.6.1.v202301061019
2025-03-16 00:39:21,325 - org.eclipse.jpt.jpa.db - 2.2.201.v202301061019
2025-03-16 00:39:21,328 - org.eclipse.jpt.jpa.db.ui - 2.1.201.v201902121834
2025-03-16 00:39:21,329 - org.eclipse.jpt.jpa.gen - 2.3.201.v202301061019
2025-03-16 00:39:21,331 - org.eclipse.jpt.jpa.ui - 3.6.100.v202305092307
2025-03-16 00:39:21,334 - org.eclipse.jpt.doc.user - 3.2.101.v201902121834
2025-03-16 00:39:21,337 - org.eclipse.persistence.jpa.jpql - 2.7.3.v20180807-4be1041
2025-03-16 00:39:21,342 - org.apache.commons.collections - 3.2.2.v20220405-1659
2025-03-16 00:39:21,346 - org.apache.commons.lang - 2.6.0.v20220406-2305
2025-03-16 00:39:21,348 - org.apache.velocity - 1.5.0.v200905192330
2025-03-16 00:39:21,351 - org.jdom - 1.1.1.v201101151400
2025-03-16 00:39:21,353 - org.eclipse.jpt.jpa.branding - 3.4.1.v201902121834
2025-03-16 00:39:21,359 - org.sonarlint.eclipse.core - 7.13.0.80073
2025-03-16 00:39:21,360 - org.sonarlint.eclipse.ui - 7.13.0.80073
2025-03-16 00:39:21,361 - org.sonarsource.sonarlint.core.sonarlint-core-osgi - 9.0.0.74282
2025-03-16 00:39:21,365 - org.sonarlint.eclipse.cdt - 7.13.0.80073
2025-03-16 00:39:21,366 - org.sonarlint.eclipse.jdt - 7.13.0.80073
2025-03-16 00:39:21,367 - org.sonarlint.eclipse.m2e - 7.13.0.80073
2025-03-16 00:39:21,371 - org.jetbrains.kotlin.osgi-bundle - 1.6.21
2025-03-16 00:39:21,374 - org.slf4j.api - 1.7.30.v20221112-0806
2025-03-16 00:39:21,392 - org.eclipse.emf.codegen.ui - 2.23.0.v20210412-0833
2025-03-16 00:39:21,401 - org.eclipse.datatools.enablement.sqlite - 1.3.0.202305310959
2025-03-16 00:39:21,403 - org.eclipse.datatools.enablement.sqlite.dbdefinition - 1.3.0.202305310959
2025-03-16 00:39:21,405 - org.eclipse.datatools.enablement.sqlite.ui - 1.3.0.202305310959
2025-03-16 00:39:21,408 - org.eclipse.datatools.enablement.finfo - 1.8.0.202305310959
2025-03-16 00:39:21,420 - org.eclipse.jpt.common.utility - 2.4.1.v202301061019
2025-03-16 00:39:21,424 - org.eclipse.jpt.common.core - 1.5.1.v202301061019
2025-03-16 00:39:21,426 - org.eclipse.jpt.common.ui - 1.4.201.v202301061019
2025-03-16 00:39:21,428 - org.eclipse.jpt.common.branding - 1.4.1.v201902121834
2025-03-16 00:39:21,441 - jsonedit-core - 1.1.3
2025-03-16 00:39:21,443 - jsonedit-folding - 1.1.3
2025-03-16 00:39:21,444 - jsonedit-model - 1.1.3
2025-03-16 00:39:21,446 - jsonedit-outline - 1.1.3
2025-03-16 00:39:21,448 - jsonedit-preferences - 1.1.3
2025-03-16 00:39:21,450 - jsonedit-text - 1.1.3
2025-03-16 00:39:21,451 - jsonedit-editor - 1.1.3
2025-03-16 00:39:21,465 - org.eclipse.emf.converter - 2.11.0.v20220706-1313
2025-03-16 00:39:21,468 - org.eclipse.emf.importer - 2.12.0.v20190321-1539
2025-03-16 00:39:21,469 - org.eclipse.emf.exporter - 2.10.0.v20190321-1530
2025-03-16 00:39:21,472 - org.eclipse.emf.importer.ecore - 2.10.0.v20200324-0723
2025-03-16 00:39:21,475 - org.eclipse.emf.importer.java - 2.11.0.v20200324-0723
2025-03-16 00:39:21,478 - org.eclipse.emf.importer.rose - 2.11.0.v20210405-0904
2025-03-16 00:39:21,487 - org.eclipse.emf.edit.ui - 2.22.0.v20220619-0533
2025-03-16 00:39:21,496 - org.eclipse.persistence.moxy - 2.7.3.v20180807-4be1041
2025-03-16 00:39:21,500 - org.eclipse.jpt.jaxb.eclipselink.core - 1.3.201.v201902121834
2025-03-16 00:39:21,503 - org.eclipse.jpt.jaxb.eclipselink.ui - 1.4.201.v201902121834
2025-03-16 00:39:21,504 - org.eclipse.jpt.jaxb.eclipselink.core.schemagen - 1.2.202.v202104080213
2025-03-16 00:39:21,505 - org.eclipse.jpt.jaxb.eclipselink.branding - 1.4.101.v201902121834
2025-03-16 00:39:21,515 - de.anbos.eclipse.easyshell.plugin - 2.3.0.v20230630-1658
2025-03-16 00:39:21,526 - org.eclipse.sequoyah.vnc.vncviewer.vncviews - 2.1.0.N20120718-0509
2025-03-16 00:39:21,531 - org.jdom - 1.1.1.v201101151400
2025-03-16 00:39:21,533 - org.eclipse.jst.ws.cxf.consumption.core - 1.0.400.v201902162149
2025-03-16 00:39:21,536 - org.eclipse.jst.ws.cxf.consumption.ui - 1.0.500.v201910301957
2025-03-16 00:39:21,538 - org.eclipse.jst.ws.cxf.core - 1.1.600.v202107101953
2025-03-16 00:39:21,539 - org.eclipse.jst.ws.cxf.creation.core - 1.0.500.v201902162149
2025-03-16 00:39:21,541 - org.eclipse.jst.ws.cxf.creation.ui - 1.0.400.v201910301957
2025-03-16 00:39:21,543 - org.eclipse.jst.ws.cxf.ui - 1.0.500.v202104210249
2025-03-16 00:39:21,547 - javax.wsdl - 1.6.2.v201012040545
2025-03-16 00:39:21,549 - javax.jws - 2.0.0.v201005080400
2025-03-16 00:39:21,553 - jakarta.xml.bind - 2.3.3.v20221203-1659
2025-03-16 00:39:21,556 - javax.xml.stream - 1.0.1.v201004272200
2025-03-16 00:39:21,558 - javax.xml.ws - 2.1.0.v200902101523
2025-03-16 00:39:21,567 - org.eclipse.datatools.sqltools.common.ui - 1.3.0.202311071249
2025-03-16 00:39:21,569 - org.eclipse.datatools.sqltools.debugger.core - 1.3.0.202311071249
2025-03-16 00:39:21,571 - org.eclipse.datatools.sqltools.editor.core - 1.3.0.202311071249
2025-03-16 00:39:21,571 - org.eclipse.datatools.sqltools.plan - 1.3.0.202311071249
2025-03-16 00:39:21,575 - org.eclipse.datatools.sqltools.routineeditor - 1.3.0.202311071249
2025-03-16 00:39:21,577 - org.eclipse.datatools.sqltools.sql - 1.3.0.202311071249
2025-03-16 00:39:21,579 - org.eclipse.datatools.sqltools.sqleditor - 1.3.0.202311071249
2025-03-16 00:39:21,581 - org.eclipse.datatools.sqltools.sqlscrapbook - 1.3.0.202311071249
2025-03-16 00:39:21,583 - org.eclipse.datatools.help - 1.8.0.202311071249
2025-03-16 00:39:21,586 - org.eclipse.datatools.sqltools.db.generic - 1.3.0.202311071249
2025-03-16 00:39:21,589 - org.eclipse.datatools.sqltools.debugger.core.ui - 1.3.0.202311071249
2025-03-16 00:39:21,591 - org.eclipse.datatools.sqltools.editor.core.ui - 1.3.0.202311071249
2025-03-16 00:39:21,592 - org.eclipse.datatools.sqltools.result.ui - 1.4.0.202311071249
2025-03-16 00:39:21,594 - org.eclipse.datatools.sqltools.routineeditor.ui - 1.3.0.202311071249
2025-03-16 00:39:21,596 - org.eclipse.datatools.sqltools.sql.ui - 1.3.0.202311071249
2025-03-16 00:39:21,606 - org.eclipse.m2e.wtp.jsf - 1.6.0.20230118-0812
2025-03-16 00:39:21,618 - org.objectweb.asm - 9.6
2025-03-16 00:39:21,619 - org.eclipse.andmore - 0.5.1.201701251432
2025-03-16 00:39:21,620 - org.eclipse.andmore.base - 0.5.1.201701251432
2025-03-16 00:39:21,622 - org.eclipse.andmore.ddms - 0.5.1.201701251432
2025-03-16 00:39:21,625 - org.eclipse.andmore.overlay - 0.5.1.201701251432
2025-03-16 00:39:21,626 - org.apache.commons.codec - 1.14.0.v20221112-0806
2025-03-16 00:39:21,635 - org.apache.commons.compress - 1.21.0.v20211103-2100
2025-03-16 00:39:21,637 - org.apache.httpcomponents.httpclient - 4.5.13.v20221112-0806
2025-03-16 00:39:21,641 - org.apache.httpcomponents.httpcore - 4.4.15.v20220209-2345
2025-03-16 00:39:21,653 - org.eclipse.datatools.modelbase.dbdefinition - 1.3.0.202305310959
2025-03-16 00:39:21,662 - org.eclipse.datatools.modelbase.sql.edit - 1.3.0.202305310959
2025-03-16 00:39:21,666 - org.eclipse.datatools.modelbase.sql.query - 1.4.0.202305310959
2025-03-16 00:39:21,670 - org.eclipse.datatools.modelbase.sql.query.edit - 1.3.0.202305310959
2025-03-16 00:39:21,675 - org.eclipse.datatools.modelbase.sql.xml.query - 1.3.0.202305310959
2025-03-16 00:39:21,679 - org.eclipse.datatools.modelbase.sql - 1.3.0.202305310959
2025-03-16 00:39:21,695 - org.eclipse.emf.mapping - 2.12.0.v20181104-0733
2025-03-16 00:39:21,727 - org.eclipse.jpt.jaxb.core - 1.4.101.v201902121834
2025-03-16 00:39:21,737 - org.eclipse.jpt.jaxb.core.schemagen - 1.1.202.v202104080213
2025-03-16 00:39:21,744 - org.eclipse.jpt.jaxb.ui - 1.5.200.v202301061019
2025-03-16 00:39:21,750 - org.eclipse.jpt.jaxb.branding - 1.4.1.v201902121834
2025-03-16 00:39:21,784 - org.eclipse.emf.mapping.ecore.editor - 2.8.0.v20180706-1146
2025-03-16 00:39:21,788 - org.eclipse.emf.mapping.ecore2ecore.editor - 2.10.0.v20181104-0733
2025-03-16 00:39:21,795 - org.eclipse.emf.mapping.ecore2xml.ui - 2.12.0.v20190528-0725
2025-03-16 00:39:21,840 - org.eclipse.datatools.enablement.finfo - 1.8.0.202305310959
2025-03-16 00:39:21,853 - org.eclipse.datatools.sqltools.db.derby.ui - 1.3.0.202305310959
2025-03-16 00:39:21,860 - org.eclipse.datatools.sqltools.db.generic.ui - 1.3.0.202305310959
2025-03-16 00:39:21,887 - org.eclipse.jst.ws.axis2.core - 1.0.300.v201903050508
2025-03-16 00:39:21,898 - org.eclipse.jst.ws.axis2.ui - 1.0.400.v201903050508
2025-03-16 00:39:21,904 - org.eclipse.jst.ws.axis2.consumption.core - 1.0.200.v201903050508
2025-03-16 00:39:21,916 - org.eclipse.jst.ws.axis2.consumption.ui - 1.0.200.v201903050508
2025-03-16 00:39:21,922 - org.eclipse.jst.ws.axis2.creation.core - 1.0.200.v201903050508
2025-03-16 00:39:21,927 - org.eclipse.jst.ws.axis2.creation.ui - 1.0.200.v201903050508
2025-03-16 00:39:21,933 - org.eclipse.jst.ws.axis2.ui.doc.user - 1.0.200.v201903222115
2025-03-16 00:39:21,958 - org.testng.eclipse - 7.8.0.202308061717
2025-03-16 00:39:21,973 - org.eclipse.emf.ecore.edit - 2.13.0.v20190822-1451
2025-03-16 00:39:21,977 - org.eclipse.emf.ecore.change.edit - 2.8.0.v20180706-1146
2025-03-16 00:39:21,999 - org.eclipse.sequoyah.vnc.protocol - 2.1.0.N20120718-0509
2025-03-16 00:39:22,012 - org.eclipse.persistence.antlr - 3.5.2.v201711011707
2025-03-16 00:39:22,034 - org.eclipse.persistence.asm - 6.2.0.v201808041549
2025-03-16 00:39:22,038 - org.eclipse.persistence.core - 2.7.3.v20180807-4be1041
2025-03-16 00:39:22,047 - org.eclipse.persistence.jpa - 2.7.3.v20180807-4be1041
2025-03-16 00:39:22,050 - org.eclipse.jpt.jpa.eclipselink.core - 2.4.101.v201902121834
2025-03-16 00:39:22,053 - org.eclipse.jpt.jpa.eclipselink.ui - 2.4.101.v202301061019
2025-03-16 00:39:22,054 - org.eclipse.jpt.jpa.eclipselink.core.ddlgen - 2.2.201.v201902121834
2025-03-16 00:39:22,056 - org.eclipse.jpt.jpa.eclipselink.branding - 3.4.1.v201902121834
2025-03-16 00:39:22,068 - org.eclipse.emf.mapping.ecore - 2.8.0.v20180706-1146
2025-03-16 00:39:22,070 - org.eclipse.emf.mapping.ecore2ecore - 2.11.0.v20180706-1146
2025-03-16 00:39:22,071 - org.eclipse.emf.mapping.ecore2xml - 2.11.0.v20180706-1146
2025-03-16 00:39:22,082 - org.eclipse.andmore.traceview - 0.5.1.201701251432
2025-03-16 00:39:22,095 - org.eclipse.m2e.wtp.jpa - 1.6.0.20230118-0812
2025-03-16 00:39:22,104 - org.eclipse.sequoyah.localization.android - 2.1.0.N20120718-0509
2025-03-16 00:39:22,109 - org.eclipse.sequoyah.localization.android.help - 2.1.1.N20120718-0509
2025-03-16 00:39:22,120 - org.eclipse.emf.codegen - 2.22.0.v20210420-0623
2025-03-16 00:39:22,130 - org.eclipse.wst.sse.ui - 1.7.600.v202211200019
2025-03-16 00:39:22,132 - org.eclipse.wst.xml.ui - 1.2.700.v202305221615
2025-03-16 00:39:22,139 - org.eclipse.emf - 2.8.0.v20180706-1146
2025-03-16 00:39:22,148 - org.eclipse.datatools.doc.user - 1.15.0.202311071249
2025-03-16 00:39:22,150 - org.eclipse.datatools.oda.cshelp - 1.5.0.202311071249
2025-03-16 00:39:22,150 - org.eclipse.datatools.help - 1.8.0.202311071249
2025-03-16 00:39:22,157 - org.eclipse.jst.ws.jaxws.core - 1.0.600.v202104210249
2025-03-16 00:39:22,157 - org.eclipse.jst.ws.jaxws.ui - 1.0.600.v202008101342
2025-03-16 00:39:22,158 - javax.xml.ws - 2.1.0.v200902101523
2025-03-16 00:39:22,158 - javax.jws - 2.0.0.v201005080400
2025-03-16 00:39:22,159 - org.eclipse.jst.ws.annotations.core - 1.2.200.v202008101342
2025-03-16 00:39:22,159 - jakarta.xml.bind - 2.3.3.v20221203-1659
2025-03-16 00:39:22,159 - javax.xml.stream - 1.0.1.v201004272200
2025-03-16 00:39:22,161 - org.eclipse.jst.ws.jaxb.core - 1.0.200.v201902162203
2025-03-16 00:39:22,161 - javax.wsdl - 1.6.2.v201012040545
2025-03-16 00:39:22,161 - org.jdom - 1.1.1.v201101151400
2025-03-16 00:39:22,168 - org.contextmapper.dsl - 6.11.0
2025-03-16 00:39:22,171 - org.contextmapper.dsl.ide - 6.11.0
2025-03-16 00:39:22,172 - org.contextmapper.dsl.ui - 6.11.0
2025-03-16 00:39:22,179 - org.eclipse.draw2d - 3.14.100.202311222042
2025-03-16 00:39:22,193 - org.tigris.subversion.clientadapter.svnkit - 1.8.12.3
2025-03-16 00:39:22,201 - org.eclipse.emf.edit - 2.17.0.v20220201-1551
2025-03-16 00:39:22,212 - edu.umd.cs.findbugs.plugin.eclipse - 3.0.1.20150306-5afe4d1
2025-03-16 00:39:22,221 - com.github.spotbugs.plugin.eclipse - 4.7.3.r202210170504-fa9e53a
2025-03-16 00:39:22,228 - org.eclipse.wst.json.ui - 1.0.700.v202305221615
2025-03-16 00:39:22,231 - org.eclipse.wst.json.bower.ui - 1.0.300.v202305221615
2025-03-16 00:39:22,232 - org.eclipse.wst.json.eslint.ui - 1.0.300.v202305221615
2025-03-16 00:39:22,235 - org.eclipse.wst.json.jshint.ui - 1.0.300.v202305221615
2025-03-16 00:39:22,238 - org.eclipse.wst.json.npm.ui - 1.0.200.v202305221615
2025-03-16 00:39:22,246 - org.eclipse.emf.databinding.edit - 1.7.0.v20210113-0340
2025-03-16 00:39:22,255 - org.eclipse.emf.codegen.ecore - 2.32.0.v20221121-1400
2025-03-16 00:39:22,257 - org.eclipse.emf.ant - 2.11.0.v20200324-0723
2025-03-16 00:39:22,265 - org.eclipse.andmore.ndk - 0.5.1.201701251432
2025-03-16 00:39:22,284 - org.eclipse.andmore.gldebugger - 0.5.1.201701251432
2025-03-16 00:39:22,296 - com.amashchenko.eclipse.strutsclipse.tiles - 1.5.0.201803051747
2025-03-16 00:39:22,313 - com.amashchenko.eclipse.strutsclipse.plugin - 1.5.0.201803051747
2025-03-16 00:39:22,324 - org.eclipse.andmore.android.certmanager - 0.5.1.201701251432
2025-03-16 00:39:22,335 - net.mihai-nita.ansicon.plugin - 1.4.8.202208270854
2025-03-16 00:39:22,347 - org.eclipse.cdt.gdb - 7.2.0.202211062329
2025-03-16 00:39:22,350 - org.eclipse.cdt.gdb.ui - 7.2.0.202211062329
2025-03-16 00:39:22,367 - org.eclipse.sequoyah.localization.tools - 2.1.0.N20120718-0509
2025-03-16 00:39:22,370 - org.eclipse.sequoyah.localization.editor - 2.1.0.N20120718-0509
2025-03-16 00:39:22,392 - org.eclipse.m2e.wtp.jaxrs - 1.6.0.20230118-0812
2025-03-16 00:39:22,409 - org.eclipse.datatools.sqltools.sql - 1.3.0.202311071249
2025-03-16 00:39:22,409 - org.eclipse.datatools.sqltools.common.ui - 1.3.0.202311071249
2025-03-16 00:39:22,409 - org.eclipse.datatools.sqltools.plan - 1.3.0.202311071249
2025-03-16 00:39:22,409 - org.eclipse.datatools.sqltools.editor.core - 1.3.0.202311071249
2025-03-16 00:39:22,409 - org.eclipse.datatools.sqltools.sqleditor - 1.3.0.202311071249
2025-03-16 00:39:22,415 - org.eclipse.datatools.sqltools.ddlgen.ui - 1.3.0.202311071249
2025-03-16 00:39:22,417 - org.eclipse.datatools.connectivity.db.generic - 1.3.0.202311071249
2025-03-16 00:39:22,417 - org.eclipse.datatools.sqltools.editor.core.ui - 1.3.0.202311071249
2025-03-16 00:39:22,417 - org.eclipse.datatools.sqltools.sql.ui - 1.3.0.202311071249
2025-03-16 00:39:22,464 - org.eclipse.cdt.dsf.gdb - 7.0.0.202211221643
2025-03-16 00:39:22,466 - org.eclipse.cdt.dsf.gdb.ui - 2.8.0.202211062329
2025-03-16 00:39:22,485 - org.eclipse.emf.common.ui - 2.20.0.v20220226-1304
2025-03-16 00:39:22,502 - org.eclipse.sequoyah.device.common.utilities - 2.1.0.N20120718-0509
2025-03-16 00:39:22,512 - org.eclipse.andmore.android.common - 0.5.1.201701251432
2025-03-16 00:39:22,514 - org.eclipse.andmore.android.codeutils - 0.5.1.201701251432
2025-03-16 00:39:22,516 - org.eclipse.andmore.android.translation - 0.5.1.201701251432
2025-03-16 00:39:22,519 - org.eclipse.andmore.android.codesnippets - 0.5.1.201701251432
2025-03-16 00:39:22,520 - org.eclipse.andmore.android.db.core - 0.5.1.201701251432
2025-03-16 00:39:22,520 - org.eclipse.andmore.android.logger - 0.5.1.201701251432
2025-03-16 00:39:22,522 - org.eclipse.andmore.android - 0.5.1.201701251432
2025-03-16 00:39:22,525 - org.eclipse.andmore.android.emulator - 0.5.1.201701251432
2025-03-16 00:39:22,527 - org.eclipse.andmore.android.launch - 0.5.1.201701251432
2025-03-16 00:39:22,529 - org.eclipse.andmore.android.packaging.ui - 0.5.1.201701251432
2025-03-16 00:39:22,530 - org.eclipse.andmore.android.handset - 0.5.1.201701251432
2025-03-16 00:39:22,533 - org.eclipse.andmore.android.remote - 0.5.1.201701251432
2025-03-16 00:39:22,534 - org.eclipse.andmore.android.win32.x86_64 - 0.5.1.201701251432
2025-03-16 00:39:22,536 - org.eclipse.andmore.android.mat - 0.5.1.201701251432
2025-03-16 00:39:22,539 - org.eclipse.andmore.android.devices.services - 0.5.1.201701251432
2025-03-16 00:39:22,542 - org.eclipse.andmore.android.db.devices - 0.5.1.201701251432
2025-03-16 00:39:22,543 - org.eclipse.andmore.android.installer - 0.5.1.201701251432
2025-03-16 00:39:22,546 - org.eclipse.andmore.android.logger.collector - 0.5.1.201701251432
2025-03-16 00:39:22,557 - org.eclipse.emf.mapping.ui - 2.10.0.v20181104-0733
2025-03-16 00:39:22,568 - net.sf.eclipsecs.branding - 10.9.3.202308241720
2025-03-16 00:39:22,569 - net.sf.eclipsecs.core - 10.9.3.202308242329
2025-03-16 00:39:22,571 - net.sf.eclipsecs.doc - 10.9.3.202308241720
2025-03-16 00:39:22,580 - net.sf.eclipsecs.checkstyle - 10.9.3.202308242329
2025-03-16 00:39:22,581 - net.sf.eclipsecs.ui - 10.9.3.202308241720
2025-03-16 00:39:22,589 - org.eclipse.sequoyah.vnc.vncviewer - 2.1.0.N20120718-0509
2025-03-16 00:39:22,598 - org.eclipse.emf.codegen.ecore.ui - 2.32.0.v20220925-1245
2025-03-16 00:39:22,604 - org.eclipse.emf.ecore.editor - 2.17.0.v20190528-0725
2025-03-16 00:39:22,612 - org.eclipse.jpt.common.eclipselink.core - 1.3.400.v202208190239
2025-03-16 00:39:22,614 - org.eclipse.jpt.common.eclipselink.branding - 1.3.101.v201902121834
2025-03-16 00:39:22,621 - org.tigris.subversion.subclipse.graph - 4.2.0.1
2025-03-16 00:39:22,629 - org.eclipse.emf.databinding - 1.6.0.v20220517-0824
2025-03-16 00:39:22,637 - org.eclipse.datatools.connectivity.sqm.core.ui - 1.5.0.202311071249
2025-03-16 00:39:22,640 - org.eclipse.datatools.connectivity.sqm.core - 1.6.0.202311071345
2025-03-16 00:39:22,644 - org.eclipse.datatools.connectivity.sqm.server.ui - 1.4.0.202311071249
2025-03-16 00:39:22,646 - org.eclipse.datatools.connectivity.ui.dse - 1.4.0.202311071249
2025-03-16 00:39:22,649 - org.eclipse.datatools.connectivity.ui - 1.5.0.202311071249
2025-03-16 00:39:22,651 - org.eclipse.datatools.connectivity - 1.15.0.202311071249
2025-03-16 00:39:22,651 - org.eclipse.datatools.help - 1.8.0.202311071249
2025-03-16 00:39:22,653 - org.eclipse.datatools.connectivity.console.profile - 1.3.0.202311071249
2025-03-16 00:39:22,661 - org.eclipse.cdt.core.native - 6.3.0.202211062329
2025-03-16 00:39:22,661 - org.eclipse.cdt.core.win32 - 6.1.0.202211062329
2025-03-16 00:39:22,664 - org.eclipse.cdt.core.win32.x86_64 - 6.1.0.202211300214
2025-03-16 00:39:22,664 - org.eclipse.cdt.native.serial - 1.3.0.202211300214
2025-03-16 00:39:22,671 - org.eclipse.cdt.launch - 10.4.0.202211062329
2025-03-16 00:39:22,681 - javax.el - 2.2.0.v201303151357
2025-03-16 00:39:22,683 - jakarta.servlet-api - 4.0.0
2025-03-16 00:39:22,684 - javax.servlet.jsp-api - 2.3.3
2025-03-16 00:39:22,687 - com.sun.el - 2.2.0.v201303151357
2025-03-16 00:39:22,689 - org.apache.jasper.glassfish - 2.2.2.v201501141630
2025-03-16 00:39:22,695 - org.apache.lucene.analyzers-common - 8.4.1.v20221112-0806
2025-03-16 00:39:22,712 - org.apache.lucene.core - 9.7.0.v20230703-0758
2025-03-16 00:39:22,714 - org.apache.lucene.analyzers-smartcn - 8.4.1.v20221112-0806
2025-03-16 00:39:22,716 - org.eclipse.equinox.http.jetty - 3.8.200.v20221109-0702
2025-03-16 00:39:22,717 - org.eclipse.equinox.http.registry - 1.3.200.v20220720-2012
2025-03-16 00:39:22,719 - org.eclipse.equinox.http.servlet - 1.7.400.v20221006-1531
2025-03-16 00:39:22,720 - org.eclipse.equinox.jsp.jasper - 1.1.700.v20220801-1124
2025-03-16 00:39:22,722 - org.eclipse.equinox.jsp.jasper.registry - 1.2.100.v20211021-1418
2025-03-16 00:39:22,724 - org.eclipse.help.base - 4.3.900.v20221123-1800
2025-03-16 00:39:22,725 - org.eclipse.help.ui - 4.4.100.v20220619-1918
2025-03-16 00:39:22,727 - org.eclipse.help.webapp - 3.10.900.v20221103-0933
2025-03-16 00:39:22,729 - org.eclipse.jetty.http - 10.0.12
2025-03-16 00:39:22,731 - org.eclipse.jetty.io - 10.0.12
2025-03-16 00:39:22,733 - org.eclipse.jetty.security - 10.0.12
2025-03-16 00:39:22,736 - org.eclipse.jetty.server - 10.0.12
2025-03-16 00:39:22,737 - org.eclipse.jetty.servlet - 10.0.12
2025-03-16 00:39:22,740 - org.eclipse.jetty.util - 10.0.12
2025-03-16 00:39:22,742 - org.eclipse.jetty.util.ajax - 10.0.12
2025-03-16 00:39:22,745 - org.eclipse.core.net - 1.4.0.v20220813-1037
2025-03-16 00:39:22,748 - org.eclipse.equinox.security - 1.3.1000.v20220801-1135
2025-03-16 00:39:22,755 - org.eclipse.egit.gitflow - 6.4.0.202211300538-r
2025-03-16 00:39:22,757 - org.eclipse.egit.gitflow.ui - 6.4.0.202211300538-r
2025-03-16 00:39:22,765 - org.eclipse.tm.terminal.connector.ssh - 4.8.0.202211062329
2025-03-16 00:39:22,772 - org.eclipse.mylyn.wikitext - 3.0.45.202211090110
2025-03-16 00:39:22,774 - org.eclipse.mylyn.wikitext.ant - 3.0.45.202211090110
2025-03-16 00:39:22,777 - org.eclipse.mylyn.wikitext.osgi - 3.0.45.202211090110
2025-03-16 00:39:22,779 - org.eclipse.mylyn.wikitext.asciidoc - 3.0.45.202211090110
2025-03-16 00:39:22,781 - org.eclipse.mylyn.wikitext.textile - 3.0.45.202211090110
2025-03-16 00:39:22,783 - org.eclipse.mylyn.wikitext.html - 3.0.45.202211090110
2025-03-16 00:39:22,784 - org.eclipse.mylyn.wikitext.markdown - 3.0.45.202211090110
2025-03-16 00:39:22,787 - org.eclipse.mylyn.wikitext.mediawiki - 3.0.45.202211090110
2025-03-16 00:39:22,788 - org.eclipse.mylyn.wikitext.confluence - 3.0.45.202211090110
2025-03-16 00:39:22,790 - org.eclipse.mylyn.wikitext.tracwiki - 3.0.45.202211090110
2025-03-16 00:39:22,791 - org.eclipse.mylyn.wikitext.twiki - 3.0.45.202211090110
2025-03-16 00:39:22,796 - org.eclipse.mylyn.wikitext.ui - 3.0.45.202211090110
2025-03-16 00:39:22,798 - org.eclipse.mylyn.wikitext.help.ui - 3.0.45.202211090110
2025-03-16 00:39:22,800 - org.eclipse.mylyn.wikitext.asciidoc.ui - 3.0.45.202211090110
2025-03-16 00:39:22,801 - org.eclipse.mylyn.wikitext.textile.ui - 3.0.45.202211090110
2025-03-16 00:39:22,803 - org.eclipse.mylyn.wikitext.markdown.ui - 3.0.45.202211090110
2025-03-16 00:39:22,807 - org.eclipse.mylyn.wikitext.mediawiki.ui - 3.0.45.202211090110
2025-03-16 00:39:22,812 - org.eclipse.mylyn.wikitext.confluence.ui - 3.0.45.202211090110
2025-03-16 00:39:22,813 - org.eclipse.mylyn.wikitext.tracwiki.ui - 3.0.45.202211090110
2025-03-16 00:39:22,816 - org.eclipse.mylyn.wikitext.twiki.ui - 3.0.45.202211090110
2025-03-16 00:39:22,824 - org.eclipse.m2e.logback - 2.1.0.20221015-0744
2025-03-16 00:39:22,836 - org.eclipse.buildship.compat - 3.1.6.v20220511-1359
2025-03-16 00:39:22,837 - org.eclipse.buildship.core - 3.1.6.v20220511-1359
2025-03-16 00:39:22,838 - org.eclipse.buildship.ui - 3.1.6.v20220511-1359
2025-03-16 00:39:22,842 - org.eclipse.buildship.branding - 3.1.6.v20220511-1359
2025-03-16 00:39:22,849 - org.eclipse.egit.core - 6.4.0.202211300538-r
2025-03-16 00:39:22,853 - org.eclipse.egit.ui - 6.4.0.202211300538-r
2025-03-16 00:39:22,855 - org.eclipse.egit - 6.4.0.202211300538-r
2025-03-16 00:39:22,858 - org.eclipse.egit.doc - 6.4.0.202211300538-r
2025-03-16 00:39:22,864 - org.eclipse.justj.openjdk.hotspot.jre.full - 17.0.6.v20230125-1136
2025-03-16 00:39:22,868 - org.eclipse.justj.openjdk.hotspot.jre.full.win32.x86_64 - 17.0.6.v20230125-1136
2025-03-16 00:39:22,874 - org.eclipse.userstorage - 1.2.0.v20210517-0327
2025-03-16 00:39:22,876 - org.eclipse.userstorage.ui - 1.1.0.v20190307-0457
2025-03-16 00:39:22,877 - org.eclipse.userstorage.oauth - 1.1.0.v20190307-0457
2025-03-16 00:39:22,883 - org.eclipse.m2e.wtp - 1.5.2.20220906-1452
2025-03-16 00:39:22,884 - org.eclipse.m2e.wtp.overlay - 1.5.0.20220805-2025
2025-03-16 00:39:22,885 - org.eclipse.m2e.wtp.overlay.ui - 1.5.0.20220805-2025
2025-03-16 00:39:22,890 - org.eclipse.tm.terminal.view.core - 4.9.0.202211062329
2025-03-16 00:39:22,890 - org.eclipse.tm.terminal.view.ui - 4.11.0.202211062329
2025-03-16 00:39:22,896 - org.eclipse.jgit.http.apache - 6.4.0.202211300538-r
2025-03-16 00:39:22,909 - org.eclipse.m2e.archetype.common - 3.2.102.20221130-2149
2025-03-16 00:39:22,912 - org.eclipse.m2e.model.edit - 2.0.100.20221115-1709
2025-03-16 00:39:22,912 - org.eclipse.m2e.core - 2.0.5.20221128-1757
2025-03-16 00:39:22,914 - org.eclipse.m2e.launching - 2.0.2.20221122-2012
2025-03-16 00:39:22,915 - org.eclipse.m2e.workspace.cli - 0.3.1
2025-03-16 00:39:22,916 - org.eclipse.m2e.jdt - 2.0.4.20221130-2135
2025-03-16 00:39:22,919 - org.eclipse.m2e.editor - 2.0.2.20221115-1709
2025-03-16 00:39:22,926 - org.eclipse.m2e.maven.runtime - 3.8.604.20221130-2149
2025-03-16 00:39:22,928 - org.eclipse.m2e.refactoring - 2.0.2.20221115-1709
2025-03-16 00:39:22,930 - org.eclipse.m2e.discovery - 2.0.1.20221101-1753
2025-03-16 00:39:22,931 - org.eclipse.m2e.core.ui - 2.0.2.20221113-1617
2025-03-16 00:39:22,935 - org.eclipse.m2e.scm - 2.0.1.20221101-1753
2025-03-16 00:39:22,937 - org.eclipse.m2e.jdt.ui - 2.0.1.20221115-1709
2025-03-16 00:39:22,938 - org.eclipse.m2e.profiles.core - 2.1.0.20221110-1338
2025-03-16 00:39:22,940 - org.eclipse.m2e.profiles.ui - 2.0.1.20221101-1753
2025-03-16 00:39:22,940 - org.eclipse.m2e.sourcelookup - 2.0.1.20221118-1906
2025-03-16 00:39:22,941 - org.eclipse.m2e.sourcelookup.ui - 2.0.1.20221118-1906
2025-03-16 00:39:22,942 - org.eclipse.m2e.binaryproject - 2.1.0.20221115-1709
2025-03-16 00:39:22,943 - org.eclipse.m2e.binaryproject.ui - 2.0.0.20220705-1221
2025-03-16 00:39:22,946 - org.eclipse.m2e.apt.core - 2.0.2.20221020-0713
2025-03-16 00:39:22,947 - org.eclipse.m2e.apt.ui - 2.0.2.20221115-1709
2025-03-16 00:39:22,949 - org.eclipse.m2e.mavenarchiver - 2.0.2.20221115-1709
2025-03-16 00:39:22,960 - org.eclipse.help - 3.9.100.v20210721-0601
2025-03-16 00:39:22,961 - org.eclipse.ui - 3.201.200.v20221024-2137
2025-03-16 00:39:22,962 - org.eclipse.ui.workbench - 3.127.0.v20221024-2137
2025-03-16 00:39:22,962 - org.eclipse.update.configurator - 3.4.1000.v20221114-1512
2025-03-16 00:39:22,964 - org.eclipse.rcp - 4.26.0.v20221123-1800
2025-03-16 00:39:22,969 - com.ibm.icu - 74.1
2025-03-16 00:39:22,976 - org.eclipse.jgit.lfs - 6.4.0.202211300538-r
2025-03-16 00:39:22,978 - org.eclipse.jgit.lfs.server - 6.4.0.202211300538-r
2025-03-16 00:39:22,984 - org.eclipse.epp.mpc.core - 1.10.1.v20221110-1841
2025-03-16 00:39:22,986 - org.eclipse.epp.mpc.core.win32 - 1.10.1.v20221110-1841
2025-03-16 00:39:22,988 - org.eclipse.epp.mpc.ui - 1.10.1.v20221110-1841
2025-03-16 00:39:22,988 - org.eclipse.epp.mpc.ui.css - 1.10.1.v20221110-1841
2025-03-16 00:39:22,991 - org.eclipse.epp.mpc.help.ui - 1.10.1.v20221110-1841
2025-03-16 00:39:23,002 - org.eclipse.jgit.gpg.bc - 6.4.0.202211300538-r
2025-03-16 00:39:23,011 - org.eclipse.pde - 3.13.2100.v20221123-1800
2025-03-16 00:39:23,015 - org.eclipse.pde.build - 3.11.400.v20220923-1253
2025-03-16 00:39:23,019 - org.eclipse.pde.core - 3.16.0.v20221119-0340
2025-03-16 00:39:23,020 - org.eclipse.pde.junit.runtime - 3.6.200.v20220523-1051
2025-03-16 00:39:23,021 - org.eclipse.pde.runtime - 3.7.500.v20221012-2030
2025-03-16 00:39:23,024 - org.eclipse.pde.ui - 3.13.700.v20221114-1716
2025-03-16 00:39:23,027 - org.eclipse.pde.doc.user - 3.14.1800.v20221121-0559
2025-03-16 00:39:23,030 - org.eclipse.pde.ui.templates - 3.7.700.v20220802-1520
2025-03-16 00:39:23,037 - org.eclipse.pde.api.tools - 1.2.1100.v20221114-1728
2025-03-16 00:39:23,039 - org.eclipse.pde.api.tools.annotations - 1.1.500.v20220813-1730
2025-03-16 00:39:23,040 - org.eclipse.pde.api.tools.ui - 1.2.700.v20220329-0844
2025-03-16 00:39:23,041 - org.eclipse.pde.ds.core - 1.2.500.v20220411-2005
2025-03-16 00:39:23,044 - org.eclipse.pde.ds.ui - 1.2.300.v20220310-2159
2025-03-16 00:39:23,046 - org.eclipse.pde.launching - 3.10.200.v20221108-1157
2025-03-16 00:39:23,049 - org.eclipse.pde.ua.core - 1.2.300.v20211004-0555
2025-03-16 00:39:23,053 - org.eclipse.pde.ua.ui - 1.2.400.v20220317-0700
2025-03-16 00:39:23,054 - org.eclipse.ui.trace - 1.2.200.v20220310-2159
2025-03-16 00:39:23,057 - org.eclipse.pde.ds.annotations - 1.2.500.v20220811-0944
2025-03-16 00:39:23,059 - org.eclipse.pde.genericeditor.extension - 1.1.300.v20220810-1011
2025-03-16 00:39:23,061 - org.eclipse.tools.layout.spy - 1.1.100.v20221111-1233
2025-03-16 00:39:23,061 - org.eclipse.pde.spy.core - 1.0.200.v20220331-1637
2025-03-16 00:39:23,063 - org.eclipse.pde.spy.model - 0.12.400.v20220621-1036
2025-03-16 00:39:23,064 - org.eclipse.pde.spy.css - 0.12.300.v20220512-1208
2025-03-16 00:39:23,064 - org.eclipse.pde.spy.preferences - 0.12.300.v20220512-1208
2025-03-16 00:39:23,065 - org.eclipse.pde.spy.context - 1.0.400.v20221119-0340
2025-03-16 00:39:23,066 - org.eclipse.pde.spy.bundle - 0.12.200.v20220512-1208
2025-03-16 00:39:23,067 - org.eclipse.pde.spy.event - 1.0.100.v20221114-1716
2025-03-16 00:39:23,077 - org.eclipse.jgit.ssh.apache - 6.4.0.202211300538-r
2025-03-16 00:39:23,078 - org.eclipse.jgit.ssh.apache.agent - 6.4.0.202211300538-r
2025-03-16 00:39:23,087 - org.eclipse.jdt - 3.18.1400.v20221123-1800
2025-03-16 00:39:23,088 - org.eclipse.ant.ui - 3.8.300.v20220718-1722
2025-03-16 00:39:23,090 - org.eclipse.jdt.apt.core - 3.7.50.v20210914-1429
2025-03-16 00:39:23,091 - org.eclipse.jdt.apt.ui - 3.7.0.v20210620-1751
2025-03-16 00:39:23,093 - org.eclipse.jdt.apt.pluggable.core - 1.3.0.v20210618-1653
2025-03-16 00:39:23,095 - org.eclipse.jdt.compiler.apt - 1.4.300.v20221108-0856
2025-03-16 00:39:23,096 - org.eclipse.jdt.compiler.tool - 1.3.200.v20220802-0458
2025-03-16 00:39:23,096 - org.eclipse.jdt.core - 3.32.0.v20221108-1853
2025-03-16 00:39:23,099 - org.eclipse.jdt.core.formatterapp - 1.1.0.v20210618-1653
2025-03-16 00:39:23,101 - org.eclipse.jdt.annotation - 2.2.700.v20220826-1026
2025-03-16 00:39:23,103 - org.eclipse.jdt.annotation - 2.2.700.v20220826-1026
2025-03-16 00:39:23,104 - org.eclipse.jdt.core.manipulation - 1.17.0.v20221026-1918
2025-03-16 00:39:23,106 - org.eclipse.jdt.debug.ui - 3.12.900.v20221001-0715
2025-03-16 00:39:23,113 - org.eclipse.jdt.debug - 3.20.0.v20220922-0905
2025-03-16 00:39:23,114 - org.eclipse.jdt.junit - 3.15.100.v20220909-2154
2025-03-16 00:39:23,116 - org.eclipse.jdt.junit.core - 3.11.500.v20221031-1935
2025-03-16 00:39:23,119 - org.eclipse.jdt.junit.runtime - 3.7.0.v20220609-1843
2025-03-16 00:39:23,123 - org.eclipse.jdt.junit4.runtime - 1.3.0.v20220609-1843
2025-03-16 00:39:23,124 - org.eclipse.jdt.junit5.runtime - 1.1.100.v20220907-0450
2025-03-16 00:39:23,126 - org.eclipse.jdt.launching - 3.19.800.v20221107-1851
2025-03-16 00:39:23,131 - org.eclipse.jdt.ui - 3.27.100.v20221122-0749
2025-03-16 00:39:23,135 - org.junit - 4.13.2.v20211018-1956
2025-03-16 00:39:23,137 - org.hamcrest.core - 1.3.0.v20180420-1519
2025-03-16 00:39:23,140 - junit-jupiter-api - 5.9.1
2025-03-16 00:39:23,142 - junit-jupiter-engine - 5.9.1
2025-03-16 00:39:23,143 - junit-jupiter-migrationsupport - 5.9.1
2025-03-16 00:39:23,146 - junit-jupiter-params - 5.9.1
2025-03-16 00:39:23,149 - junit-platform-commons - 1.9.1
2025-03-16 00:39:23,150 - junit-platform-engine - 1.9.1
2025-03-16 00:39:23,154 - junit-platform-launcher - 1.9.1
2025-03-16 00:39:23,156 - junit-platform-runner - 1.9.1
2025-03-16 00:39:23,158 - junit-platform-suite-api - 1.9.1
2025-03-16 00:39:23,159 - junit-platform-suite-commons - 1.9.1
2025-03-16 00:39:23,162 - junit-platform-suite-engine - 1.9.1
2025-03-16 00:39:23,164 - junit-vintage-engine - 5.9.1
2025-03-16 00:39:23,167 - org.opentest4j - 1.2.0
2025-03-16 00:39:23,168 - org.apiguardian.api - 1.1.2
2025-03-16 00:39:23,174 - org.eclipse.jdt.doc.user - 3.15.1600.v20221121-0559
2025-03-16 00:39:23,175 - org.eclipse.ant.launching - 1.3.400.v20220718-1722
2025-03-16 00:39:23,183 - org.eclipse.emf.common - 2.27.0.v20221121-1400
2025-03-16 00:39:23,191 - org.jboss.tools.m2e.wro4j.core - 1.2.1.202301111328
2025-03-16 00:39:23,192 - org.jboss.tools.m2e.wro4j.ui - 1.2.1.202301111328
2025-03-16 00:39:23,203 - org.eclipse.tm.terminal.control - 5.4.0.202211062329
2025-03-16 00:39:23,209 - org.sonatype.m2e.egit - 0.17.0.202209271423
2025-03-16 00:39:23,213 - org.eclipse.emf.ecore - 2.29.0.v20221121-1400
2025-03-16 00:39:23,215 - org.eclipse.emf.ecore.change - 2.14.0.v20190528-0725
2025-03-16 00:39:23,216 - org.eclipse.emf.ecore.xmi - 2.17.0.v20220817-1334
2025-03-16 00:39:23,222 - org.eclipse.wst.common.project.facet.core - 1.4.402.v202111212041
2025-03-16 00:39:23,224 - org.eclipse.wst.common.project.facet.ui - 1.4.602.v202007142017
2025-03-16 00:39:23,239 - org.eclipse.jst.common.project.facet.core - 1.12.100.v202208260526
2025-03-16 00:39:23,241 - org.eclipse.jst.common.project.facet.ui - 1.4.511.v202007142017
2025-03-16 00:39:23,248 - org.eclipse.jgit - 6.4.0.202211300538-r
2025-03-16 00:39:23,250 - org.eclipse.jgit.archive - 6.4.0.202211300538-r
2025-03-16 00:39:23,310 - org.apache.ant - 1.10.12.v20211102-1452
2025-03-16 00:39:23,311 - org.eclipse.ant.core - 3.6.500.v20220718-1722
2025-03-16 00:39:23,312 - com.jcraft.jsch - 0.1.55.v20221112-0806
2025-03-16 00:39:23,314 - org.eclipse.compare.core - 3.7.100.v20220812-1406
2025-03-16 00:39:23,315 - org.eclipse.compare - 3.8.500.v20220812-1406
2025-03-16 00:39:23,317 - org.eclipse.compare.win32 - 1.2.900.v20220812-1406
2025-03-16 00:39:23,318 - org.eclipse.core.filebuffers - 3.7.200.v20220202-1008
2025-03-16 00:39:23,320 - org.eclipse.core.filesystem - 1.9.500.v20220817-1539
2025-03-16 00:39:23,320 - org.eclipse.core.net - 1.4.0.v20220813-1037
2025-03-16 00:39:23,321 - org.eclipse.core.net.win32 - 1.0.100.v20220812-1406
2025-03-16 00:39:23,322 - org.eclipse.core.net.win32.x86_64 - 1.1.700.v20220812-1406
2025-03-16 00:39:23,324 - org.eclipse.core.resources - 3.18.100.v20221025-2047
2025-03-16 00:39:23,324 - org.eclipse.debug.core - 3.20.0.v20220811-0741
2025-03-16 00:39:23,328 - org.eclipse.debug.ui - 3.17.100.v20220926-1344
2025-03-16 00:39:23,328 - org.eclipse.e4.ui.ide - 3.16.200.v20221024-2137
2025-03-16 00:39:23,331 - org.eclipse.equinox.event - 1.6.100.v20211021-1418
2025-03-16 00:39:23,332 - org.eclipse.ltk.core.refactoring - 3.13.0.v20220822-0502
2025-03-16 00:39:23,333 - org.eclipse.ltk.ui.refactoring - 3.12.200.v20220808-2221
2025-03-16 00:39:23,333 - org.eclipse.platform - 4.26.0.v20221123-1800
2025-03-16 00:39:23,335 - org.eclipse.platform.doc.user - 4.26.0.v20221121-0559
2025-03-16 00:39:23,337 - org.eclipse.search - 3.14.300.v20220905-1020
2025-03-16 00:39:23,340 - org.eclipse.text.quicksearch - 1.1.400.v20221023-0941
2025-03-16 00:39:23,340 - org.eclipse.team.core - 3.9.600.v20220902-2219
2025-03-16 00:39:23,342 - org.eclipse.team.ui - 3.9.500.v20220920-2213
2025-03-16 00:39:23,344 - org.eclipse.text - 3.12.300.v20220921-1010
2025-03-16 00:39:23,345 - org.eclipse.jface.text - 3.22.0.v20221119-1047
2025-03-16 00:39:23,346 - org.eclipse.jsch.core - 1.4.0.v20220813-1037
2025-03-16 00:39:23,348 - org.eclipse.jsch.ui - 1.4.200.v20220812-1406
2025-03-16 00:39:23,348 - org.eclipse.ui.console - 3.11.400.v20221012-0524
2025-03-16 00:39:23,350 - org.eclipse.ui.intro - 3.6.600.v20220619-1918
2025-03-16 00:39:23,353 - org.eclipse.ui.intro.universal - 3.4.300.v20220619-1918
2025-03-16 00:39:23,353 - org.eclipse.ui.cheatsheets - 3.7.500.v20220903-1020
2025-03-16 00:39:23,354 - org.eclipse.ui.browser - 3.7.300.v20221024-2137
2025-03-16 00:39:23,355 - org.eclipse.ui.genericeditor - 1.2.300.v20220915-0924
2025-03-16 00:39:23,356 - org.eclipse.ui.monitoring - 1.2.300.v20221024-2137
2025-03-16 00:39:23,357 - org.eclipse.ui.navigator - 3.10.400.v20221024-2137
2025-03-16 00:39:23,358 - org.eclipse.ui.navigator.resources - 3.8.500.v20221024-2137
2025-03-16 00:39:23,359 - org.eclipse.ui.net - 1.4.100.v20220812-1406
2025-03-16 00:39:23,360 - org.eclipse.ui.workbench.texteditor - 3.16.600.v20220809-1658
2025-03-16 00:39:23,361 - org.eclipse.ui.views - 3.11.300.v20221024-2137
2025-03-16 00:39:23,362 - org.eclipse.ui.editors - 3.14.400.v20220730-1844
2025-03-16 00:39:23,364 - org.eclipse.ui.externaltools - 3.5.200.v20220618-1805
2025-03-16 00:39:23,366 - org.eclipse.ui.ide - 3.20.0.v20221027-2208
2025-03-16 00:39:23,367 - org.eclipse.ui.ide.application - 1.4.600.v20221024-2137
2025-03-16 00:39:23,368 - org.eclipse.ui.win32 - 3.4.500.v20221024-2137
2025-03-16 00:39:23,368 - org.eclipse.core.resources.win32.x86_64 - 3.5.500.v20220812-1420
2025-03-16 00:39:23,368 - org.eclipse.core.filesystem.win32.x86_64 - 1.4.300.v20220812-1420
2025-03-16 00:39:23,370 - org.eclipse.core.variables - 3.5.100.v20210721-1355
2025-03-16 00:39:23,372 - org.eclipse.ui.forms - 3.11.500.v20221024-2137
2025-03-16 00:39:23,373 - org.eclipse.ui.views.properties.tabbed - 3.9.300.v20221024-2137
2025-03-16 00:39:23,373 - org.eclipse.equinox.security - 1.3.1000.v20220801-1135
2025-03-16 00:39:23,375 - org.eclipse.equinox.security.ui - 1.3.400.v20221007-1815
2025-03-16 00:39:23,376 - org.eclipse.equinox.security.win32.x86_64 - 1.1.300.v20211021-1418
2025-03-16 00:39:23,377 - org.eclipse.core.externaltools - 1.2.300.v20220618-1805
2025-03-16 00:39:23,377 - org.eclipse.ui.themes - 1.2.2100.v20221024-2137
2025-03-16 00:39:23,379 - org.eclipse.core.runtime - 3.26.100.v20221021-0005
2025-03-16 00:39:23,380 - org.eclipse.ui.intro.quicklinks - 1.1.200.v20220619-1918
2025-03-16 00:39:23,380 - org.eclipse.team.genericeditor.diff.extension - 1.1.100.v20220812-1406
2025-03-16 00:39:23,381 - org.eclipse.urischeme - 1.2.200.v20221024-2137
2025-03-16 00:39:23,381 - org.eclipse.ui.views.log - 1.3.400.v20220907-1244
2025-03-16 00:39:23,382 - org.eclipse.debug.ui.launchview - 1.0.300.v20220811-0741
2025-03-16 10:51:43,185 - os.name - Windows 11
2025-03-16 10:51:43,186 - os.arch - amd64
2025-03-16 10:51:43,186 - os.version - 10.0
2025-03-16 10:51:43,186 - java.version - 17.0.6
2025-03-16 10:51:43,186 - java.vendor - Eclipse Adoptium
2025-03-16 10:51:43,186 - java.vendor.url - https://adoptium.net/
2025-03-16 10:51:43,186 - java.home - C:\ProgramData\chocolatey\lib\SpringToolSuite\tools\sts-4.17.2.RELEASE\plugins\org.eclipse.justj.openjdk.hotspot.jre.full.win32.x86_64_17.0.6.v20230125-1136\jre
2025-03-16 10:51:43,186 - java.vm.specification.name - Java Virtual Machine Specification
2025-03-16 10:51:43,186 - java.vm.specification.vendor - Oracle Corporation
2025-03-16 10:51:43,186 - java.vm.specification.version - 17
2025-03-16 10:51:43,187 - java.class.path - C:\ProgramData\chocolatey\lib\SpringToolSuite\tools\sts-4.17.2.RELEASE\\plugins/org.eclipse.equinox.launcher_1.6.400.v20210924-0641.jar
2025-03-16 10:51:43,187 - java.library.path - C:\ProgramData\chocolatey\lib\SpringToolSuite\tools\sts-4.17.2.RELEASE;C:\WINDOWS\Sun\Java\bin;C:\WINDOWS\system32;C:\WINDOWS;C:\Program Files\Microsoft MPI\Bin\;C:\Program Files\Microsoft\jdk-11.0.16.101-hotspot\bin;C:\Program Files\Common Files\Oracle\Java\javapath;C:\Program Files (x86)\Common Files\Oracle\Java\java8path;C:\Program Files (x86)\Common Files\Oracle\Java\javapath;C:\app\ASUS\product\21c\dbhomeXE\bin;C:\Program Files (x86)\VMware\VMware Player\bin\;C:\Users\ASUS\AppData\Local\Microsoft\WindowsApps;C:\Users\ASUS\AppData\Local\Programs\Microsoft VS Code\bin;C:\Program Files\JetBrains\PhpStorm 2022.2.3\bin;C:\Users\ASUS\AppData\Roaming\npm;C:\Users\ASUS\AppData\Roaming\Composer\vendor\bin;C:\Program Files\PostgreSQL\14\bin;C:\Program Files\Java\jdk-19\bin;C:\Program Files\Microsoft SQL Server\Client SDK\ODBC\170\Tools\Binn\;C:\Program Files\Java\jdk-19\bin;C:\src\flutter\bin\cache\dart-sdk\bin;C:\Users\ASUS\AppData\Local\Pub\Cache\bin;%JRE_HOME%\bin;C:\Users\ASUS\AppData\Local\Programs\Python\Python311;C:\composer;C:\Program Files (x86)\Microsoft SQL Server\160\Tools\Binn\;C:\Program Files\Microsoft SQL Server\160\Tool;C:\Program Files\nodejs\;;C:\Program Files\Docker\Docker\resources\bin;C:\Program Files\Microsoft MPI\Bin\;C:\Program Files\Microsoft\jdk-11.0.16.101-hotspot\bin;C:\Program Files\Common Files\Oracle\Java\javapath;C:\Program Files (x86)\Common Files\Oracle\Java\java8path;C:\Program Files (x86)\Common Files\Oracle\Java\javapath;C:\app\ASUS\product\21c\dbhomeXE\bin;C:\Program Files (x86)\VMware\VMware Player\bin\;C:\Users\ASUS\AppData\Local\Microsoft\WindowsApps;C:\Users\ASUS\AppData\Local\Programs\Microsoft VS Code\bin;C:\Program Files\JetBrains\PhpStorm 2022.2.3\bin;C:\Users\ASUS\AppData\Roaming\npm;C:\Users\ASUS\AppData\Roaming\Composer\vendor\bin;C:\Program Files\PostgreSQL\14\bin;C:\Program Files\Java\jdk-19\bin;C:\Program Files\Microsoft SQL Server\Client SDK\ODBC\170\Tools\Binn\;C:\Program Files\Java\jdk-19\bin;C:\src\flutter\bin\cache\dart-sdk\bin;C:\Users\ASUS\AppData\Local\Pub\Cache\bin;%JRE_HOME%\bin;C:\Users\ASUS\AppData\Local\Programs\Python\Python311;C:\composer;C:\Program Files (x86)\Microsoft SQL Server\160\Tools\Binn\;C:\Program Files\Microsoft SQL Server\160\Tool;C:\Program Files\\Elastic\Beats\8.17.0\metricbeat;C:\Users\ASUS\.lmstudio\bin;;.
2025-03-16 10:51:43,187 - --------------------------------------
2025-03-16 10:51:43,187 - ## Eclipse Plug-ins Log Information ##
2025-03-16 10:51:43,187 - --------------------------------------
2025-03-16 10:51:43,205 - org.tigris.subversion.subclipse.core - 4.3.4.202306191346
2025-03-16 10:51:43,207 - org.tigris.subversion.subclipse.ui - 4.3.4.202306191346
2025-03-16 10:51:43,208 - com.collabnet.subversion.merge - 4.2.0.1
2025-03-16 10:51:43,208 - org.tigris.subversion.clientadapter - 1.10.0
2025-03-16 10:51:43,216 - org.eclipse.andmore.hierarchyviewer - 0.5.1.201701251432
2025-03-16 10:51:43,232 - org.eclipse.sequoyah.device.backward - 2.1.0.N20120718-0509
2025-03-16 10:51:43,234 - org.eclipse.sequoyah.device.framework - 2.1.0.N20120718-0509
2025-03-16 10:51:43,237 - org.eclipse.sequoyah.device.framework.ui - 2.1.0.N20120718-0509
2025-03-16 10:51:43,238 - org.eclipse.sequoyah.device.service.start - 2.1.0.N20120718-0509
2025-03-16 10:51:43,240 - org.eclipse.sequoyah.device.service.stop - 2.1.0.N20120718-0509
2025-03-16 10:51:43,241 - org.eclipse.sequoyah.device.framework.wizard - 2.1.0.N20120718-0509
2025-03-16 10:51:43,249 - org.eclipse.cdt.managedbuilder.gnu.ui - 8.5.0.202211211546
2025-03-16 10:51:43,250 - org.eclipse.cdt.build.gcc.core - 2.0.0.202211181555
2025-03-16 10:51:43,253 - org.eclipse.cdt.build.gcc.ui - 1.2.0.202211062329
2025-03-16 10:51:43,260 - org.eclipse.gef - 3.16.0.202311222042
2025-03-16 10:51:43,267 - org.eclipse.cdt - 11.0.0.202211062329
2025-03-16 10:51:43,269 - org.eclipse.cdt.core - 8.0.0.202211292120
2025-03-16 10:51:43,271 - org.eclipse.cdt.codan.core - 4.2.0.202211062329
2025-03-16 10:51:43,272 - org.eclipse.cdt.codan.ui - 3.5.0.202211062329
2025-03-16 10:51:43,274 - org.eclipse.cdt.codan.core.cxx - 3.6.0.202211062329
2025-03-16 10:51:43,276 - org.eclipse.cdt.codan.ui.cxx - 3.7.0.202211101937
2025-03-16 10:51:43,278 - org.eclipse.cdt.codan.checkers - 3.5.0.202211062329
2025-03-16 10:51:43,279 - org.eclipse.cdt.codan.checkers.ui - 3.4.0.202211062329
2025-03-16 10:51:43,279 - org.eclipse.cdt.debug.core - 8.8.0.202211072232
2025-03-16 10:51:43,282 - org.eclipse.cdt.debug.ui - 8.5.0.202211100047
2025-03-16 10:51:43,283 - org.eclipse.cdt.make.core - 7.6.0.202211062329
2025-03-16 10:51:43,284 - org.eclipse.cdt.make.ui - 8.2.0.202211062329
2025-03-16 10:51:43,285 - org.eclipse.cdt.managedbuilder.core - 9.5.0.202211211546
2025-03-16 10:51:43,285 - org.eclipse.cdt.managedbuilder.headlessbuilderapp - 1.1.0.202211062329
2025-03-16 10:51:43,286 - org.eclipse.cdt.managedbuilder.ui - 9.4.0.202211211546
2025-03-16 10:51:43,290 - org.eclipse.cdt.ui - 8.0.0.202211292120
2025-03-16 10:51:43,292 - org.eclipse.cdt.doc.user - 5.5.0.202211211546
2025-03-16 10:51:43,293 - org.eclipse.cdt.dsf - 2.12.0.202211062329
2025-03-16 10:51:43,294 - org.eclipse.cdt.dsf.ui - 2.7.0.202211062329
2025-03-16 10:51:43,295 - org.eclipse.cdt.flatpak.launcher - 1.1.0.202211062329
2025-03-16 10:51:43,297 - org.eclipse.cdt.native.serial - 1.3.0.202211300214
2025-03-16 10:51:43,298 - org.eclipse.cdt.platform.branding - 11.0.0.202211062329
2025-03-16 10:51:43,309 - javax.persistence - 2.2.1.v201807122140
2025-03-16 10:51:43,310 - org.eclipse.jpt.jpa.annotate - 1.0.101.v201902121834
2025-03-16 10:51:43,314 - org.eclipse.jpt.jpa.core - 3.6.1.v202301061019
2025-03-16 10:51:43,315 - org.eclipse.jpt.jpa.db - 2.2.201.v202301061019
2025-03-16 10:51:43,317 - org.eclipse.jpt.jpa.db.ui - 2.1.201.v201902121834
2025-03-16 10:51:43,319 - org.eclipse.jpt.jpa.gen - 2.3.201.v202301061019
2025-03-16 10:51:43,325 - org.eclipse.jpt.jpa.ui - 3.6.100.v202305092307
2025-03-16 10:51:43,327 - org.eclipse.jpt.doc.user - 3.2.101.v201902121834
2025-03-16 10:51:43,330 - org.eclipse.persistence.jpa.jpql - 2.7.3.v20180807-4be1041
2025-03-16 10:51:43,334 - org.apache.commons.collections - 3.2.2.v20220405-1659
2025-03-16 10:51:43,338 - org.apache.commons.lang - 2.6.0.v20220406-2305
2025-03-16 10:51:43,339 - org.apache.velocity - 1.5.0.v200905192330
2025-03-16 10:51:43,340 - org.jdom - 1.1.1.v201101151400
2025-03-16 10:51:43,342 - org.eclipse.jpt.jpa.branding - 3.4.1.v201902121834
2025-03-16 10:51:43,352 - org.sonarlint.eclipse.core - 7.13.0.80073
2025-03-16 10:51:43,353 - org.sonarlint.eclipse.ui - 7.13.0.80073
2025-03-16 10:51:43,356 - org.sonarsource.sonarlint.core.sonarlint-core-osgi - 9.0.0.74282
2025-03-16 10:51:43,359 - org.sonarlint.eclipse.cdt - 7.13.0.80073
2025-03-16 10:51:43,361 - org.sonarlint.eclipse.jdt - 7.13.0.80073
2025-03-16 10:51:43,363 - org.sonarlint.eclipse.m2e - 7.13.0.80073
2025-03-16 10:51:43,367 - org.jetbrains.kotlin.osgi-bundle - 1.6.21
2025-03-16 10:51:43,373 - org.slf4j.api - 1.7.30.v20221112-0806
2025-03-16 10:51:43,380 - org.eclipse.emf.codegen.ui - 2.23.0.v20210412-0833
2025-03-16 10:51:43,389 - org.eclipse.datatools.enablement.sqlite - 1.3.0.202305310959
2025-03-16 10:51:43,391 - org.eclipse.datatools.enablement.sqlite.dbdefinition - 1.3.0.202305310959
2025-03-16 10:51:43,392 - org.eclipse.datatools.enablement.sqlite.ui - 1.3.0.202305310959
2025-03-16 10:51:43,392 - org.eclipse.datatools.enablement.finfo - 1.8.0.202305310959
2025-03-16 10:51:43,401 - org.eclipse.jpt.common.utility - 2.4.1.v202301061019
2025-03-16 10:51:43,402 - org.eclipse.jpt.common.core - 1.5.1.v202301061019
2025-03-16 10:51:43,403 - org.eclipse.jpt.common.ui - 1.4.201.v202301061019
2025-03-16 10:51:43,405 - org.eclipse.jpt.common.branding - 1.4.1.v201902121834
2025-03-16 10:51:43,414 - jsonedit-core - 1.1.3
2025-03-16 10:51:43,414 - jsonedit-folding - 1.1.3
2025-03-16 10:51:43,416 - jsonedit-model - 1.1.3
2025-03-16 10:51:43,417 - jsonedit-outline - 1.1.3
2025-03-16 10:51:43,418 - jsonedit-preferences - 1.1.3
2025-03-16 10:51:43,420 - jsonedit-text - 1.1.3
2025-03-16 10:51:43,422 - jsonedit-editor - 1.1.3
2025-03-16 10:51:43,430 - org.eclipse.emf.converter - 2.11.0.v20220706-1313
2025-03-16 10:51:43,432 - org.eclipse.emf.importer - 2.12.0.v20190321-1539
2025-03-16 10:51:43,433 - org.eclipse.emf.exporter - 2.10.0.v20190321-1530
2025-03-16 10:51:43,435 - org.eclipse.emf.importer.ecore - 2.10.0.v20200324-0723
2025-03-16 10:51:43,437 - org.eclipse.emf.importer.java - 2.11.0.v20200324-0723
2025-03-16 10:51:43,438 - org.eclipse.emf.importer.rose - 2.11.0.v20210405-0904
2025-03-16 10:51:43,449 - org.eclipse.emf.edit.ui - 2.22.0.v20220619-0533
2025-03-16 10:51:43,459 - org.eclipse.persistence.moxy - 2.7.3.v20180807-4be1041
2025-03-16 10:51:43,460 - org.eclipse.jpt.jaxb.eclipselink.core - 1.3.201.v201902121834
2025-03-16 10:51:43,462 - org.eclipse.jpt.jaxb.eclipselink.ui - 1.4.201.v201902121834
2025-03-16 10:51:43,463 - org.eclipse.jpt.jaxb.eclipselink.core.schemagen - 1.2.202.v202104080213
2025-03-16 10:51:43,463 - org.eclipse.jpt.jaxb.eclipselink.branding - 1.4.101.v201902121834
2025-03-16 10:51:43,470 - de.anbos.eclipse.easyshell.plugin - 2.3.0.v20230630-1658
2025-03-16 10:51:43,477 - org.eclipse.sequoyah.vnc.vncviewer.vncviews - 2.1.0.N20120718-0509
2025-03-16 10:51:43,483 - org.jdom - 1.1.1.v201101151400
2025-03-16 10:51:43,484 - org.eclipse.jst.ws.cxf.consumption.core - 1.0.400.v201902162149
2025-03-16 10:51:43,485 - org.eclipse.jst.ws.cxf.consumption.ui - 1.0.500.v201910301957
2025-03-16 10:51:43,486 - org.eclipse.jst.ws.cxf.core - 1.1.600.v202107101953
2025-03-16 10:51:43,488 - org.eclipse.jst.ws.cxf.creation.core - 1.0.500.v201902162149
2025-03-16 10:51:43,489 - org.eclipse.jst.ws.cxf.creation.ui - 1.0.400.v201910301957
2025-03-16 10:51:43,490 - org.eclipse.jst.ws.cxf.ui - 1.0.500.v202104210249
2025-03-16 10:51:43,493 - javax.wsdl - 1.6.2.v201012040545
2025-03-16 10:51:43,495 - javax.jws - 2.0.0.v201005080400
2025-03-16 10:51:43,497 - jakarta.xml.bind - 2.3.3.v20221203-1659
2025-03-16 10:51:43,498 - javax.xml.stream - 1.0.1.v201004272200
2025-03-16 10:51:43,500 - javax.xml.ws - 2.1.0.v200902101523
2025-03-16 10:51:43,506 - org.eclipse.datatools.sqltools.common.ui - 1.3.0.202311071249
2025-03-16 10:51:43,508 - org.eclipse.datatools.sqltools.debugger.core - 1.3.0.202311071249
2025-03-16 10:51:43,509 - org.eclipse.datatools.sqltools.editor.core - 1.3.0.202311071249
2025-03-16 10:51:43,509 - org.eclipse.datatools.sqltools.plan - 1.3.0.202311071249
2025-03-16 10:51:43,510 - org.eclipse.datatools.sqltools.routineeditor - 1.3.0.202311071249
2025-03-16 10:51:43,511 - org.eclipse.datatools.sqltools.sql - 1.3.0.202311071249
2025-03-16 10:51:43,512 - org.eclipse.datatools.sqltools.sqleditor - 1.3.0.202311071249
2025-03-16 10:51:43,514 - org.eclipse.datatools.sqltools.sqlscrapbook - 1.3.0.202311071249
2025-03-16 10:51:43,514 - org.eclipse.datatools.help - 1.8.0.202311071249
2025-03-16 10:51:43,515 - org.eclipse.datatools.sqltools.db.generic - 1.3.0.202311071249
2025-03-16 10:51:43,515 - org.eclipse.datatools.sqltools.debugger.core.ui - 1.3.0.202311071249
2025-03-16 10:51:43,517 - org.eclipse.datatools.sqltools.editor.core.ui - 1.3.0.202311071249
2025-03-16 10:51:43,518 - org.eclipse.datatools.sqltools.result.ui - 1.4.0.202311071249
2025-03-16 10:51:43,519 - org.eclipse.datatools.sqltools.routineeditor.ui - 1.3.0.202311071249
2025-03-16 10:51:43,519 - org.eclipse.datatools.sqltools.sql.ui - 1.3.0.202311071249
2025-03-16 10:51:43,527 - org.eclipse.m2e.wtp.jsf - 1.6.0.20230118-0812
2025-03-16 10:51:43,532 - org.objectweb.asm - 9.6
2025-03-16 10:51:43,534 - org.eclipse.andmore - 0.5.1.201701251432
2025-03-16 10:51:43,536 - org.eclipse.andmore.base - 0.5.1.201701251432
2025-03-16 10:51:43,537 - org.eclipse.andmore.ddms - 0.5.1.201701251432
2025-03-16 10:51:43,537 - org.eclipse.andmore.overlay - 0.5.1.201701251432
2025-03-16 10:51:43,538 - org.apache.commons.codec - 1.14.0.v20221112-0806
2025-03-16 10:51:43,542 - org.apache.commons.compress - 1.21.0.v20211103-2100
2025-03-16 10:51:43,544 - org.apache.httpcomponents.httpclient - 4.5.13.v20221112-0806
2025-03-16 10:51:43,545 - org.apache.httpcomponents.httpcore - 4.4.15.v20220209-2345
2025-03-16 10:51:43,552 - org.eclipse.datatools.modelbase.dbdefinition - 1.3.0.202305310959
2025-03-16 10:51:43,554 - org.eclipse.datatools.modelbase.sql.edit - 1.3.0.202305310959
2025-03-16 10:51:43,556 - org.eclipse.datatools.modelbase.sql.query - 1.4.0.202305310959
2025-03-16 10:51:43,558 - org.eclipse.datatools.modelbase.sql.query.edit - 1.3.0.202305310959
2025-03-16 10:51:43,560 - org.eclipse.datatools.modelbase.sql.xml.query - 1.3.0.202305310959
2025-03-16 10:51:43,561 - org.eclipse.datatools.modelbase.sql - 1.3.0.202305310959
2025-03-16 10:51:43,567 - org.eclipse.emf.mapping - 2.12.0.v20181104-0733
2025-03-16 10:51:43,579 - org.eclipse.jpt.jaxb.core - 1.4.101.v201902121834
2025-03-16 10:51:43,580 - org.eclipse.jpt.jaxb.core.schemagen - 1.1.202.v202104080213
2025-03-16 10:51:43,582 - org.eclipse.jpt.jaxb.ui - 1.5.200.v202301061019
2025-03-16 10:51:43,584 - org.eclipse.jpt.jaxb.branding - 1.4.1.v201902121834
2025-03-16 10:51:43,592 - org.eclipse.emf.mapping.ecore.editor - 2.8.0.v20180706-1146
2025-03-16 10:51:43,593 - org.eclipse.emf.mapping.ecore2ecore.editor - 2.10.0.v20181104-0733
2025-03-16 10:51:43,595 - org.eclipse.emf.mapping.ecore2xml.ui - 2.12.0.v20190528-0725
2025-03-16 10:51:43,599 - org.eclipse.datatools.enablement.finfo - 1.8.0.202305310959
2025-03-16 10:51:43,600 - org.eclipse.datatools.sqltools.db.derby.ui - 1.3.0.202305310959
2025-03-16 10:51:43,602 - org.eclipse.datatools.sqltools.db.generic.ui - 1.3.0.202305310959
2025-03-16 10:51:43,606 - org.eclipse.jst.ws.axis2.core - 1.0.300.v201903050508
2025-03-16 10:51:43,607 - org.eclipse.jst.ws.axis2.ui - 1.0.400.v201903050508
2025-03-16 10:51:43,608 - org.eclipse.jst.ws.axis2.consumption.core - 1.0.200.v201903050508
2025-03-16 10:51:43,610 - org.eclipse.jst.ws.axis2.consumption.ui - 1.0.200.v201903050508
2025-03-16 10:51:43,611 - org.eclipse.jst.ws.axis2.creation.core - 1.0.200.v201903050508
2025-03-16 10:51:43,612 - org.eclipse.jst.ws.axis2.creation.ui - 1.0.200.v201903050508
2025-03-16 10:51:43,612 - org.eclipse.jst.ws.axis2.ui.doc.user - 1.0.200.v201903222115
2025-03-16 10:51:43,618 - org.testng.eclipse - 7.8.0.202308061717
2025-03-16 10:51:43,625 - org.eclipse.emf.ecore.edit - 2.13.0.v20190822-1451
2025-03-16 10:51:43,626 - org.eclipse.emf.ecore.change.edit - 2.8.0.v20180706-1146
2025-03-16 10:51:43,632 - org.eclipse.sequoyah.vnc.protocol - 2.1.0.N20120718-0509
2025-03-16 10:51:43,640 - org.eclipse.persistence.antlr - 3.5.2.v201711011707
2025-03-16 10:51:43,642 - org.eclipse.persistence.asm - 6.2.0.v201808041549
2025-03-16 10:51:43,644 - org.eclipse.persistence.core - 2.7.3.v20180807-4be1041
2025-03-16 10:51:43,647 - org.eclipse.persistence.jpa - 2.7.3.v20180807-4be1041
2025-03-16 10:51:43,648 - org.eclipse.jpt.jpa.eclipselink.core - 2.4.101.v201902121834
2025-03-16 10:51:43,649 - org.eclipse.jpt.jpa.eclipselink.ui - 2.4.101.v202301061019
2025-03-16 10:51:43,652 - org.eclipse.jpt.jpa.eclipselink.core.ddlgen - 2.2.201.v201902121834
2025-03-16 10:51:43,654 - org.eclipse.jpt.jpa.eclipselink.branding - 3.4.1.v201902121834
2025-03-16 10:51:43,663 - org.eclipse.emf.mapping.ecore - 2.8.0.v20180706-1146
2025-03-16 10:51:43,664 - org.eclipse.emf.mapping.ecore2ecore - 2.11.0.v20180706-1146
2025-03-16 10:51:43,667 - org.eclipse.emf.mapping.ecore2xml - 2.11.0.v20180706-1146
2025-03-16 10:51:43,675 - org.eclipse.andmore.traceview - 0.5.1.201701251432
2025-03-16 10:51:43,684 - org.eclipse.m2e.wtp.jpa - 1.6.0.20230118-0812
2025-03-16 10:51:43,694 - org.eclipse.sequoyah.localization.android - 2.1.0.N20120718-0509
2025-03-16 10:51:43,699 - org.eclipse.sequoyah.localization.android.help - 2.1.1.N20120718-0509
2025-03-16 10:51:43,708 - org.eclipse.emf.codegen - 2.22.0.v20210420-0623
2025-03-16 10:51:43,719 - org.eclipse.wst.sse.ui - 1.7.600.v202211200019
2025-03-16 10:51:43,720 - org.eclipse.wst.xml.ui - 1.2.700.v202305221615
2025-03-16 10:51:43,732 - org.eclipse.emf - 2.8.0.v20180706-1146
2025-03-16 10:51:43,742 - org.eclipse.datatools.doc.user - 1.15.0.202311071249
2025-03-16 10:51:43,743 - org.eclipse.datatools.oda.cshelp - 1.5.0.202311071249
2025-03-16 10:51:43,743 - org.eclipse.datatools.help - 1.8.0.202311071249
2025-03-16 10:51:43,750 - org.eclipse.jst.ws.jaxws.core - 1.0.600.v202104210249
2025-03-16 10:51:43,751 - org.eclipse.jst.ws.jaxws.ui - 1.0.600.v202008101342
2025-03-16 10:51:43,751 - javax.xml.ws - 2.1.0.v200902101523
2025-03-16 10:51:43,751 - javax.jws - 2.0.0.v201005080400
2025-03-16 10:51:43,752 - org.eclipse.jst.ws.annotations.core - 1.2.200.v202008101342
2025-03-16 10:51:43,752 - jakarta.xml.bind - 2.3.3.v20221203-1659
2025-03-16 10:51:43,752 - javax.xml.stream - 1.0.1.v201004272200
2025-03-16 10:51:43,754 - org.eclipse.jst.ws.jaxb.core - 1.0.200.v201902162203
2025-03-16 10:51:43,755 - javax.wsdl - 1.6.2.v201012040545
2025-03-16 10:51:43,755 - org.jdom - 1.1.1.v201101151400
2025-03-16 10:51:43,762 - org.contextmapper.dsl - 6.11.0
2025-03-16 10:51:43,763 - org.contextmapper.dsl.ide - 6.11.0
2025-03-16 10:51:43,764 - org.contextmapper.dsl.ui - 6.11.0
2025-03-16 10:51:43,770 - org.eclipse.draw2d - 3.14.100.202311222042
2025-03-16 10:51:43,782 - org.tigris.subversion.clientadapter.svnkit - 1.8.12.3
2025-03-16 10:51:43,788 - org.eclipse.emf.edit - 2.17.0.v20220201-1551
2025-03-16 10:51:43,795 - edu.umd.cs.findbugs.plugin.eclipse - 3.0.1.20150306-5afe4d1
2025-03-16 10:51:43,801 - com.github.spotbugs.plugin.eclipse - 4.7.3.r202210170504-fa9e53a
2025-03-16 10:51:43,808 - org.eclipse.wst.json.ui - 1.0.700.v202305221615
2025-03-16 10:51:43,808 - org.eclipse.wst.json.bower.ui - 1.0.300.v202305221615
2025-03-16 10:51:43,809 - org.eclipse.wst.json.eslint.ui - 1.0.300.v202305221615
2025-03-16 10:51:43,809 - org.eclipse.wst.json.jshint.ui - 1.0.300.v202305221615
2025-03-16 10:51:43,811 - org.eclipse.wst.json.npm.ui - 1.0.200.v202305221615
2025-03-16 10:51:43,817 - org.eclipse.emf.databinding.edit - 1.7.0.v20210113-0340
2025-03-16 10:51:43,825 - org.eclipse.emf.codegen.ecore - 2.32.0.v20221121-1400
2025-03-16 10:51:43,825 - org.eclipse.emf.ant - 2.11.0.v20200324-0723
2025-03-16 10:51:43,831 - org.eclipse.andmore.ndk - 0.5.1.201701251432
2025-03-16 10:51:43,836 - org.eclipse.andmore.gldebugger - 0.5.1.201701251432
2025-03-16 10:51:43,843 - com.amashchenko.eclipse.strutsclipse.tiles - 1.5.0.201803051747
2025-03-16 10:51:43,848 - com.amashchenko.eclipse.strutsclipse.plugin - 1.5.0.201803051747
2025-03-16 10:51:43,854 - org.eclipse.andmore.android.certmanager - 0.5.1.201701251432
2025-03-16 10:51:43,859 - net.mihai-nita.ansicon.plugin - 1.4.8.202208270854
2025-03-16 10:51:43,864 - org.eclipse.cdt.gdb - 7.2.0.202211062329
2025-03-16 10:51:43,865 - org.eclipse.cdt.gdb.ui - 7.2.0.202211062329
2025-03-16 10:51:43,870 - org.eclipse.sequoyah.localization.tools - 2.1.0.N20120718-0509
2025-03-16 10:51:43,872 - org.eclipse.sequoyah.localization.editor - 2.1.0.N20120718-0509
2025-03-16 10:51:43,877 - org.eclipse.m2e.wtp.jaxrs - 1.6.0.20230118-0812
2025-03-16 10:51:43,883 - org.eclipse.datatools.sqltools.sql - 1.3.0.202311071249
2025-03-16 10:51:43,883 - org.eclipse.datatools.sqltools.common.ui - 1.3.0.202311071249
2025-03-16 10:51:43,883 - org.eclipse.datatools.sqltools.plan - 1.3.0.202311071249
2025-03-16 10:51:43,883 - org.eclipse.datatools.sqltools.editor.core - 1.3.0.202311071249
2025-03-16 10:51:43,883 - org.eclipse.datatools.sqltools.sqleditor - 1.3.0.202311071249
2025-03-16 10:51:43,884 - org.eclipse.datatools.sqltools.ddlgen.ui - 1.3.0.202311071249
2025-03-16 10:51:43,884 - org.eclipse.datatools.connectivity.db.generic - 1.3.0.202311071249
2025-03-16 10:51:43,884 - org.eclipse.datatools.sqltools.editor.core.ui - 1.3.0.202311071249
2025-03-16 10:51:43,884 - org.eclipse.datatools.sqltools.sql.ui - 1.3.0.202311071249
2025-03-16 10:51:43,893 - org.eclipse.cdt.dsf.gdb - 7.0.0.202211221643
2025-03-16 10:51:43,894 - org.eclipse.cdt.dsf.gdb.ui - 2.8.0.202211062329
2025-03-16 10:51:43,899 - org.eclipse.emf.common.ui - 2.20.0.v20220226-1304
2025-03-16 10:51:43,914 - org.eclipse.sequoyah.device.common.utilities - 2.1.0.N20120718-0509
2025-03-16 10:51:43,923 - org.eclipse.andmore.android.common - 0.5.1.201701251432
2025-03-16 10:51:43,924 - org.eclipse.andmore.android.codeutils - 0.5.1.201701251432
2025-03-16 10:51:43,925 - org.eclipse.andmore.android.translation - 0.5.1.201701251432
2025-03-16 10:51:43,928 - org.eclipse.andmore.android.codesnippets - 0.5.1.201701251432
2025-03-16 10:51:43,929 - org.eclipse.andmore.android.db.core - 0.5.1.201701251432
2025-03-16 10:51:43,929 - org.eclipse.andmore.android.logger - 0.5.1.201701251432
2025-03-16 10:51:43,931 - org.eclipse.andmore.android - 0.5.1.201701251432
2025-03-16 10:51:43,932 - org.eclipse.andmore.android.emulator - 0.5.1.201701251432
2025-03-16 10:51:43,934 - org.eclipse.andmore.android.launch - 0.5.1.201701251432
2025-03-16 10:51:43,936 - org.eclipse.andmore.android.packaging.ui - 0.5.1.201701251432
2025-03-16 10:51:43,937 - org.eclipse.andmore.android.handset - 0.5.1.201701251432
2025-03-16 10:51:43,938 - org.eclipse.andmore.android.remote - 0.5.1.201701251432
2025-03-16 10:51:43,939 - org.eclipse.andmore.android.win32.x86_64 - 0.5.1.201701251432
2025-03-16 10:51:43,940 - org.eclipse.andmore.android.mat - 0.5.1.201701251432
2025-03-16 10:51:43,942 - org.eclipse.andmore.android.devices.services - 0.5.1.201701251432
2025-03-16 10:51:43,943 - org.eclipse.andmore.android.db.devices - 0.5.1.201701251432
2025-03-16 10:51:43,951 - org.eclipse.andmore.android.installer - 0.5.1.201701251432
2025-03-16 10:51:43,954 - org.eclipse.andmore.android.logger.collector - 0.5.1.201701251432
2025-03-16 10:51:43,966 - org.eclipse.emf.mapping.ui - 2.10.0.v20181104-0733
2025-03-16 10:51:43,974 - net.sf.eclipsecs.branding - 10.9.3.202308241720
2025-03-16 10:51:43,975 - net.sf.eclipsecs.core - 10.9.3.202308242329
2025-03-16 10:51:43,977 - net.sf.eclipsecs.doc - 10.9.3.202308241720
2025-03-16 10:51:43,986 - net.sf.eclipsecs.checkstyle - 10.9.3.202308242329
2025-03-16 10:51:43,987 - net.sf.eclipsecs.ui - 10.9.3.202308241720
2025-03-16 10:51:43,995 - org.eclipse.sequoyah.vnc.vncviewer - 2.1.0.N20120718-0509
2025-03-16 10:51:44,005 - org.eclipse.emf.codegen.ecore.ui - 2.32.0.v20220925-1245
2025-03-16 10:51:44,017 - org.eclipse.emf.ecore.editor - 2.17.0.v20190528-0725
2025-03-16 10:51:44,033 - org.eclipse.jpt.common.eclipselink.core - 1.3.400.v202208190239
2025-03-16 10:51:44,034 - org.eclipse.jpt.common.eclipselink.branding - 1.3.101.v201902121834
2025-03-16 10:51:44,041 - org.tigris.subversion.subclipse.graph - 4.2.0.1
2025-03-16 10:51:44,049 - org.eclipse.emf.databinding - 1.6.0.v20220517-0824
2025-03-16 10:51:44,058 - org.eclipse.datatools.connectivity.sqm.core.ui - 1.5.0.202311071249
2025-03-16 10:51:44,059 - org.eclipse.datatools.connectivity.sqm.core - 1.6.0.202311071345
2025-03-16 10:51:44,060 - org.eclipse.datatools.connectivity.sqm.server.ui - 1.4.0.202311071249
2025-03-16 10:51:44,061 - org.eclipse.datatools.connectivity.ui.dse - 1.4.0.202311071249
2025-03-16 10:51:44,062 - org.eclipse.datatools.connectivity.ui - 1.5.0.202311071249
2025-03-16 10:51:44,063 - org.eclipse.datatools.connectivity - 1.15.0.202311071249
2025-03-16 10:51:44,063 - org.eclipse.datatools.help - 1.8.0.202311071249
2025-03-16 10:51:44,064 - org.eclipse.datatools.connectivity.console.profile - 1.3.0.202311071249
2025-03-16 10:51:44,074 - org.eclipse.cdt.core.native - 6.3.0.202211062329
2025-03-16 10:51:44,075 - org.eclipse.cdt.core.win32 - 6.1.0.202211062329
2025-03-16 10:51:44,076 - org.eclipse.cdt.core.win32.x86_64 - 6.1.0.202211300214
2025-03-16 10:51:44,076 - org.eclipse.cdt.native.serial - 1.3.0.202211300214
2025-03-16 10:51:44,083 - org.eclipse.cdt.launch - 10.4.0.202211062329
2025-03-16 10:51:44,092 - javax.el - 2.2.0.v201303151357
2025-03-16 10:51:44,094 - jakarta.servlet-api - 4.0.0
2025-03-16 10:51:44,095 - javax.servlet.jsp-api - 2.3.3
2025-03-16 10:51:44,096 - com.sun.el - 2.2.0.v201303151357
2025-03-16 10:51:44,098 - org.apache.jasper.glassfish - 2.2.2.v201501141630
2025-03-16 10:51:44,102 - org.apache.lucene.analyzers-common - 8.4.1.v20221112-0806
2025-03-16 10:51:44,109 - org.apache.lucene.core - 9.7.0.v20230703-0758
2025-03-16 10:51:44,112 - org.apache.lucene.analyzers-smartcn - 8.4.1.v20221112-0806
2025-03-16 10:51:44,113 - org.eclipse.equinox.http.jetty - 3.8.200.v20221109-0702
2025-03-16 10:51:44,114 - org.eclipse.equinox.http.registry - 1.3.200.v20220720-2012
2025-03-16 10:51:44,114 - org.eclipse.equinox.http.servlet - 1.7.400.v20221006-1531
2025-03-16 10:51:44,115 - org.eclipse.equinox.jsp.jasper - 1.1.700.v20220801-1124
2025-03-16 10:51:44,116 - org.eclipse.equinox.jsp.jasper.registry - 1.2.100.v20211021-1418
2025-03-16 10:51:44,118 - org.eclipse.help.base - 4.3.900.v20221123-1800
2025-03-16 10:51:44,119 - org.eclipse.help.ui - 4.4.100.v20220619-1918
2025-03-16 10:51:44,120 - org.eclipse.help.webapp - 3.10.900.v20221103-0933
2025-03-16 10:51:44,121 - org.eclipse.jetty.http - 10.0.12
2025-03-16 10:51:44,122 - org.eclipse.jetty.io - 10.0.12
2025-03-16 10:51:44,123 - org.eclipse.jetty.security - 10.0.12
2025-03-16 10:51:44,124 - org.eclipse.jetty.server - 10.0.12
2025-03-16 10:51:44,125 - org.eclipse.jetty.servlet - 10.0.12
2025-03-16 10:51:44,126 - org.eclipse.jetty.util - 10.0.12
2025-03-16 10:51:44,127 - org.eclipse.jetty.util.ajax - 10.0.12
2025-03-16 10:51:44,128 - org.eclipse.core.net - 1.4.0.v20220813-1037
2025-03-16 10:51:44,129 - org.eclipse.equinox.security - 1.3.1000.v20220801-1135
2025-03-16 10:51:44,136 - org.eclipse.egit.gitflow - 6.4.0.202211300538-r
2025-03-16 10:51:44,137 - org.eclipse.egit.gitflow.ui - 6.4.0.202211300538-r
2025-03-16 10:51:44,143 - org.eclipse.tm.terminal.connector.ssh - 4.8.0.202211062329
2025-03-16 10:51:44,148 - org.eclipse.mylyn.wikitext - 3.0.45.202211090110
2025-03-16 10:51:44,149 - org.eclipse.mylyn.wikitext.ant - 3.0.45.202211090110
2025-03-16 10:51:44,150 - org.eclipse.mylyn.wikitext.osgi - 3.0.45.202211090110
2025-03-16 10:51:44,150 - org.eclipse.mylyn.wikitext.asciidoc - 3.0.45.202211090110
2025-03-16 10:51:44,152 - org.eclipse.mylyn.wikitext.textile - 3.0.45.202211090110
2025-03-16 10:51:44,152 - org.eclipse.mylyn.wikitext.html - 3.0.45.202211090110
2025-03-16 10:51:44,152 - org.eclipse.mylyn.wikitext.markdown - 3.0.45.202211090110
2025-03-16 10:51:44,153 - org.eclipse.mylyn.wikitext.mediawiki - 3.0.45.202211090110
2025-03-16 10:51:44,154 - org.eclipse.mylyn.wikitext.confluence - 3.0.45.202211090110
2025-03-16 10:51:44,154 - org.eclipse.mylyn.wikitext.tracwiki - 3.0.45.202211090110
2025-03-16 10:51:44,155 - org.eclipse.mylyn.wikitext.twiki - 3.0.45.202211090110
2025-03-16 10:51:44,156 - org.eclipse.mylyn.wikitext.ui - 3.0.45.202211090110
2025-03-16 10:51:44,157 - org.eclipse.mylyn.wikitext.help.ui - 3.0.45.202211090110
2025-03-16 10:51:44,158 - org.eclipse.mylyn.wikitext.asciidoc.ui - 3.0.45.202211090110
2025-03-16 10:51:44,159 - org.eclipse.mylyn.wikitext.textile.ui - 3.0.45.202211090110
2025-03-16 10:51:44,160 - org.eclipse.mylyn.wikitext.markdown.ui - 3.0.45.202211090110
2025-03-16 10:51:44,160 - org.eclipse.mylyn.wikitext.mediawiki.ui - 3.0.45.202211090110
2025-03-16 10:51:44,162 - org.eclipse.mylyn.wikitext.confluence.ui - 3.0.45.202211090110
2025-03-16 10:51:44,163 - org.eclipse.mylyn.wikitext.tracwiki.ui - 3.0.45.202211090110
2025-03-16 10:51:44,164 - org.eclipse.mylyn.wikitext.twiki.ui - 3.0.45.202211090110
2025-03-16 10:51:44,169 - org.eclipse.m2e.logback - 2.1.0.20221015-0744
2025-03-16 10:51:44,174 - org.eclipse.buildship.compat - 3.1.6.v20220511-1359
2025-03-16 10:51:44,175 - org.eclipse.buildship.core - 3.1.6.v20220511-1359
2025-03-16 10:51:44,175 - org.eclipse.buildship.ui - 3.1.6.v20220511-1359
2025-03-16 10:51:44,177 - org.eclipse.buildship.branding - 3.1.6.v20220511-1359
2025-03-16 10:51:44,184 - org.eclipse.egit.core - 6.4.0.202211300538-r
2025-03-16 10:51:44,186 - org.eclipse.egit.ui - 6.4.0.202211300538-r
2025-03-16 10:51:44,188 - org.eclipse.egit - 6.4.0.202211300538-r
2025-03-16 10:51:44,188 - org.eclipse.egit.doc - 6.4.0.202211300538-r
2025-03-16 10:51:44,197 - org.eclipse.justj.openjdk.hotspot.jre.full - 17.0.6.v20230125-1136
2025-03-16 10:51:44,199 - org.eclipse.justj.openjdk.hotspot.jre.full.win32.x86_64 - 17.0.6.v20230125-1136
2025-03-16 10:51:44,205 - org.eclipse.userstorage - 1.2.0.v20210517-0327
2025-03-16 10:51:44,206 - org.eclipse.userstorage.ui - 1.1.0.v20190307-0457
2025-03-16 10:51:44,206 - org.eclipse.userstorage.oauth - 1.1.0.v20190307-0457
2025-03-16 10:51:44,215 - org.eclipse.m2e.wtp - 1.5.2.20220906-1452
2025-03-16 10:51:44,215 - org.eclipse.m2e.wtp.overlay - 1.5.0.20220805-2025
2025-03-16 10:51:44,216 - org.eclipse.m2e.wtp.overlay.ui - 1.5.0.20220805-2025
2025-03-16 10:51:44,221 - org.eclipse.tm.terminal.view.core - 4.9.0.202211062329
2025-03-16 10:51:44,222 - org.eclipse.tm.terminal.view.ui - 4.11.0.202211062329
2025-03-16 10:51:44,234 - org.eclipse.jgit.http.apache - 6.4.0.202211300538-r
2025-03-16 10:51:44,252 - org.eclipse.m2e.archetype.common - 3.2.102.20221130-2149
2025-03-16 10:51:44,253 - org.eclipse.m2e.model.edit - 2.0.100.20221115-1709
2025-03-16 10:51:44,253 - org.eclipse.m2e.core - 2.0.5.20221128-1757
2025-03-16 10:51:44,254 - org.eclipse.m2e.launching - 2.0.2.20221122-2012
2025-03-16 10:51:44,255 - org.eclipse.m2e.workspace.cli - 0.3.1
2025-03-16 10:51:44,255 - org.eclipse.m2e.jdt - 2.0.4.20221130-2135
2025-03-16 10:51:44,257 - org.eclipse.m2e.editor - 2.0.2.20221115-1709
2025-03-16 10:51:44,259 - org.eclipse.m2e.maven.runtime - 3.8.604.20221130-2149
2025-03-16 10:51:44,260 - org.eclipse.m2e.refactoring - 2.0.2.20221115-1709
2025-03-16 10:51:44,261 - org.eclipse.m2e.discovery - 2.0.1.20221101-1753
2025-03-16 10:51:44,261 - org.eclipse.m2e.core.ui - 2.0.2.20221113-1617
2025-03-16 10:51:44,262 - org.eclipse.m2e.scm - 2.0.1.20221101-1753
2025-03-16 10:51:44,262 - org.eclipse.m2e.jdt.ui - 2.0.1.20221115-1709
2025-03-16 10:51:44,262 - org.eclipse.m2e.profiles.core - 2.1.0.20221110-1338
2025-03-16 10:51:44,263 - org.eclipse.m2e.profiles.ui - 2.0.1.20221101-1753
2025-03-16 10:51:44,263 - org.eclipse.m2e.sourcelookup - 2.0.1.20221118-1906
2025-03-16 10:51:44,264 - org.eclipse.m2e.sourcelookup.ui - 2.0.1.20221118-1906
2025-03-16 10:51:44,264 - org.eclipse.m2e.binaryproject - 2.1.0.20221115-1709
2025-03-16 10:51:44,264 - org.eclipse.m2e.binaryproject.ui - 2.0.0.20220705-1221
2025-03-16 10:51:44,265 - org.eclipse.m2e.apt.core - 2.0.2.20221020-0713
2025-03-16 10:51:44,266 - org.eclipse.m2e.apt.ui - 2.0.2.20221115-1709
2025-03-16 10:51:44,266 - org.eclipse.m2e.mavenarchiver - 2.0.2.20221115-1709
2025-03-16 10:51:44,272 - org.eclipse.help - 3.9.100.v20210721-0601
2025-03-16 10:51:44,273 - org.eclipse.ui - 3.201.200.v20221024-2137
2025-03-16 10:51:44,273 - org.eclipse.ui.workbench - 3.127.0.v20221024-2137
2025-03-16 10:51:44,275 - org.eclipse.update.configurator - 3.4.1000.v20221114-1512
2025-03-16 10:51:44,275 - org.eclipse.rcp - 4.26.0.v20221123-1800
2025-03-16 10:51:44,277 - com.ibm.icu - 74.1
2025-03-16 10:51:44,283 - org.eclipse.jgit.lfs - 6.4.0.202211300538-r
2025-03-16 10:51:44,284 - org.eclipse.jgit.lfs.server - 6.4.0.202211300538-r
2025-03-16 10:51:44,291 - org.eclipse.epp.mpc.core - 1.10.1.v20221110-1841
2025-03-16 10:51:44,293 - org.eclipse.epp.mpc.core.win32 - 1.10.1.v20221110-1841
2025-03-16 10:51:44,294 - org.eclipse.epp.mpc.ui - 1.10.1.v20221110-1841
2025-03-16 10:51:44,295 - org.eclipse.epp.mpc.ui.css - 1.10.1.v20221110-1841
2025-03-16 10:51:44,297 - org.eclipse.epp.mpc.help.ui - 1.10.1.v20221110-1841
2025-03-16 10:51:44,310 - org.eclipse.jgit.gpg.bc - 6.4.0.202211300538-r
2025-03-16 10:51:44,318 - org.eclipse.pde - 3.13.2100.v20221123-1800
2025-03-16 10:51:44,324 - org.eclipse.pde.build - 3.11.400.v20220923-1253
2025-03-16 10:51:44,325 - org.eclipse.pde.core - 3.16.0.v20221119-0340
2025-03-16 10:51:44,326 - org.eclipse.pde.junit.runtime - 3.6.200.v20220523-1051
2025-03-16 10:51:44,327 - org.eclipse.pde.runtime - 3.7.500.v20221012-2030
2025-03-16 10:51:44,329 - org.eclipse.pde.ui - 3.13.700.v20221114-1716
2025-03-16 10:51:44,331 - org.eclipse.pde.doc.user - 3.14.1800.v20221121-0559
2025-03-16 10:51:44,333 - org.eclipse.pde.ui.templates - 3.7.700.v20220802-1520
2025-03-16 10:51:44,334 - org.eclipse.pde.api.tools - 1.2.1100.v20221114-1728
2025-03-16 10:51:44,335 - org.eclipse.pde.api.tools.annotations - 1.1.500.v20220813-1730
2025-03-16 10:51:44,337 - org.eclipse.pde.api.tools.ui - 1.2.700.v20220329-0844
2025-03-16 10:51:44,337 - org.eclipse.pde.ds.core - 1.2.500.v20220411-2005
2025-03-16 10:51:44,337 - org.eclipse.pde.ds.ui - 1.2.300.v20220310-2159
2025-03-16 10:51:44,339 - org.eclipse.pde.launching - 3.10.200.v20221108-1157
2025-03-16 10:51:44,339 - org.eclipse.pde.ua.core - 1.2.300.v20211004-0555
2025-03-16 10:51:44,340 - org.eclipse.pde.ua.ui - 1.2.400.v20220317-0700
2025-03-16 10:51:44,340 - org.eclipse.ui.trace - 1.2.200.v20220310-2159
2025-03-16 10:51:44,341 - org.eclipse.pde.ds.annotations - 1.2.500.v20220811-0944
2025-03-16 10:51:44,341 - org.eclipse.pde.genericeditor.extension - 1.1.300.v20220810-1011
2025-03-16 10:51:44,343 - org.eclipse.tools.layout.spy - 1.1.100.v20221111-1233
2025-03-16 10:51:44,343 - org.eclipse.pde.spy.core - 1.0.200.v20220331-1637
2025-03-16 10:51:44,343 - org.eclipse.pde.spy.model - 0.12.400.v20220621-1036
2025-03-16 10:51:44,343 - org.eclipse.pde.spy.css - 0.12.300.v20220512-1208
2025-03-16 10:51:44,343 - org.eclipse.pde.spy.preferences - 0.12.300.v20220512-1208
2025-03-16 10:51:44,343 - org.eclipse.pde.spy.context - 1.0.400.v20221119-0340
2025-03-16 10:51:44,344 - org.eclipse.pde.spy.bundle - 0.12.200.v20220512-1208
2025-03-16 10:51:44,345 - org.eclipse.pde.spy.event - 1.0.100.v20221114-1716
2025-03-16 10:51:44,350 - org.eclipse.jgit.ssh.apache - 6.4.0.202211300538-r
2025-03-16 10:51:44,351 - org.eclipse.jgit.ssh.apache.agent - 6.4.0.202211300538-r
2025-03-16 10:51:44,356 - org.eclipse.jdt - 3.18.1400.v20221123-1800
2025-03-16 10:51:44,357 - org.eclipse.ant.ui - 3.8.300.v20220718-1722
2025-03-16 10:51:44,357 - org.eclipse.jdt.apt.core - 3.7.50.v20210914-1429
2025-03-16 10:51:44,358 - org.eclipse.jdt.apt.ui - 3.7.0.v20210620-1751
2025-03-16 10:51:44,364 - org.eclipse.jdt.apt.pluggable.core - 1.3.0.v20210618-1653
2025-03-16 10:51:44,366 - org.eclipse.jdt.compiler.apt - 1.4.300.v20221108-0856
2025-03-16 10:51:44,367 - org.eclipse.jdt.compiler.tool - 1.3.200.v20220802-0458
2025-03-16 10:51:44,367 - org.eclipse.jdt.core - 3.32.0.v20221108-1853
2025-03-16 10:51:44,367 - org.eclipse.jdt.core.formatterapp - 1.1.0.v20210618-1653
2025-03-16 10:51:44,368 - org.eclipse.jdt.annotation - 2.2.700.v20220826-1026
2025-03-16 10:51:44,368 - org.eclipse.jdt.annotation - 2.2.700.v20220826-1026
2025-03-16 10:51:44,368 - org.eclipse.jdt.core.manipulation - 1.17.0.v20221026-1918
2025-03-16 10:51:44,369 - org.eclipse.jdt.debug.ui - 3.12.900.v20221001-0715
2025-03-16 10:51:44,373 - org.eclipse.jdt.debug - 3.20.0.v20220922-0905
2025-03-16 10:51:44,374 - org.eclipse.jdt.junit - 3.15.100.v20220909-2154
2025-03-16 10:51:44,375 - org.eclipse.jdt.junit.core - 3.11.500.v20221031-1935
2025-03-16 10:51:44,375 - org.eclipse.jdt.junit.runtime - 3.7.0.v20220609-1843
2025-03-16 10:51:44,376 - org.eclipse.jdt.junit4.runtime - 1.3.0.v20220609-1843
2025-03-16 10:51:44,376 - org.eclipse.jdt.junit5.runtime - 1.1.100.v20220907-0450
2025-03-16 10:51:44,377 - org.eclipse.jdt.launching - 3.19.800.v20221107-1851
2025-03-16 10:51:44,379 - org.eclipse.jdt.ui - 3.27.100.v20221122-0749
2025-03-16 10:51:44,382 - org.junit - 4.13.2.v20211018-1956
2025-03-16 10:51:44,383 - org.hamcrest.core - 1.3.0.v20180420-1519
2025-03-16 10:51:44,384 - junit-jupiter-api - 5.9.1
2025-03-16 10:51:44,385 - junit-jupiter-engine - 5.9.1
2025-03-16 10:51:44,386 - junit-jupiter-migrationsupport - 5.9.1
2025-03-16 10:51:44,386 - junit-jupiter-params - 5.9.1
2025-03-16 10:51:44,387 - junit-platform-commons - 1.9.1
2025-03-16 10:51:44,387 - junit-platform-engine - 1.9.1
2025-03-16 10:51:44,389 - junit-platform-launcher - 1.9.1
2025-03-16 10:51:44,390 - junit-platform-runner - 1.9.1
2025-03-16 10:51:44,390 - junit-platform-suite-api - 1.9.1
2025-03-16 10:51:44,392 - junit-platform-suite-commons - 1.9.1
2025-03-16 10:51:44,392 - junit-platform-suite-engine - 1.9.1
2025-03-16 10:51:44,393 - junit-vintage-engine - 5.9.1
2025-03-16 10:51:44,394 - org.opentest4j - 1.2.0
2025-03-16 10:51:44,394 - org.apiguardian.api - 1.1.2
2025-03-16 10:51:44,395 - org.eclipse.jdt.doc.user - 3.15.1600.v20221121-0559
2025-03-16 10:51:44,396 - org.eclipse.ant.launching - 1.3.400.v20220718-1722
2025-03-16 10:51:44,401 - org.eclipse.emf.common - 2.27.0.v20221121-1400
2025-03-16 10:51:44,405 - org.jboss.tools.m2e.wro4j.core - 1.2.1.202301111328
2025-03-16 10:51:44,405 - org.jboss.tools.m2e.wro4j.ui - 1.2.1.202301111328
2025-03-16 10:51:44,410 - org.eclipse.tm.terminal.control - 5.4.0.202211062329
2025-03-16 10:51:44,415 - org.sonatype.m2e.egit - 0.17.0.202209271423
2025-03-16 10:51:44,419 - org.eclipse.emf.ecore - 2.29.0.v20221121-1400
2025-03-16 10:51:44,420 - org.eclipse.emf.ecore.change - 2.14.0.v20190528-0725
2025-03-16 10:51:44,420 - org.eclipse.emf.ecore.xmi - 2.17.0.v20220817-1334
2025-03-16 10:51:44,424 - org.eclipse.wst.common.project.facet.core - 1.4.402.v202111212041
2025-03-16 10:51:44,425 - org.eclipse.wst.common.project.facet.ui - 1.4.602.v202007142017
2025-03-16 10:51:44,434 - org.eclipse.jst.common.project.facet.core - 1.12.100.v202208260526
2025-03-16 10:51:44,435 - org.eclipse.jst.common.project.facet.ui - 1.4.511.v202007142017
2025-03-16 10:51:44,439 - org.eclipse.jgit - 6.4.0.202211300538-r
2025-03-16 10:51:44,440 - org.eclipse.jgit.archive - 6.4.0.202211300538-r
2025-03-16 10:51:44,485 - org.apache.ant - 1.10.12.v20211102-1452
2025-03-16 10:51:44,486 - org.eclipse.ant.core - 3.6.500.v20220718-1722
2025-03-16 10:51:44,487 - com.jcraft.jsch - 0.1.55.v20221112-0806
2025-03-16 10:51:44,487 - org.eclipse.compare.core - 3.7.100.v20220812-1406
2025-03-16 10:51:44,488 - org.eclipse.compare - 3.8.500.v20220812-1406
2025-03-16 10:51:44,489 - org.eclipse.compare.win32 - 1.2.900.v20220812-1406
2025-03-16 10:51:44,490 - org.eclipse.core.filebuffers - 3.7.200.v20220202-1008
2025-03-16 10:51:44,491 - org.eclipse.core.filesystem - 1.9.500.v20220817-1539
2025-03-16 10:51:44,491 - org.eclipse.core.net - 1.4.0.v20220813-1037
2025-03-16 10:51:44,493 - org.eclipse.core.net.win32 - 1.0.100.v20220812-1406
2025-03-16 10:51:44,493 - org.eclipse.core.net.win32.x86_64 - 1.1.700.v20220812-1406
2025-03-16 10:51:44,494 - org.eclipse.core.resources - 3.18.100.v20221025-2047
2025-03-16 10:51:44,495 - org.eclipse.debug.core - 3.20.0.v20220811-0741
2025-03-16 10:51:44,496 - org.eclipse.debug.ui - 3.17.100.v20220926-1344
2025-03-16 10:51:44,497 - org.eclipse.e4.ui.ide - 3.16.200.v20221024-2137
2025-03-16 10:51:44,498 - org.eclipse.equinox.event - 1.6.100.v20211021-1418
2025-03-16 10:51:44,498 - org.eclipse.ltk.core.refactoring - 3.13.0.v20220822-0502
2025-03-16 10:51:44,498 - org.eclipse.ltk.ui.refactoring - 3.12.200.v20220808-2221
2025-03-16 10:51:44,498 - org.eclipse.platform - 4.26.0.v20221123-1800
2025-03-16 10:51:44,499 - org.eclipse.platform.doc.user - 4.26.0.v20221121-0559
2025-03-16 10:51:44,501 - org.eclipse.search - 3.14.300.v20220905-1020
2025-03-16 10:51:44,502 - org.eclipse.text.quicksearch - 1.1.400.v20221023-0941
2025-03-16 10:51:44,503 - org.eclipse.team.core - 3.9.600.v20220902-2219
2025-03-16 10:51:44,504 - org.eclipse.team.ui - 3.9.500.v20220920-2213
2025-03-16 10:51:44,504 - org.eclipse.text - 3.12.300.v20220921-1010
2025-03-16 10:51:44,505 - org.eclipse.jface.text - 3.22.0.v20221119-1047
2025-03-16 10:51:44,506 - org.eclipse.jsch.core - 1.4.0.v20220813-1037
2025-03-16 10:51:44,507 - org.eclipse.jsch.ui - 1.4.200.v20220812-1406
2025-03-16 10:51:44,507 - org.eclipse.ui.console - 3.11.400.v20221012-0524
2025-03-16 10:51:44,508 - org.eclipse.ui.intro - 3.6.600.v20220619-1918
2025-03-16 10:51:44,508 - org.eclipse.ui.intro.universal - 3.4.300.v20220619-1918
2025-03-16 10:51:44,509 - org.eclipse.ui.cheatsheets - 3.7.500.v20220903-1020
2025-03-16 10:51:44,509 - org.eclipse.ui.browser - 3.7.300.v20221024-2137
2025-03-16 10:51:44,510 - org.eclipse.ui.genericeditor - 1.2.300.v20220915-0924
2025-03-16 10:51:44,510 - org.eclipse.ui.monitoring - 1.2.300.v20221024-2137
2025-03-16 10:51:44,511 - org.eclipse.ui.navigator - 3.10.400.v20221024-2137
2025-03-16 10:51:44,511 - org.eclipse.ui.navigator.resources - 3.8.500.v20221024-2137
2025-03-16 10:51:44,512 - org.eclipse.ui.net - 1.4.100.v20220812-1406
2025-03-16 10:51:44,512 - org.eclipse.ui.workbench.texteditor - 3.16.600.v20220809-1658
2025-03-16 10:51:44,513 - org.eclipse.ui.views - 3.11.300.v20221024-2137
2025-03-16 10:51:44,513 - org.eclipse.ui.editors - 3.14.400.v20220730-1844
2025-03-16 10:51:44,514 - org.eclipse.ui.externaltools - 3.5.200.v20220618-1805
2025-03-16 10:51:44,515 - org.eclipse.ui.ide - 3.20.0.v20221027-2208
2025-03-16 10:51:44,516 - org.eclipse.ui.ide.application - 1.4.600.v20221024-2137
2025-03-16 10:51:44,516 - org.eclipse.ui.win32 - 3.4.500.v20221024-2137
2025-03-16 10:51:44,516 - org.eclipse.core.resources.win32.x86_64 - 3.5.500.v20220812-1420
2025-03-16 10:51:44,517 - org.eclipse.core.filesystem.win32.x86_64 - 1.4.300.v20220812-1420
2025-03-16 10:51:44,517 - org.eclipse.core.variables - 3.5.100.v20210721-1355
2025-03-16 10:51:44,518 - org.eclipse.ui.forms - 3.11.500.v20221024-2137
2025-03-16 10:51:44,519 - org.eclipse.ui.views.properties.tabbed - 3.9.300.v20221024-2137
2025-03-16 10:51:44,519 - org.eclipse.equinox.security - 1.3.1000.v20220801-1135
2025-03-16 10:51:44,520 - org.eclipse.equinox.security.ui - 1.3.400.v20221007-1815
2025-03-16 10:51:44,522 - org.eclipse.equinox.security.win32.x86_64 - 1.1.300.v20211021-1418
2025-03-16 10:51:44,523 - org.eclipse.core.externaltools - 1.2.300.v20220618-1805
2025-03-16 10:51:44,523 - org.eclipse.ui.themes - 1.2.2100.v20221024-2137
2025-03-16 10:51:44,523 - org.eclipse.core.runtime - 3.26.100.v20221021-0005
2025-03-16 10:51:44,524 - org.eclipse.ui.intro.quicklinks - 1.1.200.v20220619-1918
2025-03-16 10:51:44,525 - org.eclipse.team.genericeditor.diff.extension - 1.1.100.v20220812-1406
2025-03-16 10:51:44,525 - org.eclipse.urischeme - 1.2.200.v20221024-2137
2025-03-16 10:51:44,526 - org.eclipse.ui.views.log - 1.3.400.v20220907-1244
2025-03-16 10:51:44,526 - org.eclipse.debug.ui.launchview - 1.0.300.v20220811-0741
2025-03-16 11:56:37,221 - os.name - Windows 11
2025-03-16 11:56:37,221 - os.arch - amd64
2025-03-16 11:56:37,221 - os.version - 10.0
2025-03-16 11:56:37,221 - java.version - 17.0.6
2025-03-16 11:56:37,221 - java.vendor - Eclipse Adoptium
2025-03-16 11:56:37,221 - java.vendor.url - https://adoptium.net/
2025-03-16 11:56:37,221 - java.home - C:\ProgramData\chocolatey\lib\SpringToolSuite\tools\sts-4.17.2.RELEASE\plugins\org.eclipse.justj.openjdk.hotspot.jre.full.win32.x86_64_17.0.6.v20230125-1136\jre
2025-03-16 11:56:37,221 - java.vm.specification.name - Java Virtual Machine Specification
2025-03-16 11:56:37,221 - java.vm.specification.vendor - Oracle Corporation
2025-03-16 11:56:37,221 - java.vm.specification.version - 17
2025-03-16 11:56:37,221 - java.class.path - C:\ProgramData\chocolatey\lib\SpringToolSuite\tools\sts-4.17.2.RELEASE\\plugins/org.eclipse.equinox.launcher_1.6.400.v20210924-0641.jar
2025-03-16 11:56:37,221 - java.library.path - C:\ProgramData\chocolatey\lib\SpringToolSuite\tools\sts-4.17.2.RELEASE;C:\WINDOWS\Sun\Java\bin;C:\WINDOWS\system32;C:\WINDOWS;C:\Program Files\Microsoft MPI\Bin\;C:\Program Files\Microsoft\jdk-11.0.16.101-hotspot\bin;C:\Program Files\Common Files\Oracle\Java\javapath;C:\Program Files (x86)\Common Files\Oracle\Java\java8path;C:\Program Files (x86)\Common Files\Oracle\Java\javapath;C:\app\ASUS\product\21c\dbhomeXE\bin;C:\Program Files (x86)\VMware\VMware Player\bin\;C:\Users\ASUS\AppData\Local\Microsoft\WindowsApps;C:\Users\ASUS\AppData\Local\Programs\Microsoft VS Code\bin;C:\Program Files\JetBrains\PhpStorm 2022.2.3\bin;C:\Users\ASUS\AppData\Roaming\npm;C:\Users\ASUS\AppData\Roaming\Composer\vendor\bin;C:\Program Files\PostgreSQL\14\bin;C:\Program Files\Java\jdk-19\bin;C:\Program Files\Microsoft SQL Server\Client SDK\ODBC\170\Tools\Binn\;C:\Program Files\Java\jdk-19\bin;C:\src\flutter\bin\cache\dart-sdk\bin;C:\Users\ASUS\AppData\Local\Pub\Cache\bin;%JRE_HOME%\bin;C:\Users\ASUS\AppData\Local\Programs\Python\Python311;C:\composer;C:\Program Files (x86)\Microsoft SQL Server\160\Tools\Binn\;C:\Program Files\Microsoft SQL Server\160\Tool;C:\Program Files\nodejs\;C:\Program Files\Docker\Docker\resources\bin;C:\Program Files\Java\maven\apache-maven-3.8.6\bin;C:\Program Files\Microsoft MPI\Bin\;C:\Program Files\Microsoft\jdk-11.0.16.101-hotspot\bin;C:\Program Files\Common Files\Oracle\Java\javapath;C:\Program Files (x86)\Common Files\Oracle\Java\java8path;C:\Program Files (x86)\Common Files\Oracle\Java\javapath;C:\app\ASUS\product\21c\dbhomeXE\bin;C:\Program Files (x86)\VMware\VMware Player\bin\;C:\Users\ASUS\AppData\Local\Microsoft\WindowsApps;C:\Users\ASUS\AppData\Local\Programs\Microsoft VS Code\bin;C:\Program Files\JetBrains\PhpStorm 2022.2.3\bin;C:\Users\ASUS\AppData\Roaming\npm;C:\Users\ASUS\AppData\Roaming\Composer\vendor\bin;C:\Program Files\PostgreSQL\14\bin;C:\Program Files\Java\jdk-19\bin;C:\Program Files\Microsoft SQL Server\Client SDK\ODBC\170\Tools\Binn\;C:\Program Files\Java\jdk-19\bin;C:\src\flutter\bin\cache\dart-sdk\bin;C:\Users\ASUS\AppData\Local\Pub\Cache\bin;%JRE_HOME%\bin;C:\Users\ASUS\AppData\Local\Programs\Python\Python311;C:\composer;C:\Program Files (x86)\Microsoft SQL Server\160\Tools\Binn\;C:\Program Files\Microsoft SQL Server\160\Tool;C:\Program Files\\Elastic\Beats\8.17.0\metricbeat;C:\Users\ASUS\.lmstudio\bin;;.
2025-03-16 11:56:37,221 - --------------------------------------
2025-03-16 11:56:37,221 - ## Eclipse Plug-ins Log Information ##
2025-03-16 11:56:37,221 - --------------------------------------
2025-03-16 11:56:37,243 - org.tigris.subversion.subclipse.core - 4.3.4.202306191346
2025-03-16 11:56:37,247 - org.tigris.subversion.subclipse.ui - 4.3.4.202306191346
2025-03-16 11:56:37,247 - com.collabnet.subversion.merge - 4.2.0.1
2025-03-16 11:56:37,247 - org.tigris.subversion.clientadapter - 1.10.0
2025-03-16 11:56:37,263 - org.eclipse.andmore.hierarchyviewer - 0.5.1.201701251432
2025-03-16 11:56:37,273 - org.eclipse.sequoyah.device.backward - 2.1.0.N20120718-0509
2025-03-16 11:56:37,273 - org.eclipse.sequoyah.device.framework - 2.1.0.N20120718-0509
2025-03-16 11:56:37,277 - org.eclipse.sequoyah.device.framework.ui - 2.1.0.N20120718-0509
2025-03-16 11:56:37,277 - org.eclipse.sequoyah.device.service.start - 2.1.0.N20120718-0509
2025-03-16 11:56:37,283 - org.eclipse.sequoyah.device.service.stop - 2.1.0.N20120718-0509
2025-03-16 11:56:37,283 - org.eclipse.sequoyah.device.framework.wizard - 2.1.0.N20120718-0509
2025-03-16 11:56:37,295 - org.eclipse.cdt.managedbuilder.gnu.ui - 8.5.0.202211211546
2025-03-16 11:56:37,297 - org.eclipse.cdt.build.gcc.core - 2.0.0.202211181555
2025-03-16 11:56:37,300 - org.eclipse.cdt.build.gcc.ui - 1.2.0.202211062329
2025-03-16 11:56:37,315 - org.eclipse.gef - 3.16.0.202311222042
2025-03-16 11:56:37,330 - org.eclipse.cdt - 11.0.0.202211062329
2025-03-16 11:56:37,332 - org.eclipse.cdt.core - 8.0.0.202211292120
2025-03-16 11:56:37,334 - org.eclipse.cdt.codan.core - 4.2.0.202211062329
2025-03-16 11:56:37,340 - org.eclipse.cdt.codan.ui - 3.5.0.202211062329
2025-03-16 11:56:37,346 - org.eclipse.cdt.codan.core.cxx - 3.6.0.202211062329
2025-03-16 11:56:37,351 - org.eclipse.cdt.codan.ui.cxx - 3.7.0.202211101937
2025-03-16 11:56:37,354 - org.eclipse.cdt.codan.checkers - 3.5.0.202211062329
2025-03-16 11:56:37,354 - org.eclipse.cdt.codan.checkers.ui - 3.4.0.202211062329
2025-03-16 11:56:37,359 - org.eclipse.cdt.debug.core - 8.8.0.202211072232
2025-03-16 11:56:37,365 - org.eclipse.cdt.debug.ui - 8.5.0.202211100047
2025-03-16 11:56:37,366 - org.eclipse.cdt.make.core - 7.6.0.202211062329
2025-03-16 11:56:37,368 - org.eclipse.cdt.make.ui - 8.2.0.202211062329
2025-03-16 11:56:37,368 - org.eclipse.cdt.managedbuilder.core - 9.5.0.202211211546
2025-03-16 11:56:37,371 - org.eclipse.cdt.managedbuilder.headlessbuilderapp - 1.1.0.202211062329
2025-03-16 11:56:37,372 - org.eclipse.cdt.managedbuilder.ui - 9.4.0.202211211546
2025-03-16 11:56:37,376 - org.eclipse.cdt.ui - 8.0.0.202211292120
2025-03-16 11:56:37,378 - org.eclipse.cdt.doc.user - 5.5.0.202211211546
2025-03-16 11:56:37,380 - org.eclipse.cdt.dsf - 2.12.0.202211062329
2025-03-16 11:56:37,382 - org.eclipse.cdt.dsf.ui - 2.7.0.202211062329
2025-03-16 11:56:37,388 - org.eclipse.cdt.flatpak.launcher - 1.1.0.202211062329
2025-03-16 11:56:37,392 - org.eclipse.cdt.native.serial - 1.3.0.202211300214
2025-03-16 11:56:37,392 - org.eclipse.cdt.platform.branding - 11.0.0.202211062329
2025-03-16 11:56:37,406 - javax.persistence - 2.2.1.v201807122140
2025-03-16 11:56:37,408 - org.eclipse.jpt.jpa.annotate - 1.0.101.v201902121834
2025-03-16 11:56:37,414 - org.eclipse.jpt.jpa.core - 3.6.1.v202301061019
2025-03-16 11:56:37,414 - org.eclipse.jpt.jpa.db - 2.2.201.v202301061019
2025-03-16 11:56:37,416 - org.eclipse.jpt.jpa.db.ui - 2.1.201.v201902121834
2025-03-16 11:56:37,419 - org.eclipse.jpt.jpa.gen - 2.3.201.v202301061019
2025-03-16 11:56:37,426 - org.eclipse.jpt.jpa.ui - 3.6.100.v202305092307
2025-03-16 11:56:37,428 - org.eclipse.jpt.doc.user - 3.2.101.v201902121834
2025-03-16 11:56:37,430 - org.eclipse.persistence.jpa.jpql - 2.7.3.v20180807-4be1041
2025-03-16 11:56:37,433 - org.apache.commons.collections - 3.2.2.v20220405-1659
2025-03-16 11:56:37,435 - org.apache.commons.lang - 2.6.0.v20220406-2305
2025-03-16 11:56:37,443 - org.apache.velocity - 1.5.0.v200905192330
2025-03-16 11:56:37,443 - org.jdom - 1.1.1.v201101151400
2025-03-16 11:56:37,445 - org.eclipse.jpt.jpa.branding - 3.4.1.v201902121834
2025-03-16 11:56:37,465 - org.sonarlint.eclipse.core - 7.13.0.80073
2025-03-16 11:56:37,469 - org.sonarlint.eclipse.ui - 7.13.0.80073
2025-03-16 11:56:37,472 - org.sonarsource.sonarlint.core.sonarlint-core-osgi - 9.0.0.74282
2025-03-16 11:56:37,473 - org.sonarlint.eclipse.cdt - 7.13.0.80073
2025-03-16 11:56:37,475 - org.sonarlint.eclipse.jdt - 7.13.0.80073
2025-03-16 11:56:37,475 - org.sonarlint.eclipse.m2e - 7.13.0.80073
2025-03-16 11:56:37,477 - org.jetbrains.kotlin.osgi-bundle - 1.6.21
2025-03-16 11:56:37,485 - org.slf4j.api - 1.7.30.v20221112-0806
2025-03-16 11:56:37,496 - org.eclipse.emf.codegen.ui - 2.23.0.v20210412-0833
2025-03-16 11:56:37,509 - org.eclipse.datatools.enablement.sqlite - 1.3.0.202305310959
2025-03-16 11:56:37,515 - org.eclipse.datatools.enablement.sqlite.dbdefinition - 1.3.0.202305310959
2025-03-16 11:56:37,517 - org.eclipse.datatools.enablement.sqlite.ui - 1.3.0.202305310959
2025-03-16 11:56:37,521 - org.eclipse.datatools.enablement.finfo - 1.8.0.202305310959
2025-03-16 11:56:37,544 - org.eclipse.jpt.common.utility - 2.4.1.v202301061019
2025-03-16 11:56:37,546 - org.eclipse.jpt.common.core - 1.5.1.v202301061019
2025-03-16 11:56:37,546 - org.eclipse.jpt.common.ui - 1.4.201.v202301061019
2025-03-16 11:56:37,557 - org.eclipse.jpt.common.branding - 1.4.1.v201902121834
2025-03-16 11:56:37,566 - jsonedit-core - 1.1.3
2025-03-16 11:56:37,566 - jsonedit-folding - 1.1.3
2025-03-16 11:56:37,568 - jsonedit-model - 1.1.3
2025-03-16 11:56:37,568 - jsonedit-outline - 1.1.3
2025-03-16 11:56:37,568 - jsonedit-preferences - 1.1.3
2025-03-16 11:56:37,570 - jsonedit-text - 1.1.3
2025-03-16 11:56:37,570 - jsonedit-editor - 1.1.3
2025-03-16 11:56:37,607 - org.eclipse.emf.converter - 2.11.0.v20220706-1313
2025-03-16 11:56:37,610 - org.eclipse.emf.importer - 2.12.0.v20190321-1539
2025-03-16 11:56:37,612 - org.eclipse.emf.exporter - 2.10.0.v20190321-1530
2025-03-16 11:56:37,616 - org.eclipse.emf.importer.ecore - 2.10.0.v20200324-0723
2025-03-16 11:56:37,616 - org.eclipse.emf.importer.java - 2.11.0.v20200324-0723
2025-03-16 11:56:37,620 - org.eclipse.emf.importer.rose - 2.11.0.v20210405-0904
2025-03-16 11:56:37,637 - org.eclipse.emf.edit.ui - 2.22.0.v20220619-0533
2025-03-16 11:56:37,659 - org.eclipse.persistence.moxy - 2.7.3.v20180807-4be1041
2025-03-16 11:56:37,661 - org.eclipse.jpt.jaxb.eclipselink.core - 1.3.201.v201902121834
2025-03-16 11:56:37,661 - org.eclipse.jpt.jaxb.eclipselink.ui - 1.4.201.v201902121834
2025-03-16 11:56:37,670 - org.eclipse.jpt.jaxb.eclipselink.core.schemagen - 1.2.202.v202104080213
2025-03-16 11:56:37,672 - org.eclipse.jpt.jaxb.eclipselink.branding - 1.4.101.v201902121834
2025-03-16 11:56:37,710 - de.anbos.eclipse.easyshell.plugin - 2.3.0.v20230630-1658
2025-03-16 11:56:37,744 - org.eclipse.sequoyah.vnc.vncviewer.vncviews - 2.1.0.N20120718-0509
2025-03-16 11:56:37,752 - org.jdom - 1.1.1.v201101151400
2025-03-16 11:56:37,752 - org.eclipse.jst.ws.cxf.consumption.core - 1.0.400.v201902162149
2025-03-16 11:56:37,754 - org.eclipse.jst.ws.cxf.consumption.ui - 1.0.500.v201910301957
2025-03-16 11:56:37,759 - org.eclipse.jst.ws.cxf.core - 1.1.600.v202107101953
2025-03-16 11:56:37,760 - org.eclipse.jst.ws.cxf.creation.core - 1.0.500.v201902162149
2025-03-16 11:56:37,762 - org.eclipse.jst.ws.cxf.creation.ui - 1.0.400.v201910301957
2025-03-16 11:56:37,762 - org.eclipse.jst.ws.cxf.ui - 1.0.500.v202104210249
2025-03-16 11:56:37,764 - javax.wsdl - 1.6.2.v201012040545
2025-03-16 11:56:37,766 - javax.jws - 2.0.0.v201005080400
2025-03-16 11:56:37,769 - jakarta.xml.bind - 2.3.3.v20221203-1659
2025-03-16 11:56:37,771 - javax.xml.stream - 1.0.1.v201004272200
2025-03-16 11:56:37,782 - javax.xml.ws - 2.1.0.v200902101523
2025-03-16 11:56:37,792 - org.eclipse.datatools.sqltools.common.ui - 1.3.0.202311071249
2025-03-16 11:56:37,795 - org.eclipse.datatools.sqltools.debugger.core - 1.3.0.202311071249
2025-03-16 11:56:37,795 - org.eclipse.datatools.sqltools.editor.core - 1.3.0.202311071249
2025-03-16 11:56:37,797 - org.eclipse.datatools.sqltools.plan - 1.3.0.202311071249
2025-03-16 11:56:37,801 - org.eclipse.datatools.sqltools.routineeditor - 1.3.0.202311071249
2025-03-16 11:56:37,801 - org.eclipse.datatools.sqltools.sql - 1.3.0.202311071249
2025-03-16 11:56:37,802 - org.eclipse.datatools.sqltools.sqleditor - 1.3.0.202311071249
2025-03-16 11:56:37,804 - org.eclipse.datatools.sqltools.sqlscrapbook - 1.3.0.202311071249
2025-03-16 11:56:37,804 - org.eclipse.datatools.help - 1.8.0.202311071249
2025-03-16 11:56:37,804 - org.eclipse.datatools.sqltools.db.generic - 1.3.0.202311071249
2025-03-16 11:56:37,808 - org.eclipse.datatools.sqltools.debugger.core.ui - 1.3.0.202311071249
2025-03-16 11:56:37,810 - org.eclipse.datatools.sqltools.editor.core.ui - 1.3.0.202311071249
2025-03-16 11:56:37,815 - org.eclipse.datatools.sqltools.result.ui - 1.4.0.202311071249
2025-03-16 11:56:37,817 - org.eclipse.datatools.sqltools.routineeditor.ui - 1.3.0.202311071249
2025-03-16 11:56:37,818 - org.eclipse.datatools.sqltools.sql.ui - 1.3.0.202311071249
2025-03-16 11:56:37,867 - org.eclipse.m2e.wtp.jsf - 1.6.0.20230118-0812
2025-03-16 11:56:37,893 - org.objectweb.asm - 9.6
2025-03-16 11:56:37,893 - org.eclipse.andmore - 0.5.1.201701251432
2025-03-16 11:56:37,895 - org.eclipse.andmore.base - 0.5.1.201701251432
2025-03-16 11:56:37,897 - org.eclipse.andmore.ddms - 0.5.1.201701251432
2025-03-16 11:56:37,897 - org.eclipse.andmore.overlay - 0.5.1.201701251432
2025-03-16 11:56:37,899 - org.apache.commons.codec - 1.14.0.v20221112-0806
2025-03-16 11:56:37,905 - org.apache.commons.compress - 1.21.0.v20211103-2100
2025-03-16 11:56:37,907 - org.apache.httpcomponents.httpclient - 4.5.13.v20221112-0806
2025-03-16 11:56:37,909 - org.apache.httpcomponents.httpcore - 4.4.15.v20220209-2345
2025-03-16 11:56:37,925 - org.eclipse.datatools.modelbase.dbdefinition - 1.3.0.202305310959
2025-03-16 11:56:37,929 - org.eclipse.datatools.modelbase.sql.edit - 1.3.0.202305310959
2025-03-16 11:56:37,931 - org.eclipse.datatools.modelbase.sql.query - 1.4.0.202305310959
2025-03-16 11:56:37,940 - org.eclipse.datatools.modelbase.sql.query.edit - 1.3.0.202305310959
2025-03-16 11:56:37,942 - org.eclipse.datatools.modelbase.sql.xml.query - 1.3.0.202305310959
2025-03-16 11:56:37,947 - org.eclipse.datatools.modelbase.sql - 1.3.0.202305310959
2025-03-16 11:56:37,955 - org.eclipse.emf.mapping - 2.12.0.v20181104-0733
2025-03-16 11:56:38,013 - org.eclipse.jpt.jaxb.core - 1.4.101.v201902121834
2025-03-16 11:56:38,022 - org.eclipse.jpt.jaxb.core.schemagen - 1.1.202.v202104080213
2025-03-16 11:56:38,027 - org.eclipse.jpt.jaxb.ui - 1.5.200.v202301061019
2025-03-16 11:56:38,039 - org.eclipse.jpt.jaxb.branding - 1.4.1.v201902121834
2025-03-16 11:56:38,056 - org.eclipse.emf.mapping.ecore.editor - 2.8.0.v20180706-1146
2025-03-16 11:56:38,060 - org.eclipse.emf.mapping.ecore2ecore.editor - 2.10.0.v20181104-0733
2025-03-16 11:56:38,066 - org.eclipse.emf.mapping.ecore2xml.ui - 2.12.0.v20190528-0725
2025-03-16 11:56:38,081 - org.eclipse.datatools.enablement.finfo - 1.8.0.202305310959
2025-03-16 11:56:38,095 - org.eclipse.datatools.sqltools.db.derby.ui - 1.3.0.202305310959
2025-03-16 11:56:38,096 - org.eclipse.datatools.sqltools.db.generic.ui - 1.3.0.202305310959
2025-03-16 11:56:38,108 - org.eclipse.jst.ws.axis2.core - 1.0.300.v201903050508
2025-03-16 11:56:38,111 - org.eclipse.jst.ws.axis2.ui - 1.0.400.v201903050508
2025-03-16 11:56:38,112 - org.eclipse.jst.ws.axis2.consumption.core - 1.0.200.v201903050508
2025-03-16 11:56:38,115 - org.eclipse.jst.ws.axis2.consumption.ui - 1.0.200.v201903050508
2025-03-16 11:56:38,116 - org.eclipse.jst.ws.axis2.creation.core - 1.0.200.v201903050508
2025-03-16 11:56:38,117 - org.eclipse.jst.ws.axis2.creation.ui - 1.0.200.v201903050508
2025-03-16 11:56:38,121 - org.eclipse.jst.ws.axis2.ui.doc.user - 1.0.200.v201903222115
2025-03-16 11:56:38,155 - org.testng.eclipse - 7.8.0.202308061717
2025-03-16 11:56:38,195 - org.eclipse.emf.ecore.edit - 2.13.0.v20190822-1451
2025-03-16 11:56:38,197 - org.eclipse.emf.ecore.change.edit - 2.8.0.v20180706-1146
2025-03-16 11:56:38,206 - org.eclipse.sequoyah.vnc.protocol - 2.1.0.N20120718-0509
2025-03-16 11:56:38,214 - org.eclipse.persistence.antlr - 3.5.2.v201711011707
2025-03-16 11:56:38,217 - org.eclipse.persistence.asm - 6.2.0.v201808041549
2025-03-16 11:56:38,221 - org.eclipse.persistence.core - 2.7.3.v20180807-4be1041
2025-03-16 11:56:38,231 - org.eclipse.persistence.jpa - 2.7.3.v20180807-4be1041
2025-03-16 11:56:38,232 - org.eclipse.jpt.jpa.eclipselink.core - 2.4.101.v201902121834
2025-03-16 11:56:38,235 - org.eclipse.jpt.jpa.eclipselink.ui - 2.4.101.v202301061019
2025-03-16 11:56:38,236 - org.eclipse.jpt.jpa.eclipselink.core.ddlgen - 2.2.201.v201902121834
2025-03-16 11:56:38,242 - org.eclipse.jpt.jpa.eclipselink.branding - 3.4.1.v201902121834
2025-03-16 11:56:38,271 - org.eclipse.emf.mapping.ecore - 2.8.0.v20180706-1146
2025-03-16 11:56:38,278 - org.eclipse.emf.mapping.ecore2ecore - 2.11.0.v20180706-1146
2025-03-16 11:56:38,283 - org.eclipse.emf.mapping.ecore2xml - 2.11.0.v20180706-1146
2025-03-16 11:56:38,298 - org.eclipse.andmore.traceview - 0.5.1.201701251432
2025-03-16 11:56:38,314 - org.eclipse.m2e.wtp.jpa - 1.6.0.20230118-0812
2025-03-16 11:56:38,344 - org.eclipse.sequoyah.localization.android - 2.1.0.N20120718-0509
2025-03-16 11:56:38,349 - org.eclipse.sequoyah.localization.android.help - 2.1.1.N20120718-0509
2025-03-16 11:56:38,416 - org.eclipse.emf.codegen - 2.22.0.v20210420-0623
2025-03-16 11:56:38,469 - org.eclipse.wst.sse.ui - 1.7.600.v202211200019
2025-03-16 11:56:38,478 - org.eclipse.wst.xml.ui - 1.2.700.v202305221615
2025-03-16 11:56:38,496 - org.eclipse.emf - 2.8.0.v20180706-1146
2025-03-16 11:56:38,509 - org.eclipse.datatools.doc.user - 1.15.0.202311071249
2025-03-16 11:56:38,509 - org.eclipse.datatools.oda.cshelp - 1.5.0.202311071249
2025-03-16 11:56:38,509 - org.eclipse.datatools.help - 1.8.0.202311071249
2025-03-16 11:56:38,522 - org.eclipse.jst.ws.jaxws.core - 1.0.600.v202104210249
2025-03-16 11:56:38,524 - org.eclipse.jst.ws.jaxws.ui - 1.0.600.v202008101342
2025-03-16 11:56:38,524 - javax.xml.ws - 2.1.0.v200902101523
2025-03-16 11:56:38,524 - javax.jws - 2.0.0.v201005080400
2025-03-16 11:56:38,526 - org.eclipse.jst.ws.annotations.core - 1.2.200.v202008101342
2025-03-16 11:56:38,526 - jakarta.xml.bind - 2.3.3.v20221203-1659
2025-03-16 11:56:38,526 - javax.xml.stream - 1.0.1.v201004272200
2025-03-16 11:56:38,531 - org.eclipse.jst.ws.jaxb.core - 1.0.200.v201902162203
2025-03-16 11:56:38,531 - javax.wsdl - 1.6.2.v201012040545
2025-03-16 11:56:38,531 - org.jdom - 1.1.1.v201101151400
2025-03-16 11:56:38,569 - org.contextmapper.dsl - 6.11.0
2025-03-16 11:56:38,587 - org.contextmapper.dsl.ide - 6.11.0
2025-03-16 11:56:38,589 - org.contextmapper.dsl.ui - 6.11.0
2025-03-16 11:56:38,600 - org.eclipse.draw2d - 3.14.100.202311222042
2025-03-16 11:56:38,629 - org.tigris.subversion.clientadapter.svnkit - 1.8.12.3
2025-03-16 11:56:38,709 - org.eclipse.emf.edit - 2.17.0.v20220201-1551
2025-03-16 11:56:38,797 - edu.umd.cs.findbugs.plugin.eclipse - 3.0.1.20150306-5afe4d1
2025-03-16 11:56:39,100 - com.github.spotbugs.plugin.eclipse - 4.7.3.r202210170504-fa9e53a
2025-03-16 11:56:39,132 - org.eclipse.wst.json.ui - 1.0.700.v202305221615
2025-03-16 11:56:39,132 - org.eclipse.wst.json.bower.ui - 1.0.300.v202305221615
2025-03-16 11:56:39,137 - org.eclipse.wst.json.eslint.ui - 1.0.300.v202305221615
2025-03-16 11:56:39,139 - org.eclipse.wst.json.jshint.ui - 1.0.300.v202305221615
2025-03-16 11:56:39,139 - org.eclipse.wst.json.npm.ui - 1.0.200.v202305221615
2025-03-16 11:56:39,161 - org.eclipse.emf.databinding.edit - 1.7.0.v20210113-0340
2025-03-16 11:56:39,196 - org.eclipse.emf.codegen.ecore - 2.32.0.v20221121-1400
2025-03-16 11:56:39,199 - org.eclipse.emf.ant - 2.11.0.v20200324-0723
2025-03-16 11:56:39,222 - org.eclipse.andmore.ndk - 0.5.1.201701251432
2025-03-16 11:56:39,231 - org.eclipse.andmore.gldebugger - 0.5.1.201701251432
2025-03-16 11:56:39,246 - com.amashchenko.eclipse.strutsclipse.tiles - 1.5.0.201803051747
2025-03-16 11:56:39,272 - com.amashchenko.eclipse.strutsclipse.plugin - 1.5.0.201803051747
2025-03-16 11:56:39,292 - org.eclipse.andmore.android.certmanager - 0.5.1.201701251432
2025-03-16 11:56:39,303 - net.mihai-nita.ansicon.plugin - 1.4.8.202208270854
2025-03-16 11:56:39,315 - org.eclipse.cdt.gdb - 7.2.0.202211062329
2025-03-16 11:56:39,321 - org.eclipse.cdt.gdb.ui - 7.2.0.202211062329
2025-03-16 11:56:39,343 - org.eclipse.sequoyah.localization.tools - 2.1.0.N20120718-0509
2025-03-16 11:56:39,350 - org.eclipse.sequoyah.localization.editor - 2.1.0.N20120718-0509
2025-03-16 11:56:39,392 - org.eclipse.m2e.wtp.jaxrs - 1.6.0.20230118-0812
2025-03-16 11:56:39,402 - org.eclipse.datatools.sqltools.sql - 1.3.0.202311071249
2025-03-16 11:56:39,402 - org.eclipse.datatools.sqltools.common.ui - 1.3.0.202311071249
2025-03-16 11:56:39,402 - org.eclipse.datatools.sqltools.plan - 1.3.0.202311071249
2025-03-16 11:56:39,402 - org.eclipse.datatools.sqltools.editor.core - 1.3.0.202311071249
2025-03-16 11:56:39,402 - org.eclipse.datatools.sqltools.sqleditor - 1.3.0.202311071249
2025-03-16 11:56:39,402 - org.eclipse.datatools.sqltools.ddlgen.ui - 1.3.0.202311071249
2025-03-16 11:56:39,409 - org.eclipse.datatools.connectivity.db.generic - 1.3.0.202311071249
2025-03-16 11:56:39,409 - org.eclipse.datatools.sqltools.editor.core.ui - 1.3.0.202311071249
2025-03-16 11:56:39,409 - org.eclipse.datatools.sqltools.sql.ui - 1.3.0.202311071249
2025-03-16 11:56:39,427 - org.eclipse.cdt.dsf.gdb - 7.0.0.202211221643
2025-03-16 11:56:39,430 - org.eclipse.cdt.dsf.gdb.ui - 2.8.0.202211062329
2025-03-16 11:56:39,450 - org.eclipse.emf.common.ui - 2.20.0.v20220226-1304
2025-03-16 11:56:39,484 - org.eclipse.sequoyah.device.common.utilities - 2.1.0.N20120718-0509
2025-03-16 11:56:39,517 - org.eclipse.andmore.android.common - 0.5.1.201701251432
2025-03-16 11:56:39,523 - org.eclipse.andmore.android.codeutils - 0.5.1.201701251432
2025-03-16 11:56:39,524 - org.eclipse.andmore.android.translation - 0.5.1.201701251432
2025-03-16 11:56:39,541 - org.eclipse.andmore.android.codesnippets - 0.5.1.201701251432
2025-03-16 11:56:39,543 - org.eclipse.andmore.android.db.core - 0.5.1.201701251432
2025-03-16 11:56:39,544 - org.eclipse.andmore.android.logger - 0.5.1.201701251432
2025-03-16 11:56:39,550 - org.eclipse.andmore.android - 0.5.1.201701251432
2025-03-16 11:56:39,566 - org.eclipse.andmore.android.emulator - 0.5.1.201701251432
2025-03-16 11:56:39,566 - org.eclipse.andmore.android.launch - 0.5.1.201701251432
2025-03-16 11:56:39,571 - org.eclipse.andmore.android.packaging.ui - 0.5.1.201701251432
2025-03-16 11:56:39,571 - org.eclipse.andmore.android.handset - 0.5.1.201701251432
2025-03-16 11:56:39,573 - org.eclipse.andmore.android.remote - 0.5.1.201701251432
2025-03-16 11:56:39,573 - org.eclipse.andmore.android.win32.x86_64 - 0.5.1.201701251432
2025-03-16 11:56:39,579 - org.eclipse.andmore.android.mat - 0.5.1.201701251432
2025-03-16 11:56:39,579 - org.eclipse.andmore.android.devices.services - 0.5.1.201701251432
2025-03-16 11:56:39,586 - org.eclipse.andmore.android.db.devices - 0.5.1.201701251432
2025-03-16 11:56:39,588 - org.eclipse.andmore.android.installer - 0.5.1.201701251432
2025-03-16 11:56:39,588 - org.eclipse.andmore.android.logger.collector - 0.5.1.201701251432
2025-03-16 11:56:39,626 - org.eclipse.emf.mapping.ui - 2.10.0.v20181104-0733
2025-03-16 11:56:39,642 - net.sf.eclipsecs.branding - 10.9.3.202308241720
2025-03-16 11:56:39,642 - net.sf.eclipsecs.core - 10.9.3.202308242329
2025-03-16 11:56:39,647 - net.sf.eclipsecs.doc - 10.9.3.202308241720
2025-03-16 11:56:39,677 - net.sf.eclipsecs.checkstyle - 10.9.3.202308242329
2025-03-16 11:56:39,681 - net.sf.eclipsecs.ui - 10.9.3.202308241720
2025-03-16 11:56:39,710 - org.eclipse.sequoyah.vnc.vncviewer - 2.1.0.N20120718-0509
2025-03-16 11:56:39,737 - org.eclipse.emf.codegen.ecore.ui - 2.32.0.v20220925-1245
2025-03-16 11:56:39,765 - org.eclipse.emf.ecore.editor - 2.17.0.v20190528-0725
2025-03-16 11:56:39,795 - org.eclipse.jpt.common.eclipselink.core - 1.3.400.v202208190239
2025-03-16 11:56:39,795 - org.eclipse.jpt.common.eclipselink.branding - 1.3.101.v201902121834
2025-03-16 11:56:39,807 - org.tigris.subversion.subclipse.graph - 4.2.0.1
2025-03-16 11:56:39,827 - org.eclipse.emf.databinding - 1.6.0.v20220517-0824
2025-03-16 11:56:39,879 - org.eclipse.datatools.connectivity.sqm.core.ui - 1.5.0.202311071249
2025-03-16 11:56:39,903 - org.eclipse.datatools.connectivity.sqm.core - 1.6.0.202311071345
2025-03-16 11:56:39,914 - org.eclipse.datatools.connectivity.sqm.server.ui - 1.4.0.202311071249
2025-03-16 11:56:39,916 - org.eclipse.datatools.connectivity.ui.dse - 1.4.0.202311071249
2025-03-16 11:56:39,917 - org.eclipse.datatools.connectivity.ui - 1.5.0.202311071249
2025-03-16 11:56:39,917 - org.eclipse.datatools.connectivity - 1.15.0.202311071249
2025-03-16 11:56:39,917 - org.eclipse.datatools.help - 1.8.0.202311071249
2025-03-16 11:56:39,919 - org.eclipse.datatools.connectivity.console.profile - 1.3.0.202311071249
2025-03-16 11:56:39,964 - org.eclipse.cdt.core.native - 6.3.0.202211062329
2025-03-16 11:56:39,965 - org.eclipse.cdt.core.win32 - 6.1.0.202211062329
2025-03-16 11:56:39,970 - org.eclipse.cdt.core.win32.x86_64 - 6.1.0.202211300214
2025-03-16 11:56:39,970 - org.eclipse.cdt.native.serial - 1.3.0.202211300214
2025-03-16 11:56:39,988 - org.eclipse.cdt.launch - 10.4.0.202211062329
2025-03-16 11:56:40,031 - javax.el - 2.2.0.v201303151357
2025-03-16 11:56:40,033 - jakarta.servlet-api - 4.0.0
2025-03-16 11:56:40,054 - javax.servlet.jsp-api - 2.3.3
2025-03-16 11:56:40,060 - com.sun.el - 2.2.0.v201303151357
2025-03-16 11:56:40,074 - org.apache.jasper.glassfish - 2.2.2.v201501141630
2025-03-16 11:56:40,100 - org.apache.lucene.analyzers-common - 8.4.1.v20221112-0806
2025-03-16 11:56:40,135 - org.apache.lucene.core - 9.7.0.v20230703-0758
2025-03-16 11:56:40,140 - org.apache.lucene.analyzers-smartcn - 8.4.1.v20221112-0806
2025-03-16 11:56:40,140 - org.eclipse.equinox.http.jetty - 3.8.200.v20221109-0702
2025-03-16 11:56:40,151 - org.eclipse.equinox.http.registry - 1.3.200.v20220720-2012
2025-03-16 11:56:40,159 - org.eclipse.equinox.http.servlet - 1.7.400.v20221006-1531
2025-03-16 11:56:40,162 - org.eclipse.equinox.jsp.jasper - 1.1.700.v20220801-1124
2025-03-16 11:56:40,182 - org.eclipse.equinox.jsp.jasper.registry - 1.2.100.v20211021-1418
2025-03-16 11:56:40,184 - org.eclipse.help.base - 4.3.900.v20221123-1800
2025-03-16 11:56:40,210 - org.eclipse.help.ui - 4.4.100.v20220619-1918
2025-03-16 11:56:40,210 - org.eclipse.help.webapp - 3.10.900.v20221103-0933
2025-03-16 11:56:40,213 - org.eclipse.jetty.http - 10.0.12
2025-03-16 11:56:40,215 - org.eclipse.jetty.io - 10.0.12
2025-03-16 11:56:40,215 - org.eclipse.jetty.security - 10.0.12
2025-03-16 11:56:40,217 - org.eclipse.jetty.server - 10.0.12
2025-03-16 11:56:40,217 - org.eclipse.jetty.servlet - 10.0.12
2025-03-16 11:56:40,219 - org.eclipse.jetty.util - 10.0.12
2025-03-16 11:56:40,219 - org.eclipse.jetty.util.ajax - 10.0.12
2025-03-16 11:56:40,222 - org.eclipse.core.net - 1.4.0.v20220813-1037
2025-03-16 11:56:40,222 - org.eclipse.equinox.security - 1.3.1000.v20220801-1135
2025-03-16 11:56:40,234 - org.eclipse.egit.gitflow - 6.4.0.202211300538-r
2025-03-16 11:56:40,240 - org.eclipse.egit.gitflow.ui - 6.4.0.202211300538-r
2025-03-16 11:56:40,247 - org.eclipse.tm.terminal.connector.ssh - 4.8.0.202211062329
2025-03-16 11:56:40,260 - org.eclipse.mylyn.wikitext - 3.0.45.202211090110
2025-03-16 11:56:40,262 - org.eclipse.mylyn.wikitext.ant - 3.0.45.202211090110
2025-03-16 11:56:40,262 - org.eclipse.mylyn.wikitext.osgi - 3.0.45.202211090110
2025-03-16 11:56:40,264 - org.eclipse.mylyn.wikitext.asciidoc - 3.0.45.202211090110
2025-03-16 11:56:40,268 - org.eclipse.mylyn.wikitext.textile - 3.0.45.202211090110
2025-03-16 11:56:40,270 - org.eclipse.mylyn.wikitext.html - 3.0.45.202211090110
2025-03-16 11:56:40,272 - org.eclipse.mylyn.wikitext.markdown - 3.0.45.202211090110
2025-03-16 11:56:40,274 - org.eclipse.mylyn.wikitext.mediawiki - 3.0.45.202211090110
2025-03-16 11:56:40,274 - org.eclipse.mylyn.wikitext.confluence - 3.0.45.202211090110
2025-03-16 11:56:40,274 - org.eclipse.mylyn.wikitext.tracwiki - 3.0.45.202211090110
2025-03-16 11:56:40,276 - org.eclipse.mylyn.wikitext.twiki - 3.0.45.202211090110
2025-03-16 11:56:40,279 - org.eclipse.mylyn.wikitext.ui - 3.0.45.202211090110
2025-03-16 11:56:40,279 - org.eclipse.mylyn.wikitext.help.ui - 3.0.45.202211090110
2025-03-16 11:56:40,282 - org.eclipse.mylyn.wikitext.asciidoc.ui - 3.0.45.202211090110
2025-03-16 11:56:40,284 - org.eclipse.mylyn.wikitext.textile.ui - 3.0.45.202211090110
2025-03-16 11:56:40,284 - org.eclipse.mylyn.wikitext.markdown.ui - 3.0.45.202211090110
2025-03-16 11:56:40,286 - org.eclipse.mylyn.wikitext.mediawiki.ui - 3.0.45.202211090110
2025-03-16 11:56:40,287 - org.eclipse.mylyn.wikitext.confluence.ui - 3.0.45.202211090110
2025-03-16 11:56:40,287 - org.eclipse.mylyn.wikitext.tracwiki.ui - 3.0.45.202211090110
2025-03-16 11:56:40,289 - org.eclipse.mylyn.wikitext.twiki.ui - 3.0.45.202211090110
2025-03-16 11:56:40,298 - org.eclipse.m2e.logback - 2.1.0.20221015-0744
2025-03-16 11:56:40,307 - org.eclipse.buildship.compat - 3.1.6.v20220511-1359
2025-03-16 11:56:40,308 - org.eclipse.buildship.core - 3.1.6.v20220511-1359
2025-03-16 11:56:40,308 - org.eclipse.buildship.ui - 3.1.6.v20220511-1359
2025-03-16 11:56:40,310 - org.eclipse.buildship.branding - 3.1.6.v20220511-1359
2025-03-16 11:56:40,321 - org.eclipse.egit.core - 6.4.0.202211300538-r
2025-03-16 11:56:40,323 - org.eclipse.egit.ui - 6.4.0.202211300538-r
2025-03-16 11:56:40,325 - org.eclipse.egit - 6.4.0.202211300538-r
2025-03-16 11:56:40,326 - org.eclipse.egit.doc - 6.4.0.202211300538-r
2025-03-16 11:56:40,336 - org.eclipse.justj.openjdk.hotspot.jre.full - 17.0.6.v20230125-1136
2025-03-16 11:56:40,342 - org.eclipse.justj.openjdk.hotspot.jre.full.win32.x86_64 - 17.0.6.v20230125-1136
2025-03-16 11:56:40,355 - org.eclipse.userstorage - 1.2.0.v20210517-0327
2025-03-16 11:56:40,356 - org.eclipse.userstorage.ui - 1.1.0.v20190307-0457
2025-03-16 11:56:40,356 - org.eclipse.userstorage.oauth - 1.1.0.v20190307-0457
2025-03-16 11:56:40,377 - org.eclipse.m2e.wtp - 1.5.2.20220906-1452
2025-03-16 11:56:40,377 - org.eclipse.m2e.wtp.overlay - 1.5.0.20220805-2025
2025-03-16 11:56:40,377 - org.eclipse.m2e.wtp.overlay.ui - 1.5.0.20220805-2025
2025-03-16 11:56:40,391 - org.eclipse.tm.terminal.view.core - 4.9.0.202211062329
2025-03-16 11:56:40,396 - org.eclipse.tm.terminal.view.ui - 4.11.0.202211062329
2025-03-16 11:56:40,415 - org.eclipse.jgit.http.apache - 6.4.0.202211300538-r
2025-03-16 11:56:40,468 - org.eclipse.m2e.archetype.common - 3.2.102.20221130-2149
2025-03-16 11:56:40,468 - org.eclipse.m2e.model.edit - 2.0.100.20221115-1709
2025-03-16 11:56:40,470 - org.eclipse.m2e.core - 2.0.5.20221128-1757
2025-03-16 11:56:40,471 - org.eclipse.m2e.launching - 2.0.2.20221122-2012
2025-03-16 11:56:40,472 - org.eclipse.m2e.workspace.cli - 0.3.1
2025-03-16 11:56:40,473 - org.eclipse.m2e.jdt - 2.0.4.20221130-2135
2025-03-16 11:56:40,475 - org.eclipse.m2e.editor - 2.0.2.20221115-1709
2025-03-16 11:56:40,479 - org.eclipse.m2e.maven.runtime - 3.8.604.20221130-2149
2025-03-16 11:56:40,481 - org.eclipse.m2e.refactoring - 2.0.2.20221115-1709
2025-03-16 11:56:40,485 - org.eclipse.m2e.discovery - 2.0.1.20221101-1753
2025-03-16 11:56:40,486 - org.eclipse.m2e.core.ui - 2.0.2.20221113-1617
2025-03-16 11:56:40,487 - org.eclipse.m2e.scm - 2.0.1.20221101-1753
2025-03-16 11:56:40,489 - org.eclipse.m2e.jdt.ui - 2.0.1.20221115-1709
2025-03-16 11:56:40,494 - org.eclipse.m2e.profiles.core - 2.1.0.20221110-1338
2025-03-16 11:56:40,496 - org.eclipse.m2e.profiles.ui - 2.0.1.20221101-1753
2025-03-16 11:56:40,497 - org.eclipse.m2e.sourcelookup - 2.0.1.20221118-1906
2025-03-16 11:56:40,497 - org.eclipse.m2e.sourcelookup.ui - 2.0.1.20221118-1906
2025-03-16 11:56:40,498 - org.eclipse.m2e.binaryproject - 2.1.0.20221115-1709
2025-03-16 11:56:40,500 - org.eclipse.m2e.binaryproject.ui - 2.0.0.20220705-1221
2025-03-16 11:56:40,502 - org.eclipse.m2e.apt.core - 2.0.2.20221020-0713
2025-03-16 11:56:40,504 - org.eclipse.m2e.apt.ui - 2.0.2.20221115-1709
2025-03-16 11:56:40,504 - org.eclipse.m2e.mavenarchiver - 2.0.2.20221115-1709
2025-03-16 11:56:40,516 - org.eclipse.help - 3.9.100.v20210721-0601
2025-03-16 11:56:40,520 - org.eclipse.ui - 3.201.200.v20221024-2137
2025-03-16 11:56:40,522 - org.eclipse.ui.workbench - 3.127.0.v20221024-2137
2025-03-16 11:56:40,524 - org.eclipse.update.configurator - 3.4.1000.v20221114-1512
2025-03-16 11:56:40,524 - org.eclipse.rcp - 4.26.0.v20221123-1800
2025-03-16 11:56:40,529 - com.ibm.icu - 74.1
2025-03-16 11:56:40,540 - org.eclipse.jgit.lfs - 6.4.0.202211300538-r
2025-03-16 11:56:40,540 - org.eclipse.jgit.lfs.server - 6.4.0.202211300538-r
2025-03-16 11:56:40,548 - org.eclipse.epp.mpc.core - 1.10.1.v20221110-1841
2025-03-16 11:56:40,548 - org.eclipse.epp.mpc.core.win32 - 1.10.1.v20221110-1841
2025-03-16 11:56:40,548 - org.eclipse.epp.mpc.ui - 1.10.1.v20221110-1841
2025-03-16 11:56:40,548 - org.eclipse.epp.mpc.ui.css - 1.10.1.v20221110-1841
2025-03-16 11:56:40,548 - org.eclipse.epp.mpc.help.ui - 1.10.1.v20221110-1841
2025-03-16 11:56:40,564 - org.eclipse.jgit.gpg.bc - 6.4.0.202211300538-r
2025-03-16 11:56:40,578 - org.eclipse.pde - 3.13.2100.v20221123-1800
2025-03-16 11:56:40,590 - org.eclipse.pde.build - 3.11.400.v20220923-1253
2025-03-16 11:56:40,592 - org.eclipse.pde.core - 3.16.0.v20221119-0340
2025-03-16 11:56:40,594 - org.eclipse.pde.junit.runtime - 3.6.200.v20220523-1051
2025-03-16 11:56:40,594 - org.eclipse.pde.runtime - 3.7.500.v20221012-2030
2025-03-16 11:56:40,602 - org.eclipse.pde.ui - 3.13.700.v20221114-1716
2025-03-16 11:56:40,606 - org.eclipse.pde.doc.user - 3.14.1800.v20221121-0559
2025-03-16 11:56:40,611 - org.eclipse.pde.ui.templates - 3.7.700.v20220802-1520
2025-03-16 11:56:40,612 - org.eclipse.pde.api.tools - 1.2.1100.v20221114-1728
2025-03-16 11:56:40,613 - org.eclipse.pde.api.tools.annotations - 1.1.500.v20220813-1730
2025-03-16 11:56:40,613 - org.eclipse.pde.api.tools.ui - 1.2.700.v20220329-0844
2025-03-16 11:56:40,615 - org.eclipse.pde.ds.core - 1.2.500.v20220411-2005
2025-03-16 11:56:40,615 - org.eclipse.pde.ds.ui - 1.2.300.v20220310-2159
2025-03-16 11:56:40,619 - org.eclipse.pde.launching - 3.10.200.v20221108-1157
2025-03-16 11:56:40,619 - org.eclipse.pde.ua.core - 1.2.300.v20211004-0555
2025-03-16 11:56:40,619 - org.eclipse.pde.ua.ui - 1.2.400.v20220317-0700
2025-03-16 11:56:40,621 - org.eclipse.ui.trace - 1.2.200.v20220310-2159
2025-03-16 11:56:40,623 - org.eclipse.pde.ds.annotations - 1.2.500.v20220811-0944
2025-03-16 11:56:40,629 - org.eclipse.pde.genericeditor.extension - 1.1.300.v20220810-1011
2025-03-16 11:56:40,631 - org.eclipse.tools.layout.spy - 1.1.100.v20221111-1233
2025-03-16 11:56:40,631 - org.eclipse.pde.spy.core - 1.0.200.v20220331-1637
2025-03-16 11:56:40,631 - org.eclipse.pde.spy.model - 0.12.400.v20220621-1036
2025-03-16 11:56:40,633 - org.eclipse.pde.spy.css - 0.12.300.v20220512-1208
2025-03-16 11:56:40,633 - org.eclipse.pde.spy.preferences - 0.12.300.v20220512-1208
2025-03-16 11:56:40,635 - org.eclipse.pde.spy.context - 1.0.400.v20221119-0340
2025-03-16 11:56:40,637 - org.eclipse.pde.spy.bundle - 0.12.200.v20220512-1208
2025-03-16 11:56:40,639 - org.eclipse.pde.spy.event - 1.0.100.v20221114-1716
2025-03-16 11:56:40,648 - org.eclipse.jgit.ssh.apache - 6.4.0.202211300538-r
2025-03-16 11:56:40,650 - org.eclipse.jgit.ssh.apache.agent - 6.4.0.202211300538-r
2025-03-16 11:56:40,662 - org.eclipse.jdt - 3.18.1400.v20221123-1800
2025-03-16 11:56:40,665 - org.eclipse.ant.ui - 3.8.300.v20220718-1722
2025-03-16 11:56:40,665 - org.eclipse.jdt.apt.core - 3.7.50.v20210914-1429
2025-03-16 11:56:40,667 - org.eclipse.jdt.apt.ui - 3.7.0.v20210620-1751
2025-03-16 11:56:40,667 - org.eclipse.jdt.apt.pluggable.core - 1.3.0.v20210618-1653
2025-03-16 11:56:40,673 - org.eclipse.jdt.compiler.apt - 1.4.300.v20221108-0856
2025-03-16 11:56:40,673 - org.eclipse.jdt.compiler.tool - 1.3.200.v20220802-0458
2025-03-16 11:56:40,673 - org.eclipse.jdt.core - 3.32.0.v20221108-1853
2025-03-16 11:56:40,673 - org.eclipse.jdt.core.formatterapp - 1.1.0.v20210618-1653
2025-03-16 11:56:40,675 - org.eclipse.jdt.annotation - 2.2.700.v20220826-1026
2025-03-16 11:56:40,675 - org.eclipse.jdt.annotation - 2.2.700.v20220826-1026
2025-03-16 11:56:40,679 - org.eclipse.jdt.core.manipulation - 1.17.0.v20221026-1918
2025-03-16 11:56:40,681 - org.eclipse.jdt.debug.ui - 3.12.900.v20221001-0715
2025-03-16 11:56:40,690 - org.eclipse.jdt.debug - 3.20.0.v20220922-0905
2025-03-16 11:56:40,691 - org.eclipse.jdt.junit - 3.15.100.v20220909-2154
2025-03-16 11:56:40,691 - org.eclipse.jdt.junit.core - 3.11.500.v20221031-1935
2025-03-16 11:56:40,694 - org.eclipse.jdt.junit.runtime - 3.7.0.v20220609-1843
2025-03-16 11:56:40,696 - org.eclipse.jdt.junit4.runtime - 1.3.0.v20220609-1843
2025-03-16 11:56:40,697 - org.eclipse.jdt.junit5.runtime - 1.1.100.v20220907-0450
2025-03-16 11:56:40,699 - org.eclipse.jdt.launching - 3.19.800.v20221107-1851
2025-03-16 11:56:40,702 - org.eclipse.jdt.ui - 3.27.100.v20221122-0749
2025-03-16 11:56:40,706 - org.junit - 4.13.2.v20211018-1956
2025-03-16 11:56:40,708 - org.hamcrest.core - 1.3.0.v20180420-1519
2025-03-16 11:56:40,710 - junit-jupiter-api - 5.9.1
2025-03-16 11:56:40,714 - junit-jupiter-engine - 5.9.1
2025-03-16 11:56:40,714 - junit-jupiter-migrationsupport - 5.9.1
2025-03-16 11:56:40,717 - junit-jupiter-params - 5.9.1
2025-03-16 11:56:40,719 - junit-platform-commons - 1.9.1
2025-03-16 11:56:40,721 - junit-platform-engine - 1.9.1
2025-03-16 11:56:40,723 - junit-platform-launcher - 1.9.1
2025-03-16 11:56:40,730 - junit-platform-runner - 1.9.1
2025-03-16 11:56:40,730 - junit-platform-suite-api - 1.9.1
2025-03-16 11:56:40,732 - junit-platform-suite-commons - 1.9.1
2025-03-16 11:56:40,732 - junit-platform-suite-engine - 1.9.1
2025-03-16 11:56:40,733 - junit-vintage-engine - 5.9.1
2025-03-16 11:56:40,734 - org.opentest4j - 1.2.0
2025-03-16 11:56:40,735 - org.apiguardian.api - 1.1.2
2025-03-16 11:56:40,737 - org.eclipse.jdt.doc.user - 3.15.1600.v20221121-0559
2025-03-16 11:56:40,737 - org.eclipse.ant.launching - 1.3.400.v20220718-1722
2025-03-16 11:56:40,743 - org.eclipse.emf.common - 2.27.0.v20221121-1400
2025-03-16 11:56:40,755 - org.jboss.tools.m2e.wro4j.core - 1.2.1.202301111328
2025-03-16 11:56:40,757 - org.jboss.tools.m2e.wro4j.ui - 1.2.1.202301111328
2025-03-16 11:56:40,768 - org.eclipse.tm.terminal.control - 5.4.0.202211062329
2025-03-16 11:56:40,773 - org.sonatype.m2e.egit - 0.17.0.202209271423
2025-03-16 11:56:40,781 - org.eclipse.emf.ecore - 2.29.0.v20221121-1400
2025-03-16 11:56:40,785 - org.eclipse.emf.ecore.change - 2.14.0.v20190528-0725
2025-03-16 11:56:40,785 - org.eclipse.emf.ecore.xmi - 2.17.0.v20220817-1334
2025-03-16 11:56:40,805 - org.eclipse.wst.common.project.facet.core - 1.4.402.v202111212041
2025-03-16 11:56:40,809 - org.eclipse.wst.common.project.facet.ui - 1.4.602.v202007142017
2025-03-16 11:56:40,844 - org.eclipse.jst.common.project.facet.core - 1.12.100.v202208260526
2025-03-16 11:56:40,846 - org.eclipse.jst.common.project.facet.ui - 1.4.511.v202007142017
2025-03-16 11:56:40,854 - org.eclipse.jgit - 6.4.0.202211300538-r
2025-03-16 11:56:40,854 - org.eclipse.jgit.archive - 6.4.0.202211300538-r
2025-03-16 11:56:40,935 - org.apache.ant - 1.10.12.v20211102-1452
2025-03-16 11:56:40,935 - org.eclipse.ant.core - 3.6.500.v20220718-1722
2025-03-16 11:56:40,939 - com.jcraft.jsch - 0.1.55.v20221112-0806
2025-03-16 11:56:40,940 - org.eclipse.compare.core - 3.7.100.v20220812-1406
2025-03-16 11:56:40,940 - org.eclipse.compare - 3.8.500.v20220812-1406
2025-03-16 11:56:40,942 - org.eclipse.compare.win32 - 1.2.900.v20220812-1406
2025-03-16 11:56:40,944 - org.eclipse.core.filebuffers - 3.7.200.v20220202-1008
2025-03-16 11:56:40,944 - org.eclipse.core.filesystem - 1.9.500.v20220817-1539
2025-03-16 11:56:40,944 - org.eclipse.core.net - 1.4.0.v20220813-1037
2025-03-16 11:56:40,946 - org.eclipse.core.net.win32 - 1.0.100.v20220812-1406
2025-03-16 11:56:40,946 - org.eclipse.core.net.win32.x86_64 - 1.1.700.v20220812-1406
2025-03-16 11:56:40,957 - org.eclipse.core.resources - 3.18.100.v20221025-2047
2025-03-16 11:56:40,959 - org.eclipse.debug.core - 3.20.0.v20220811-0741
2025-03-16 11:56:40,968 - org.eclipse.debug.ui - 3.17.100.v20220926-1344
2025-03-16 11:56:40,971 - org.eclipse.e4.ui.ide - 3.16.200.v20221024-2137
2025-03-16 11:56:40,973 - org.eclipse.equinox.event - 1.6.100.v20211021-1418
2025-03-16 11:56:40,973 - org.eclipse.ltk.core.refactoring - 3.13.0.v20220822-0502
2025-03-16 11:56:40,977 - org.eclipse.ltk.ui.refactoring - 3.12.200.v20220808-2221
2025-03-16 11:56:40,977 - org.eclipse.platform - 4.26.0.v20221123-1800
2025-03-16 11:56:40,983 - org.eclipse.platform.doc.user - 4.26.0.v20221121-0559
2025-03-16 11:56:40,983 - org.eclipse.search - 3.14.300.v20220905-1020
2025-03-16 11:56:40,988 - org.eclipse.text.quicksearch - 1.1.400.v20221023-0941
2025-03-16 11:56:40,988 - org.eclipse.team.core - 3.9.600.v20220902-2219
2025-03-16 11:56:40,990 - org.eclipse.team.ui - 3.9.500.v20220920-2213
2025-03-16 11:56:40,992 - org.eclipse.text - 3.12.300.v20220921-1010
2025-03-16 11:56:40,994 - org.eclipse.jface.text - 3.22.0.v20221119-1047
2025-03-16 11:56:40,996 - org.eclipse.jsch.core - 1.4.0.v20220813-1037
2025-03-16 11:56:40,996 - org.eclipse.jsch.ui - 1.4.200.v20220812-1406
2025-03-16 11:56:40,998 - org.eclipse.ui.console - 3.11.400.v20221012-0524
2025-03-16 11:56:41,000 - org.eclipse.ui.intro - 3.6.600.v20220619-1918
2025-03-16 11:56:41,008 - org.eclipse.ui.intro.universal - 3.4.300.v20220619-1918
2025-03-16 11:56:41,009 - org.eclipse.ui.cheatsheets - 3.7.500.v20220903-1020
2025-03-16 11:56:41,009 - org.eclipse.ui.browser - 3.7.300.v20221024-2137
2025-03-16 11:56:41,011 - org.eclipse.ui.genericeditor - 1.2.300.v20220915-0924
2025-03-16 11:56:41,011 - org.eclipse.ui.monitoring - 1.2.300.v20221024-2137
2025-03-16 11:56:41,011 - org.eclipse.ui.navigator - 3.10.400.v20221024-2137
2025-03-16 11:56:41,013 - org.eclipse.ui.navigator.resources - 3.8.500.v20221024-2137
2025-03-16 11:56:41,013 - org.eclipse.ui.net - 1.4.100.v20220812-1406
2025-03-16 11:56:41,013 - org.eclipse.ui.workbench.texteditor - 3.16.600.v20220809-1658
2025-03-16 11:56:41,015 - org.eclipse.ui.views - 3.11.300.v20221024-2137
2025-03-16 11:56:41,015 - org.eclipse.ui.editors - 3.14.400.v20220730-1844
2025-03-16 11:56:41,015 - org.eclipse.ui.externaltools - 3.5.200.v20220618-1805
2025-03-16 11:56:41,017 - org.eclipse.ui.ide - 3.20.0.v20221027-2208
2025-03-16 11:56:41,017 - org.eclipse.ui.ide.application - 1.4.600.v20221024-2137
2025-03-16 11:56:41,017 - org.eclipse.ui.win32 - 3.4.500.v20221024-2137
2025-03-16 11:56:41,020 - org.eclipse.core.resources.win32.x86_64 - 3.5.500.v20220812-1420
2025-03-16 11:56:41,020 - org.eclipse.core.filesystem.win32.x86_64 - 1.4.300.v20220812-1420
2025-03-16 11:56:41,021 - org.eclipse.core.variables - 3.5.100.v20210721-1355
2025-03-16 11:56:41,022 - org.eclipse.ui.forms - 3.11.500.v20221024-2137
2025-03-16 11:56:41,022 - org.eclipse.ui.views.properties.tabbed - 3.9.300.v20221024-2137
2025-03-16 11:56:41,022 - org.eclipse.equinox.security - 1.3.1000.v20220801-1135
2025-03-16 11:56:41,022 - org.eclipse.equinox.security.ui - 1.3.400.v20221007-1815
2025-03-16 11:56:41,025 - org.eclipse.equinox.security.win32.x86_64 - 1.1.300.v20211021-1418
2025-03-16 11:56:41,027 - org.eclipse.core.externaltools - 1.2.300.v20220618-1805
2025-03-16 11:56:41,027 - org.eclipse.ui.themes - 1.2.2100.v20221024-2137
2025-03-16 11:56:41,028 - org.eclipse.core.runtime - 3.26.100.v20221021-0005
2025-03-16 11:56:41,030 - org.eclipse.ui.intro.quicklinks - 1.1.200.v20220619-1918
2025-03-16 11:56:41,031 - org.eclipse.team.genericeditor.diff.extension - 1.1.100.v20220812-1406
2025-03-16 11:56:41,031 - org.eclipse.urischeme - 1.2.200.v20221024-2137
2025-03-16 11:56:41,033 - org.eclipse.ui.views.log - 1.3.400.v20220907-1244
2025-03-16 11:56:41,033 - org.eclipse.debug.ui.launchview - 1.0.300.v20220811-0741
2025-03-16 23:21:41,354 - os.name - Windows 11
2025-03-16 23:21:41,378 - os.arch - amd64
2025-03-16 23:21:41,378 - os.version - 10.0
2025-03-16 23:21:41,378 - java.version - 17.0.6
2025-03-16 23:21:41,378 - java.vendor - Eclipse Adoptium
2025-03-16 23:21:41,378 - java.vendor.url - https://adoptium.net/
2025-03-16 23:21:41,379 - java.home - C:\ProgramData\chocolatey\lib\SpringToolSuite\tools\sts-4.17.2.RELEASE\plugins\org.eclipse.justj.openjdk.hotspot.jre.full.win32.x86_64_17.0.6.v20230125-1136\jre
2025-03-16 23:21:41,379 - java.vm.specification.name - Java Virtual Machine Specification
2025-03-16 23:21:41,379 - java.vm.specification.vendor - Oracle Corporation
2025-03-16 23:21:41,379 - java.vm.specification.version - 17
2025-03-16 23:21:41,379 - java.class.path - C:\ProgramData\chocolatey\lib\SpringToolSuite\tools\sts-4.17.2.RELEASE\\plugins/org.eclipse.equinox.launcher_1.6.400.v20210924-0641.jar
2025-03-16 23:21:41,379 - java.library.path - C:\ProgramData\chocolatey\lib\SpringToolSuite\tools\sts-4.17.2.RELEASE;C:\WINDOWS\Sun\Java\bin;C:\WINDOWS\system32;C:\WINDOWS;C:/ProgramData/chocolatey/lib/SpringToolSuite/tools/sts-4.17.2.RELEASE//plugins/org.eclipse.justj.openjdk.hotspot.jre.full.win32.x86_64_17.0.6.v20230125-1136/jre/bin/server;C:/ProgramData/chocolatey/lib/SpringToolSuite/tools/sts-4.17.2.RELEASE//plugins/org.eclipse.justj.openjdk.hotspot.jre.full.win32.x86_64_17.0.6.v20230125-1136/jre/bin;C:\Program Files\Microsoft MPI\Bin\;C:\Program Files\Microsoft\jdk-11.0.16.101-hotspot\bin;C:\Program Files\Common Files\Oracle\Java\javapath;C:\Program Files (x86)\Common Files\Oracle\Java\java8path;C:\Program Files (x86)\Common Files\Oracle\Java\javapath;C:\app\ASUS\product\21c\dbhomeXE\bin;C:\Program Files (x86)\VMware\VMware Player\bin\;C:\Users\ASUS\AppData\Local\Microsoft\WindowsApps;C:\Users\ASUS\AppData\Local\Programs\Microsoft VS Code\bin;C:\Program Files\JetBrains\PhpStorm 2022.2.3\bin;C:\Users\ASUS\AppData\Roaming\npm;C:\Users\ASUS\AppData\Roaming\Composer\vendor\bin;C:\Program Files\PostgreSQL\14\bin;C:\Program Files\Java\jdk-19\bin;C:\Program Files\Microsoft SQL Server\Client SDK\ODBC\170\Tools\Binn\;C:\Program Files\Java\jdk-19\bin;C:\src\flutter\bin\cache\dart-sdk\bin;C:\Users\ASUS\AppData\Local\Pub\Cache\bin;%JRE_HOME%\bin;C:\Users\ASUS\AppData\Local\Programs\Python\Python311;C:\composer;C:\Program Files (x86)\Microsoft SQL Server\160\Tools\Binn\;C:\Program Files\Microsoft SQL Server\160\Tool;C:\Program Files\nodejs\;C:\Program Files\Docker\Docker\resources\bin;C:\Program Files\Java\maven\apache-maven-3.8.6\bin;C:\Program Files\Microsoft MPI\Bin\;C:\Program Files\Microsoft\jdk-11.0.16.101-hotspot\bin;C:\Program Files\Common Files\Oracle\Java\javapath;C:\Program Files (x86)\Common Files\Oracle\Java\java8path;C:\Program Files (x86)\Common Files\Oracle\Java\javapath;C:\app\ASUS\product\21c\dbhomeXE\bin;C:\Program Files (x86)\VMware\VMware Player\bin\;C:\Users\ASUS\AppData\Local\Microsoft\WindowsApps;C:\Users\ASUS\AppData\Local\Programs\Microsoft VS Code\bin;C:\Program Files\JetBrains\PhpStorm 2022.2.3\bin;C:\Users\ASUS\AppData\Roaming\npm;C:\Users\ASUS\AppData\Roaming\Composer\vendor\bin;C:\Program Files\PostgreSQL\14\bin;C:\Program Files\Java\jdk-19\bin;C:\Program Files\Microsoft SQL Server\Client SDK\ODBC\170\Tools\Binn\;C:\Program Files\Java\jdk-19\bin;C:\src\flutter\bin\cache\dart-sdk\bin;C:\Users\ASUS\AppData\Local\Pub\Cache\bin;%JRE_HOME%\bin;C:\Users\ASUS\AppData\Local\Programs\Python\Python311;C:\composer;C:\Program Files (x86)\Microsoft SQL Server\160\Tools\Binn\;C:\Program Files\Microsoft SQL Server\160\Tool;C:\Program Files\\Elastic\Beats\8.17.0\metricbeat;C:\Users\ASUS\.lmstudio\bin;;C:\ProgramData\chocolatey\bin;;.
2025-03-16 23:21:41,380 - --------------------------------------
2025-03-16 23:21:41,380 - ## Eclipse Plug-ins Log Information ##
2025-03-16 23:21:41,380 - --------------------------------------
2025-03-16 23:21:41,481 - org.tigris.subversion.subclipse.core - 4.3.4.202306191346
2025-03-16 23:21:41,484 - org.tigris.subversion.subclipse.ui - 4.3.4.202306191346
2025-03-16 23:21:41,491 - com.collabnet.subversion.merge - 4.2.0.1
2025-03-16 23:21:41,494 - org.tigris.subversion.clientadapter - 1.10.0
2025-03-16 23:21:41,516 - org.eclipse.andmore.hierarchyviewer - 0.5.1.201701251432
2025-03-16 23:21:41,553 - org.eclipse.sequoyah.device.backward - 2.1.0.N20120718-0509
2025-03-16 23:21:41,562 - org.eclipse.sequoyah.device.framework - 2.1.0.N20120718-0509
2025-03-16 23:21:41,565 - org.eclipse.sequoyah.device.framework.ui - 2.1.0.N20120718-0509
2025-03-16 23:21:41,572 - org.eclipse.sequoyah.device.service.start - 2.1.0.N20120718-0509
2025-03-16 23:21:41,575 - org.eclipse.sequoyah.device.service.stop - 2.1.0.N20120718-0509
2025-03-16 23:21:41,600 - org.eclipse.sequoyah.device.framework.wizard - 2.1.0.N20120718-0509
2025-03-16 23:21:41,637 - org.eclipse.cdt.managedbuilder.gnu.ui - 8.5.0.202211211546
2025-03-16 23:21:41,638 - org.eclipse.cdt.build.gcc.core - 2.0.0.202211181555
2025-03-16 23:21:41,639 - org.eclipse.cdt.build.gcc.ui - 1.2.0.202211062329
2025-03-16 23:21:41,659 - org.eclipse.gef - 3.16.0.202311222042
2025-03-16 23:21:41,672 - org.eclipse.cdt - 11.0.0.202211062329
2025-03-16 23:21:41,676 - org.eclipse.cdt.core - 8.0.0.202211292120
2025-03-16 23:21:41,680 - org.eclipse.cdt.codan.core - 4.2.0.202211062329
2025-03-16 23:21:41,684 - org.eclipse.cdt.codan.ui - 3.5.0.202211062329
2025-03-16 23:21:41,688 - org.eclipse.cdt.codan.core.cxx - 3.6.0.202211062329
2025-03-16 23:21:41,692 - org.eclipse.cdt.codan.ui.cxx - 3.7.0.202211101937
2025-03-16 23:21:41,696 - org.eclipse.cdt.codan.checkers - 3.5.0.202211062329
2025-03-16 23:21:41,699 - org.eclipse.cdt.codan.checkers.ui - 3.4.0.202211062329
2025-03-16 23:21:41,701 - org.eclipse.cdt.debug.core - 8.8.0.202211072232
2025-03-16 23:21:41,706 - org.eclipse.cdt.debug.ui - 8.5.0.202211100047
2025-03-16 23:21:41,712 - org.eclipse.cdt.make.core - 7.6.0.202211062329
2025-03-16 23:21:41,716 - org.eclipse.cdt.make.ui - 8.2.0.202211062329
2025-03-16 23:21:41,721 - org.eclipse.cdt.managedbuilder.core - 9.5.0.202211211546
2025-03-16 23:21:41,725 - org.eclipse.cdt.managedbuilder.headlessbuilderapp - 1.1.0.202211062329
2025-03-16 23:21:41,734 - org.eclipse.cdt.managedbuilder.ui - 9.4.0.202211211546
2025-03-16 23:21:41,740 - org.eclipse.cdt.ui - 8.0.0.202211292120
2025-03-16 23:21:41,745 - org.eclipse.cdt.doc.user - 5.5.0.202211211546
2025-03-16 23:21:41,747 - org.eclipse.cdt.dsf - 2.12.0.202211062329
2025-03-16 23:21:41,751 - org.eclipse.cdt.dsf.ui - 2.7.0.202211062329
2025-03-16 23:21:41,752 - org.eclipse.cdt.flatpak.launcher - 1.1.0.202211062329
2025-03-16 23:21:41,756 - org.eclipse.cdt.native.serial - 1.3.0.202211300214
2025-03-16 23:21:41,760 - org.eclipse.cdt.platform.branding - 11.0.0.202211062329
2025-03-16 23:21:41,775 - javax.persistence - 2.2.1.v201807122140
2025-03-16 23:21:41,778 - org.eclipse.jpt.jpa.annotate - 1.0.101.v201902121834
2025-03-16 23:21:41,785 - org.eclipse.jpt.jpa.core - 3.6.1.v202301061019
2025-03-16 23:21:41,787 - org.eclipse.jpt.jpa.db - 2.2.201.v202301061019
2025-03-16 23:21:41,789 - org.eclipse.jpt.jpa.db.ui - 2.1.201.v201902121834
2025-03-16 23:21:41,791 - org.eclipse.jpt.jpa.gen - 2.3.201.v202301061019
2025-03-16 23:21:41,795 - org.eclipse.jpt.jpa.ui - 3.6.100.v202305092307
2025-03-16 23:21:41,802 - org.eclipse.jpt.doc.user - 3.2.101.v201902121834
2025-03-16 23:21:41,808 - org.eclipse.persistence.jpa.jpql - 2.7.3.v20180807-4be1041
2025-03-16 23:21:41,816 - org.apache.commons.collections - 3.2.2.v20220405-1659
2025-03-16 23:21:41,821 - org.apache.commons.lang - 2.6.0.v20220406-2305
2025-03-16 23:21:41,827 - org.apache.velocity - 1.5.0.v200905192330
2025-03-16 23:21:41,830 - org.jdom - 1.1.1.v201101151400
2025-03-16 23:21:41,834 - org.eclipse.jpt.jpa.branding - 3.4.1.v201902121834
2025-03-16 23:21:41,849 - org.sonarlint.eclipse.core - 7.13.0.80073
2025-03-16 23:21:41,853 - org.sonarlint.eclipse.ui - 7.13.0.80073
2025-03-16 23:21:41,856 - org.sonarsource.sonarlint.core.sonarlint-core-osgi - 9.0.0.74282
2025-03-16 23:21:41,859 - org.sonarlint.eclipse.cdt - 7.13.0.80073
2025-03-16 23:21:41,861 - org.sonarlint.eclipse.jdt - 7.13.0.80073
2025-03-16 23:21:41,863 - org.sonarlint.eclipse.m2e - 7.13.0.80073
2025-03-16 23:21:41,871 - org.jetbrains.kotlin.osgi-bundle - 1.6.21
2025-03-16 23:21:41,876 - org.slf4j.api - 1.7.30.v20221112-0806
2025-03-16 23:21:41,890 - org.eclipse.emf.codegen.ui - 2.23.0.v20210412-0833
2025-03-16 23:21:41,921 - org.eclipse.datatools.enablement.sqlite - 1.3.0.202305310959
2025-03-16 23:21:41,928 - org.eclipse.datatools.enablement.sqlite.dbdefinition - 1.3.0.202305310959
2025-03-16 23:21:41,946 - org.eclipse.datatools.enablement.sqlite.ui - 1.3.0.202305310959
2025-03-16 23:21:41,951 - org.eclipse.datatools.enablement.finfo - 1.8.0.202305310959
2025-03-16 23:21:41,963 - org.eclipse.jpt.common.utility - 2.4.1.v202301061019
2025-03-16 23:21:41,980 - org.eclipse.jpt.common.core - 1.5.1.v202301061019
2025-03-16 23:21:42,004 - org.eclipse.jpt.common.ui - 1.4.201.v202301061019
2025-03-16 23:21:42,008 - org.eclipse.jpt.common.branding - 1.4.1.v201902121834
2025-03-16 23:21:42,056 - jsonedit-core - 1.1.3
2025-03-16 23:21:42,063 - jsonedit-folding - 1.1.3
2025-03-16 23:21:42,065 - jsonedit-model - 1.1.3
2025-03-16 23:21:42,071 - jsonedit-outline - 1.1.3
2025-03-16 23:21:42,072 - jsonedit-preferences - 1.1.3
2025-03-16 23:21:42,082 - jsonedit-text - 1.1.3
2025-03-16 23:21:42,087 - jsonedit-editor - 1.1.3
2025-03-16 23:21:42,125 - org.eclipse.emf.converter - 2.11.0.v20220706-1313
2025-03-16 23:21:42,135 - org.eclipse.emf.importer - 2.12.0.v20190321-1539
2025-03-16 23:21:42,139 - org.eclipse.emf.exporter - 2.10.0.v20190321-1530
2025-03-16 23:21:42,145 - org.eclipse.emf.importer.ecore - 2.10.0.v20200324-0723
2025-03-16 23:21:42,146 - org.eclipse.emf.importer.java - 2.11.0.v20200324-0723
2025-03-16 23:21:42,151 - org.eclipse.emf.importer.rose - 2.11.0.v20210405-0904
2025-03-16 23:21:42,168 - org.eclipse.emf.edit.ui - 2.22.0.v20220619-0533
2025-03-16 23:21:42,186 - org.eclipse.persistence.moxy - 2.7.3.v20180807-4be1041
2025-03-16 23:21:42,190 - org.eclipse.jpt.jaxb.eclipselink.core - 1.3.201.v201902121834
2025-03-16 23:21:42,194 - org.eclipse.jpt.jaxb.eclipselink.ui - 1.4.201.v201902121834
2025-03-16 23:21:42,195 - org.eclipse.jpt.jaxb.eclipselink.core.schemagen - 1.2.202.v202104080213
2025-03-16 23:21:42,197 - org.eclipse.jpt.jaxb.eclipselink.branding - 1.4.101.v201902121834
2025-03-16 23:21:42,208 - de.anbos.eclipse.easyshell.plugin - 2.3.0.v20230630-1658
2025-03-16 23:21:42,222 - org.eclipse.sequoyah.vnc.vncviewer.vncviews - 2.1.0.N20120718-0509
2025-03-16 23:21:42,230 - org.jdom - 1.1.1.v201101151400
2025-03-16 23:21:42,231 - org.eclipse.jst.ws.cxf.consumption.core - 1.0.400.v201902162149
2025-03-16 23:21:42,234 - org.eclipse.jst.ws.cxf.consumption.ui - 1.0.500.v201910301957
2025-03-16 23:21:42,236 - org.eclipse.jst.ws.cxf.core - 1.1.600.v202107101953
2025-03-16 23:21:42,237 - org.eclipse.jst.ws.cxf.creation.core - 1.0.500.v201902162149
2025-03-16 23:21:42,241 - org.eclipse.jst.ws.cxf.creation.ui - 1.0.400.v201910301957
2025-03-16 23:21:42,243 - org.eclipse.jst.ws.cxf.ui - 1.0.500.v202104210249
2025-03-16 23:21:42,247 - javax.wsdl - 1.6.2.v201012040545
2025-03-16 23:21:42,249 - javax.jws - 2.0.0.v201005080400
2025-03-16 23:21:42,252 - jakarta.xml.bind - 2.3.3.v20221203-1659
2025-03-16 23:21:42,254 - javax.xml.stream - 1.0.1.v201004272200
2025-03-16 23:21:42,256 - javax.xml.ws - 2.1.0.v200902101523
2025-03-16 23:21:42,266 - org.eclipse.datatools.sqltools.common.ui - 1.3.0.202311071249
2025-03-16 23:21:42,267 - org.eclipse.datatools.sqltools.debugger.core - 1.3.0.202311071249
2025-03-16 23:21:42,270 - org.eclipse.datatools.sqltools.editor.core - 1.3.0.202311071249
2025-03-16 23:21:42,271 - org.eclipse.datatools.sqltools.plan - 1.3.0.202311071249
2025-03-16 23:21:42,273 - org.eclipse.datatools.sqltools.routineeditor - 1.3.0.202311071249
2025-03-16 23:21:42,276 - org.eclipse.datatools.sqltools.sql - 1.3.0.202311071249
2025-03-16 23:21:42,277 - org.eclipse.datatools.sqltools.sqleditor - 1.3.0.202311071249
2025-03-16 23:21:42,280 - org.eclipse.datatools.sqltools.sqlscrapbook - 1.3.0.202311071249
2025-03-16 23:21:42,283 - org.eclipse.datatools.help - 1.8.0.202311071249
2025-03-16 23:21:42,284 - org.eclipse.datatools.sqltools.db.generic - 1.3.0.202311071249
2025-03-16 23:21:42,286 - org.eclipse.datatools.sqltools.debugger.core.ui - 1.3.0.202311071249
2025-03-16 23:21:42,288 - org.eclipse.datatools.sqltools.editor.core.ui - 1.3.0.202311071249
2025-03-16 23:21:42,290 - org.eclipse.datatools.sqltools.result.ui - 1.4.0.202311071249
2025-03-16 23:21:42,292 - org.eclipse.datatools.sqltools.routineeditor.ui - 1.3.0.202311071249
2025-03-16 23:21:42,294 - org.eclipse.datatools.sqltools.sql.ui - 1.3.0.202311071249
2025-03-16 23:21:42,301 - org.eclipse.m2e.wtp.jsf - 1.6.0.20230118-0812
2025-03-16 23:21:42,313 - org.objectweb.asm - 9.6
2025-03-16 23:21:42,314 - org.eclipse.andmore - 0.5.1.201701251432
2025-03-16 23:21:42,315 - org.eclipse.andmore.base - 0.5.1.201701251432
2025-03-16 23:21:42,315 - org.eclipse.andmore.ddms - 0.5.1.201701251432
2025-03-16 23:21:42,318 - org.eclipse.andmore.overlay - 0.5.1.201701251432
2025-03-16 23:21:42,319 - org.apache.commons.codec - 1.14.0.v20221112-0806
2025-03-16 23:21:42,328 - org.apache.commons.compress - 1.21.0.v20211103-2100
2025-03-16 23:21:42,331 - org.apache.httpcomponents.httpclient - 4.5.13.v20221112-0806
2025-03-16 23:21:42,335 - org.apache.httpcomponents.httpcore - 4.4.15.v20220209-2345
2025-03-16 23:21:42,343 - org.eclipse.datatools.modelbase.dbdefinition - 1.3.0.202305310959
2025-03-16 23:21:42,347 - org.eclipse.datatools.modelbase.sql.edit - 1.3.0.202305310959
2025-03-16 23:21:42,349 - org.eclipse.datatools.modelbase.sql.query - 1.4.0.202305310959
2025-03-16 23:21:42,352 - org.eclipse.datatools.modelbase.sql.query.edit - 1.3.0.202305310959
2025-03-16 23:21:42,355 - org.eclipse.datatools.modelbase.sql.xml.query - 1.3.0.202305310959
2025-03-16 23:21:42,359 - org.eclipse.datatools.modelbase.sql - 1.3.0.202305310959
2025-03-16 23:21:42,380 - org.eclipse.emf.mapping - 2.12.0.v20181104-0733
2025-03-16 23:21:42,408 - org.eclipse.jpt.jaxb.core - 1.4.101.v201902121834
2025-03-16 23:21:42,414 - org.eclipse.jpt.jaxb.core.schemagen - 1.1.202.v202104080213
2025-03-16 23:21:42,418 - org.eclipse.jpt.jaxb.ui - 1.5.200.v202301061019
2025-03-16 23:21:42,422 - org.eclipse.jpt.jaxb.branding - 1.4.1.v201902121834
2025-03-16 23:21:42,455 - org.eclipse.emf.mapping.ecore.editor - 2.8.0.v20180706-1146
2025-03-16 23:21:42,461 - org.eclipse.emf.mapping.ecore2ecore.editor - 2.10.0.v20181104-0733
2025-03-16 23:21:42,478 - org.eclipse.emf.mapping.ecore2xml.ui - 2.12.0.v20190528-0725
2025-03-16 23:21:42,489 - org.eclipse.datatools.enablement.finfo - 1.8.0.202305310959
2025-03-16 23:21:42,516 - org.eclipse.datatools.sqltools.db.derby.ui - 1.3.0.202305310959
2025-03-16 23:21:42,517 - org.eclipse.datatools.sqltools.db.generic.ui - 1.3.0.202305310959
2025-03-16 23:21:42,559 - org.eclipse.jst.ws.axis2.core - 1.0.300.v201903050508
2025-03-16 23:21:42,561 - org.eclipse.jst.ws.axis2.ui - 1.0.400.v201903050508
2025-03-16 23:21:42,569 - org.eclipse.jst.ws.axis2.consumption.core - 1.0.200.v201903050508
2025-03-16 23:21:42,576 - org.eclipse.jst.ws.axis2.consumption.ui - 1.0.200.v201903050508
2025-03-16 23:21:42,578 - org.eclipse.jst.ws.axis2.creation.core - 1.0.200.v201903050508
2025-03-16 23:21:42,582 - org.eclipse.jst.ws.axis2.creation.ui - 1.0.200.v201903050508
2025-03-16 23:21:42,587 - org.eclipse.jst.ws.axis2.ui.doc.user - 1.0.200.v201903222115
2025-03-16 23:21:42,604 - org.testng.eclipse - 7.8.0.202308061717
2025-03-16 23:21:42,649 - org.eclipse.emf.ecore.edit - 2.13.0.v20190822-1451
2025-03-16 23:21:42,666 - org.eclipse.emf.ecore.change.edit - 2.8.0.v20180706-1146
2025-03-16 23:21:42,719 - org.eclipse.sequoyah.vnc.protocol - 2.1.0.N20120718-0509
2025-03-16 23:21:42,767 - org.eclipse.persistence.antlr - 3.5.2.v201711011707
2025-03-16 23:21:42,774 - org.eclipse.persistence.asm - 6.2.0.v201808041549
2025-03-16 23:21:42,781 - org.eclipse.persistence.core - 2.7.3.v20180807-4be1041
2025-03-16 23:21:42,795 - org.eclipse.persistence.jpa - 2.7.3.v20180807-4be1041
2025-03-16 23:21:42,802 - org.eclipse.jpt.jpa.eclipselink.core - 2.4.101.v201902121834
2025-03-16 23:21:42,806 - org.eclipse.jpt.jpa.eclipselink.ui - 2.4.101.v202301061019
2025-03-16 23:21:42,809 - org.eclipse.jpt.jpa.eclipselink.core.ddlgen - 2.2.201.v201902121834
2025-03-16 23:21:42,811 - org.eclipse.jpt.jpa.eclipselink.branding - 3.4.1.v201902121834
2025-03-16 23:21:42,830 - org.eclipse.emf.mapping.ecore - 2.8.0.v20180706-1146
2025-03-16 23:21:42,836 - org.eclipse.emf.mapping.ecore2ecore - 2.11.0.v20180706-1146
2025-03-16 23:21:42,844 - org.eclipse.emf.mapping.ecore2xml - 2.11.0.v20180706-1146
2025-03-16 23:21:42,888 - org.eclipse.andmore.traceview - 0.5.1.201701251432
2025-03-16 23:21:42,903 - org.eclipse.m2e.wtp.jpa - 1.6.0.20230118-0812
2025-03-16 23:21:42,929 - org.eclipse.sequoyah.localization.android - 2.1.0.N20120718-0509
2025-03-16 23:21:42,931 - org.eclipse.sequoyah.localization.android.help - 2.1.1.N20120718-0509
2025-03-16 23:21:42,971 - org.eclipse.emf.codegen - 2.22.0.v20210420-0623
2025-03-16 23:21:43,017 - org.eclipse.wst.sse.ui - 1.7.600.v202211200019
2025-03-16 23:21:43,023 - org.eclipse.wst.xml.ui - 1.2.700.v202305221615
2025-03-16 23:21:43,037 - org.eclipse.emf - 2.8.0.v20180706-1146
2025-03-16 23:21:43,048 - org.eclipse.datatools.doc.user - 1.15.0.202311071249
2025-03-16 23:21:43,050 - org.eclipse.datatools.oda.cshelp - 1.5.0.202311071249
2025-03-16 23:21:43,050 - org.eclipse.datatools.help - 1.8.0.202311071249
2025-03-16 23:21:43,061 - org.eclipse.jst.ws.jaxws.core - 1.0.600.v202104210249
2025-03-16 23:21:43,064 - org.eclipse.jst.ws.jaxws.ui - 1.0.600.v202008101342
2025-03-16 23:21:43,064 - javax.xml.ws - 2.1.0.v200902101523
2025-03-16 23:21:43,064 - javax.jws - 2.0.0.v201005080400
2025-03-16 23:21:43,066 - org.eclipse.jst.ws.annotations.core - 1.2.200.v202008101342
2025-03-16 23:21:43,066 - jakarta.xml.bind - 2.3.3.v20221203-1659
2025-03-16 23:21:43,066 - javax.xml.stream - 1.0.1.v201004272200
2025-03-16 23:21:43,068 - org.eclipse.jst.ws.jaxb.core - 1.0.200.v201902162203
2025-03-16 23:21:43,068 - javax.wsdl - 1.6.2.v201012040545
2025-03-16 23:21:43,069 - org.jdom - 1.1.1.v201101151400
2025-03-16 23:21:43,078 - org.contextmapper.dsl - 6.11.0
2025-03-16 23:21:43,081 - org.contextmapper.dsl.ide - 6.11.0
2025-03-16 23:21:43,082 - org.contextmapper.dsl.ui - 6.11.0
2025-03-16 23:21:43,095 - org.eclipse.draw2d - 3.14.100.202311222042
2025-03-16 23:21:43,130 - org.tigris.subversion.clientadapter.svnkit - 1.8.12.3
2025-03-16 23:21:43,165 - org.eclipse.emf.edit - 2.17.0.v20220201-1551
2025-03-16 23:21:43,201 - edu.umd.cs.findbugs.plugin.eclipse - 3.0.1.20150306-5afe4d1
2025-03-16 23:21:43,229 - com.github.spotbugs.plugin.eclipse - 4.7.3.r202210170504-fa9e53a
2025-03-16 23:21:43,253 - org.eclipse.wst.json.ui - 1.0.700.v202305221615
2025-03-16 23:21:43,274 - org.eclipse.wst.json.bower.ui - 1.0.300.v202305221615
2025-03-16 23:21:43,284 - org.eclipse.wst.json.eslint.ui - 1.0.300.v202305221615
2025-03-16 23:21:43,287 - org.eclipse.wst.json.jshint.ui - 1.0.300.v202305221615
2025-03-16 23:21:43,297 - org.eclipse.wst.json.npm.ui - 1.0.200.v202305221615
2025-03-16 23:21:43,315 - org.eclipse.emf.databinding.edit - 1.7.0.v20210113-0340
2025-03-16 23:21:43,331 - org.eclipse.emf.codegen.ecore - 2.32.0.v20221121-1400
2025-03-16 23:21:43,334 - org.eclipse.emf.ant - 2.11.0.v20200324-0723
2025-03-16 23:21:43,344 - org.eclipse.andmore.ndk - 0.5.1.201701251432
2025-03-16 23:21:43,361 - org.eclipse.andmore.gldebugger - 0.5.1.201701251432
2025-03-16 23:21:43,375 - com.amashchenko.eclipse.strutsclipse.tiles - 1.5.0.201803051747
2025-03-16 23:21:43,391 - com.amashchenko.eclipse.strutsclipse.plugin - 1.5.0.201803051747
2025-03-16 23:21:43,404 - org.eclipse.andmore.android.certmanager - 0.5.1.201701251432
2025-03-16 23:21:43,412 - net.mihai-nita.ansicon.plugin - 1.4.8.202208270854
2025-03-16 23:21:43,428 - org.eclipse.cdt.gdb - 7.2.0.202211062329
2025-03-16 23:21:43,429 - org.eclipse.cdt.gdb.ui - 7.2.0.202211062329
2025-03-16 23:21:43,439 - org.eclipse.sequoyah.localization.tools - 2.1.0.N20120718-0509
2025-03-16 23:21:43,442 - org.eclipse.sequoyah.localization.editor - 2.1.0.N20120718-0509
2025-03-16 23:21:43,451 - org.eclipse.m2e.wtp.jaxrs - 1.6.0.20230118-0812
2025-03-16 23:21:43,463 - org.eclipse.datatools.sqltools.sql - 1.3.0.202311071249
2025-03-16 23:21:43,463 - org.eclipse.datatools.sqltools.common.ui - 1.3.0.202311071249
2025-03-16 23:21:43,463 - org.eclipse.datatools.sqltools.plan - 1.3.0.202311071249
2025-03-16 23:21:43,463 - org.eclipse.datatools.sqltools.editor.core - 1.3.0.202311071249
2025-03-16 23:21:43,463 - org.eclipse.datatools.sqltools.sqleditor - 1.3.0.202311071249
2025-03-16 23:21:43,468 - org.eclipse.datatools.sqltools.ddlgen.ui - 1.3.0.202311071249
2025-03-16 23:21:43,470 - org.eclipse.datatools.connectivity.db.generic - 1.3.0.202311071249
2025-03-16 23:21:43,470 - org.eclipse.datatools.sqltools.editor.core.ui - 1.3.0.202311071249
2025-03-16 23:21:43,470 - org.eclipse.datatools.sqltools.sql.ui - 1.3.0.202311071249
2025-03-16 23:21:43,485 - org.eclipse.cdt.dsf.gdb - 7.0.0.202211221643
2025-03-16 23:21:43,487 - org.eclipse.cdt.dsf.gdb.ui - 2.8.0.202211062329
2025-03-16 23:21:43,500 - org.eclipse.emf.common.ui - 2.20.0.v20220226-1304
2025-03-16 23:21:43,513 - org.eclipse.sequoyah.device.common.utilities - 2.1.0.N20120718-0509
2025-03-16 23:21:43,519 - org.eclipse.andmore.android.common - 0.5.1.201701251432
2025-03-16 23:21:43,524 - org.eclipse.andmore.android.codeutils - 0.5.1.201701251432
2025-03-16 23:21:43,526 - org.eclipse.andmore.android.translation - 0.5.1.201701251432
2025-03-16 23:21:43,529 - org.eclipse.andmore.android.codesnippets - 0.5.1.201701251432
2025-03-16 23:21:43,532 - org.eclipse.andmore.android.db.core - 0.5.1.201701251432
2025-03-16 23:21:43,532 - org.eclipse.andmore.android.logger - 0.5.1.201701251432
2025-03-16 23:21:43,537 - org.eclipse.andmore.android - 0.5.1.201701251432
2025-03-16 23:21:43,541 - org.eclipse.andmore.android.emulator - 0.5.1.201701251432
2025-03-16 23:21:43,543 - org.eclipse.andmore.android.launch - 0.5.1.201701251432
2025-03-16 23:21:43,561 - org.eclipse.andmore.android.packaging.ui - 0.5.1.201701251432
2025-03-16 23:21:43,564 - org.eclipse.andmore.android.handset - 0.5.1.201701251432
2025-03-16 23:21:43,566 - org.eclipse.andmore.android.remote - 0.5.1.201701251432
2025-03-16 23:21:43,567 - org.eclipse.andmore.android.win32.x86_64 - 0.5.1.201701251432
2025-03-16 23:21:43,571 - org.eclipse.andmore.android.mat - 0.5.1.201701251432
2025-03-16 23:21:43,575 - org.eclipse.andmore.android.devices.services - 0.5.1.201701251432
2025-03-16 23:21:43,577 - org.eclipse.andmore.android.db.devices - 0.5.1.201701251432
2025-03-16 23:21:43,579 - org.eclipse.andmore.android.installer - 0.5.1.201701251432
2025-03-16 23:21:43,581 - org.eclipse.andmore.android.logger.collector - 0.5.1.201701251432
2025-03-16 23:21:43,593 - org.eclipse.emf.mapping.ui - 2.10.0.v20181104-0733
2025-03-16 23:21:43,603 - net.sf.eclipsecs.branding - 10.9.3.202308241720
2025-03-16 23:21:43,608 - net.sf.eclipsecs.core - 10.9.3.202308242329
2025-03-16 23:21:43,615 - net.sf.eclipsecs.doc - 10.9.3.202308241720
2025-03-16 23:21:43,638 - net.sf.eclipsecs.checkstyle - 10.9.3.202308242329
2025-03-16 23:21:43,644 - net.sf.eclipsecs.ui - 10.9.3.202308241720
2025-03-16 23:21:43,660 - org.eclipse.sequoyah.vnc.vncviewer - 2.1.0.N20120718-0509
2025-03-16 23:21:43,679 - org.eclipse.emf.codegen.ecore.ui - 2.32.0.v20220925-1245
2025-03-16 23:21:43,692 - org.eclipse.emf.ecore.editor - 2.17.0.v20190528-0725
2025-03-16 23:21:43,701 - org.eclipse.jpt.common.eclipselink.core - 1.3.400.v202208190239
2025-03-16 23:21:43,703 - org.eclipse.jpt.common.eclipselink.branding - 1.3.101.v201902121834
2025-03-16 23:21:43,714 - org.tigris.subversion.subclipse.graph - 4.2.0.1
2025-03-16 23:21:43,722 - org.eclipse.emf.databinding - 1.6.0.v20220517-0824
2025-03-16 23:21:43,741 - org.eclipse.datatools.connectivity.sqm.core.ui - 1.5.0.202311071249
2025-03-16 23:21:43,744 - org.eclipse.datatools.connectivity.sqm.core - 1.6.0.202311071345
2025-03-16 23:21:43,747 - org.eclipse.datatools.connectivity.sqm.server.ui - 1.4.0.202311071249
2025-03-16 23:21:43,748 - org.eclipse.datatools.connectivity.ui.dse - 1.4.0.202311071249
2025-03-16 23:21:43,754 - org.eclipse.datatools.connectivity.ui - 1.5.0.202311071249
2025-03-16 23:21:43,758 - org.eclipse.datatools.connectivity - 1.15.0.202311071249
2025-03-16 23:21:43,759 - org.eclipse.datatools.help - 1.8.0.202311071249
2025-03-16 23:21:43,762 - org.eclipse.datatools.connectivity.console.profile - 1.3.0.202311071249
2025-03-16 23:21:43,775 - org.eclipse.cdt.core.native - 6.3.0.202211062329
2025-03-16 23:21:43,776 - org.eclipse.cdt.core.win32 - 6.1.0.202211062329
2025-03-16 23:21:43,778 - org.eclipse.cdt.core.win32.x86_64 - 6.1.0.202211300214
2025-03-16 23:21:43,778 - org.eclipse.cdt.native.serial - 1.3.0.202211300214
2025-03-16 23:21:43,787 - org.eclipse.cdt.launch - 10.4.0.202211062329
2025-03-16 23:21:43,796 - javax.el - 2.2.0.v201303151357
2025-03-16 23:21:43,797 - jakarta.servlet-api - 4.0.0
2025-03-16 23:21:43,799 - javax.servlet.jsp-api - 2.3.3
2025-03-16 23:21:43,801 - com.sun.el - 2.2.0.v201303151357
2025-03-16 23:21:43,808 - org.apache.jasper.glassfish - 2.2.2.v201501141630
2025-03-16 23:21:43,815 - org.apache.lucene.analyzers-common - 8.4.1.v20221112-0806
2025-03-16 23:21:43,840 - org.apache.lucene.core - 9.7.0.v20230703-0758
2025-03-16 23:21:43,845 - org.apache.lucene.analyzers-smartcn - 8.4.1.v20221112-0806
2025-03-16 23:21:43,848 - org.eclipse.equinox.http.jetty - 3.8.200.v20221109-0702
2025-03-16 23:21:43,855 - org.eclipse.equinox.http.registry - 1.3.200.v20220720-2012
2025-03-16 23:21:43,863 - org.eclipse.equinox.http.servlet - 1.7.400.v20221006-1531
2025-03-16 23:21:43,867 - org.eclipse.equinox.jsp.jasper - 1.1.700.v20220801-1124
2025-03-16 23:21:43,871 - org.eclipse.equinox.jsp.jasper.registry - 1.2.100.v20211021-1418
2025-03-16 23:21:43,876 - org.eclipse.help.base - 4.3.900.v20221123-1800
2025-03-16 23:21:43,879 - org.eclipse.help.ui - 4.4.100.v20220619-1918
2025-03-16 23:21:43,882 - org.eclipse.help.webapp - 3.10.900.v20221103-0933
2025-03-16 23:21:43,884 - org.eclipse.jetty.http - 10.0.12
2025-03-16 23:21:43,887 - org.eclipse.jetty.io - 10.0.12
2025-03-16 23:21:43,889 - org.eclipse.jetty.security - 10.0.12
2025-03-16 23:21:43,892 - org.eclipse.jetty.server - 10.0.12
2025-03-16 23:21:43,894 - org.eclipse.jetty.servlet - 10.0.12
2025-03-16 23:21:43,899 - org.eclipse.jetty.util - 10.0.12
2025-03-16 23:21:43,902 - org.eclipse.jetty.util.ajax - 10.0.12
2025-03-16 23:21:43,907 - org.eclipse.core.net - 1.4.0.v20220813-1037
2025-03-16 23:21:43,912 - org.eclipse.equinox.security - 1.3.1000.v20220801-1135
2025-03-16 23:21:43,924 - org.eclipse.egit.gitflow - 6.4.0.202211300538-r
2025-03-16 23:21:43,928 - org.eclipse.egit.gitflow.ui - 6.4.0.202211300538-r
2025-03-16 23:21:43,941 - org.eclipse.tm.terminal.connector.ssh - 4.8.0.202211062329
2025-03-16 23:21:43,966 - org.eclipse.mylyn.wikitext - 3.0.45.202211090110
2025-03-16 23:21:43,971 - org.eclipse.mylyn.wikitext.ant - 3.0.45.202211090110
2025-03-16 23:21:43,973 - org.eclipse.mylyn.wikitext.osgi - 3.0.45.202211090110
2025-03-16 23:21:43,975 - org.eclipse.mylyn.wikitext.asciidoc - 3.0.45.202211090110
2025-03-16 23:21:43,977 - org.eclipse.mylyn.wikitext.textile - 3.0.45.202211090110
2025-03-16 23:21:43,982 - org.eclipse.mylyn.wikitext.html - 3.0.45.202211090110
2025-03-16 23:21:43,985 - org.eclipse.mylyn.wikitext.markdown - 3.0.45.202211090110
2025-03-16 23:21:43,989 - org.eclipse.mylyn.wikitext.mediawiki - 3.0.45.202211090110
2025-03-16 23:21:43,992 - org.eclipse.mylyn.wikitext.confluence - 3.0.45.202211090110
2025-03-16 23:21:43,994 - org.eclipse.mylyn.wikitext.tracwiki - 3.0.45.202211090110
2025-03-16 23:21:43,996 - org.eclipse.mylyn.wikitext.twiki - 3.0.45.202211090110
2025-03-16 23:21:43,999 - org.eclipse.mylyn.wikitext.ui - 3.0.45.202211090110
2025-03-16 23:21:44,001 - org.eclipse.mylyn.wikitext.help.ui - 3.0.45.202211090110
2025-03-16 23:21:44,004 - org.eclipse.mylyn.wikitext.asciidoc.ui - 3.0.45.202211090110
2025-03-16 23:21:44,005 - org.eclipse.mylyn.wikitext.textile.ui - 3.0.45.202211090110
2025-03-16 23:21:44,006 - org.eclipse.mylyn.wikitext.markdown.ui - 3.0.45.202211090110
2025-03-16 23:21:44,010 - org.eclipse.mylyn.wikitext.mediawiki.ui - 3.0.45.202211090110
2025-03-16 23:21:44,016 - org.eclipse.mylyn.wikitext.confluence.ui - 3.0.45.202211090110
2025-03-16 23:21:44,019 - org.eclipse.mylyn.wikitext.tracwiki.ui - 3.0.45.202211090110
2025-03-16 23:21:44,021 - org.eclipse.mylyn.wikitext.twiki.ui - 3.0.45.202211090110
2025-03-16 23:21:44,030 - org.eclipse.m2e.logback - 2.1.0.20221015-0744
2025-03-16 23:21:44,042 - org.eclipse.buildship.compat - 3.1.6.v20220511-1359
2025-03-16 23:21:44,044 - org.eclipse.buildship.core - 3.1.6.v20220511-1359
2025-03-16 23:21:44,047 - org.eclipse.buildship.ui - 3.1.6.v20220511-1359
2025-03-16 23:21:44,049 - org.eclipse.buildship.branding - 3.1.6.v20220511-1359
2025-03-16 23:21:44,057 - org.eclipse.egit.core - 6.4.0.202211300538-r
2025-03-16 23:21:44,064 - org.eclipse.egit.ui - 6.4.0.202211300538-r
2025-03-16 23:21:44,066 - org.eclipse.egit - 6.4.0.202211300538-r
2025-03-16 23:21:44,072 - org.eclipse.egit.doc - 6.4.0.202211300538-r
2025-03-16 23:21:44,093 - org.eclipse.justj.openjdk.hotspot.jre.full - 17.0.6.v20230125-1136
2025-03-16 23:21:44,097 - org.eclipse.justj.openjdk.hotspot.jre.full.win32.x86_64 - 17.0.6.v20230125-1136
2025-03-16 23:21:44,118 - org.eclipse.userstorage - 1.2.0.v20210517-0327
2025-03-16 23:21:44,125 - org.eclipse.userstorage.ui - 1.1.0.v20190307-0457
2025-03-16 23:21:44,145 - org.eclipse.userstorage.oauth - 1.1.0.v20190307-0457
2025-03-16 23:21:44,183 - org.eclipse.m2e.wtp - 1.5.2.20220906-1452
2025-03-16 23:21:44,185 - org.eclipse.m2e.wtp.overlay - 1.5.0.20220805-2025
2025-03-16 23:21:44,186 - org.eclipse.m2e.wtp.overlay.ui - 1.5.0.20220805-2025
2025-03-16 23:21:44,211 - org.eclipse.tm.terminal.view.core - 4.9.0.202211062329
2025-03-16 23:21:44,219 - org.eclipse.tm.terminal.view.ui - 4.11.0.202211062329
2025-03-16 23:21:44,239 - org.eclipse.jgit.http.apache - 6.4.0.202211300538-r
2025-03-16 23:21:44,273 - org.eclipse.m2e.archetype.common - 3.2.102.20221130-2149
2025-03-16 23:21:44,277 - org.eclipse.m2e.model.edit - 2.0.100.20221115-1709
2025-03-16 23:21:44,279 - org.eclipse.m2e.core - 2.0.5.20221128-1757
2025-03-16 23:21:44,286 - org.eclipse.m2e.launching - 2.0.2.20221122-2012
2025-03-16 23:21:44,294 - org.eclipse.m2e.workspace.cli - 0.3.1
2025-03-16 23:21:44,301 - org.eclipse.m2e.jdt - 2.0.4.20221130-2135
2025-03-16 23:21:44,319 - org.eclipse.m2e.editor - 2.0.2.20221115-1709
2025-03-16 23:21:44,320 - org.eclipse.m2e.maven.runtime - 3.8.604.20221130-2149
2025-03-16 23:21:44,322 - org.eclipse.m2e.refactoring - 2.0.2.20221115-1709
2025-03-16 23:21:44,330 - org.eclipse.m2e.discovery - 2.0.1.20221101-1753
2025-03-16 23:21:44,334 - org.eclipse.m2e.core.ui - 2.0.2.20221113-1617
2025-03-16 23:21:44,342 - org.eclipse.m2e.scm - 2.0.1.20221101-1753
2025-03-16 23:21:44,346 - org.eclipse.m2e.jdt.ui - 2.0.1.20221115-1709
2025-03-16 23:21:44,350 - org.eclipse.m2e.profiles.core - 2.1.0.20221110-1338
2025-03-16 23:21:44,352 - org.eclipse.m2e.profiles.ui - 2.0.1.20221101-1753
2025-03-16 23:21:44,358 - org.eclipse.m2e.sourcelookup - 2.0.1.20221118-1906
2025-03-16 23:21:44,364 - org.eclipse.m2e.sourcelookup.ui - 2.0.1.20221118-1906
2025-03-16 23:21:44,369 - org.eclipse.m2e.binaryproject - 2.1.0.20221115-1709
2025-03-16 23:21:44,372 - org.eclipse.m2e.binaryproject.ui - 2.0.0.20220705-1221
2025-03-16 23:21:44,375 - org.eclipse.m2e.apt.core - 2.0.2.20221020-0713
2025-03-16 23:21:44,381 - org.eclipse.m2e.apt.ui - 2.0.2.20221115-1709
2025-03-16 23:21:44,383 - org.eclipse.m2e.mavenarchiver - 2.0.2.20221115-1709
2025-03-16 23:21:44,411 - org.eclipse.help - 3.9.100.v20210721-0601
2025-03-16 23:21:44,416 - org.eclipse.ui - 3.201.200.v20221024-2137
2025-03-16 23:21:44,417 - org.eclipse.ui.workbench - 3.127.0.v20221024-2137
2025-03-16 23:21:44,419 - org.eclipse.update.configurator - 3.4.1000.v20221114-1512
2025-03-16 23:21:44,420 - org.eclipse.rcp - 4.26.0.v20221123-1800
2025-03-16 23:21:44,428 - com.ibm.icu - 74.1
2025-03-16 23:21:44,463 - org.eclipse.jgit.lfs - 6.4.0.202211300538-r
2025-03-16 23:21:44,467 - org.eclipse.jgit.lfs.server - 6.4.0.202211300538-r
2025-03-16 23:21:44,517 - org.eclipse.epp.mpc.core - 1.10.1.v20221110-1841
2025-03-16 23:21:44,525 - org.eclipse.epp.mpc.core.win32 - 1.10.1.v20221110-1841
2025-03-16 23:21:44,543 - org.eclipse.epp.mpc.ui - 1.10.1.v20221110-1841
2025-03-16 23:21:44,546 - org.eclipse.epp.mpc.ui.css - 1.10.1.v20221110-1841
2025-03-16 23:21:44,550 - org.eclipse.epp.mpc.help.ui - 1.10.1.v20221110-1841
2025-03-16 23:21:44,564 - org.eclipse.jgit.gpg.bc - 6.4.0.202211300538-r
2025-03-16 23:21:44,582 - org.eclipse.pde - 3.13.2100.v20221123-1800
2025-03-16 23:21:44,592 - org.eclipse.pde.build - 3.11.400.v20220923-1253
2025-03-16 23:21:44,607 - org.eclipse.pde.core - 3.16.0.v20221119-0340
2025-03-16 23:21:44,610 - org.eclipse.pde.junit.runtime - 3.6.200.v20220523-1051
2025-03-16 23:21:44,612 - org.eclipse.pde.runtime - 3.7.500.v20221012-2030
2025-03-16 23:21:44,634 - org.eclipse.pde.ui - 3.13.700.v20221114-1716
2025-03-16 23:21:44,638 - org.eclipse.pde.doc.user - 3.14.1800.v20221121-0559
2025-03-16 23:21:44,641 - org.eclipse.pde.ui.templates - 3.7.700.v20220802-1520
2025-03-16 23:21:44,645 - org.eclipse.pde.api.tools - 1.2.1100.v20221114-1728
2025-03-16 23:21:44,649 - org.eclipse.pde.api.tools.annotations - 1.1.500.v20220813-1730
2025-03-16 23:21:44,653 - org.eclipse.pde.api.tools.ui - 1.2.700.v20220329-0844
2025-03-16 23:21:44,656 - org.eclipse.pde.ds.core - 1.2.500.v20220411-2005
2025-03-16 23:21:44,659 - org.eclipse.pde.ds.ui - 1.2.300.v20220310-2159
2025-03-16 23:21:44,662 - org.eclipse.pde.launching - 3.10.200.v20221108-1157
2025-03-16 23:21:44,666 - org.eclipse.pde.ua.core - 1.2.300.v20211004-0555
2025-03-16 23:21:44,667 - org.eclipse.pde.ua.ui - 1.2.400.v20220317-0700
2025-03-16 23:21:44,669 - org.eclipse.ui.trace - 1.2.200.v20220310-2159
2025-03-16 23:21:44,669 - org.eclipse.pde.ds.annotations - 1.2.500.v20220811-0944
2025-03-16 23:21:44,671 - org.eclipse.pde.genericeditor.extension - 1.1.300.v20220810-1011
2025-03-16 23:21:44,673 - org.eclipse.tools.layout.spy - 1.1.100.v20221111-1233
2025-03-16 23:21:44,673 - org.eclipse.pde.spy.core - 1.0.200.v20220331-1637
2025-03-16 23:21:44,674 - org.eclipse.pde.spy.model - 0.12.400.v20220621-1036
2025-03-16 23:21:44,676 - org.eclipse.pde.spy.css - 0.12.300.v20220512-1208
2025-03-16 23:21:44,676 - org.eclipse.pde.spy.preferences - 0.12.300.v20220512-1208
2025-03-16 23:21:44,677 - org.eclipse.pde.spy.context - 1.0.400.v20221119-0340
2025-03-16 23:21:44,680 - org.eclipse.pde.spy.bundle - 0.12.200.v20220512-1208
2025-03-16 23:21:44,681 - org.eclipse.pde.spy.event - 1.0.100.v20221114-1716
2025-03-16 23:21:44,687 - org.eclipse.jgit.ssh.apache - 6.4.0.202211300538-r
2025-03-16 23:21:44,689 - org.eclipse.jgit.ssh.apache.agent - 6.4.0.202211300538-r
2025-03-16 23:21:44,705 - org.eclipse.jdt - 3.18.1400.v20221123-1800
2025-03-16 23:21:44,709 - org.eclipse.ant.ui - 3.8.300.v20220718-1722
2025-03-16 23:21:44,712 - org.eclipse.jdt.apt.core - 3.7.50.v20210914-1429
2025-03-16 23:21:44,714 - org.eclipse.jdt.apt.ui - 3.7.0.v20210620-1751
2025-03-16 23:21:44,716 - org.eclipse.jdt.apt.pluggable.core - 1.3.0.v20210618-1653
2025-03-16 23:21:44,719 - org.eclipse.jdt.compiler.apt - 1.4.300.v20221108-0856
2025-03-16 23:21:44,721 - org.eclipse.jdt.compiler.tool - 1.3.200.v20220802-0458
2025-03-16 23:21:44,722 - org.eclipse.jdt.core - 3.32.0.v20221108-1853
2025-03-16 23:21:44,724 - org.eclipse.jdt.core.formatterapp - 1.1.0.v20210618-1653
2025-03-16 23:21:44,726 - org.eclipse.jdt.annotation - 2.2.700.v20220826-1026
2025-03-16 23:21:44,727 - org.eclipse.jdt.annotation - 2.2.700.v20220826-1026
2025-03-16 23:21:44,730 - org.eclipse.jdt.core.manipulation - 1.17.0.v20221026-1918
2025-03-16 23:21:44,730 - org.eclipse.jdt.debug.ui - 3.12.900.v20221001-0715
2025-03-16 23:21:44,735 - org.eclipse.jdt.debug - 3.20.0.v20220922-0905
2025-03-16 23:21:44,737 - org.eclipse.jdt.junit - 3.15.100.v20220909-2154
2025-03-16 23:21:44,740 - org.eclipse.jdt.junit.core - 3.11.500.v20221031-1935
2025-03-16 23:21:44,741 - org.eclipse.jdt.junit.runtime - 3.7.0.v20220609-1843
2025-03-16 23:21:44,743 - org.eclipse.jdt.junit4.runtime - 1.3.0.v20220609-1843
2025-03-16 23:21:44,744 - org.eclipse.jdt.junit5.runtime - 1.1.100.v20220907-0450
2025-03-16 23:21:44,746 - org.eclipse.jdt.launching - 3.19.800.v20221107-1851
2025-03-16 23:21:44,746 - org.eclipse.jdt.ui - 3.27.100.v20221122-0749
2025-03-16 23:21:44,750 - org.junit - 4.13.2.v20211018-1956
2025-03-16 23:21:44,766 - org.hamcrest.core - 1.3.0.v20180420-1519
2025-03-16 23:21:44,769 - junit-jupiter-api - 5.9.1
2025-03-16 23:21:44,771 - junit-jupiter-engine - 5.9.1
2025-03-16 23:21:44,774 - junit-jupiter-migrationsupport - 5.9.1
2025-03-16 23:21:44,776 - junit-jupiter-params - 5.9.1
2025-03-16 23:21:44,777 - junit-platform-commons - 1.9.1
2025-03-16 23:21:44,779 - junit-platform-engine - 1.9.1
2025-03-16 23:21:44,781 - junit-platform-launcher - 1.9.1
2025-03-16 23:21:44,790 - junit-platform-runner - 1.9.1
2025-03-16 23:21:44,793 - junit-platform-suite-api - 1.9.1
2025-03-16 23:21:44,796 - junit-platform-suite-commons - 1.9.1
2025-03-16 23:21:44,797 - junit-platform-suite-engine - 1.9.1
2025-03-16 23:21:44,800 - junit-vintage-engine - 5.9.1
2025-03-16 23:21:44,803 - org.opentest4j - 1.2.0
2025-03-16 23:21:44,805 - org.apiguardian.api - 1.1.2
2025-03-16 23:21:44,809 - org.eclipse.jdt.doc.user - 3.15.1600.v20221121-0559
2025-03-16 23:21:44,811 - org.eclipse.ant.launching - 1.3.400.v20220718-1722
2025-03-16 23:21:44,819 - org.eclipse.emf.common - 2.27.0.v20221121-1400
2025-03-16 23:21:44,839 - org.jboss.tools.m2e.wro4j.core - 1.2.1.202301111328
2025-03-16 23:21:44,840 - org.jboss.tools.m2e.wro4j.ui - 1.2.1.202301111328
2025-03-16 23:21:44,851 - org.eclipse.tm.terminal.control - 5.4.0.202211062329
2025-03-16 23:21:44,867 - org.sonatype.m2e.egit - 0.17.0.202209271423
2025-03-16 23:21:44,874 - org.eclipse.emf.ecore - 2.29.0.v20221121-1400
2025-03-16 23:21:44,876 - org.eclipse.emf.ecore.change - 2.14.0.v20190528-0725
2025-03-16 23:21:44,879 - org.eclipse.emf.ecore.xmi - 2.17.0.v20220817-1334
2025-03-16 23:21:44,887 - org.eclipse.wst.common.project.facet.core - 1.4.402.v202111212041
2025-03-16 23:21:44,890 - org.eclipse.wst.common.project.facet.ui - 1.4.602.v202007142017
2025-03-16 23:21:44,920 - org.eclipse.jst.common.project.facet.core - 1.12.100.v202208260526
2025-03-16 23:21:44,922 - org.eclipse.jst.common.project.facet.ui - 1.4.511.v202007142017
2025-03-16 23:21:44,931 - org.eclipse.jgit - 6.4.0.202211300538-r
2025-03-16 23:21:44,934 - org.eclipse.jgit.archive - 6.4.0.202211300538-r
2025-03-16 23:21:45,008 - org.apache.ant - 1.10.12.v20211102-1452
2025-03-16 23:21:45,010 - org.eclipse.ant.core - 3.6.500.v20220718-1722
2025-03-16 23:21:45,015 - com.jcraft.jsch - 0.1.55.v20221112-0806
2025-03-16 23:21:45,019 - org.eclipse.compare.core - 3.7.100.v20220812-1406
2025-03-16 23:21:45,021 - org.eclipse.compare - 3.8.500.v20220812-1406
2025-03-16 23:21:45,022 - org.eclipse.compare.win32 - 1.2.900.v20220812-1406
2025-03-16 23:21:45,024 - org.eclipse.core.filebuffers - 3.7.200.v20220202-1008
2025-03-16 23:21:45,027 - org.eclipse.core.filesystem - 1.9.500.v20220817-1539
2025-03-16 23:21:45,027 - org.eclipse.core.net - 1.4.0.v20220813-1037
2025-03-16 23:21:45,027 - org.eclipse.core.net.win32 - 1.0.100.v20220812-1406
2025-03-16 23:21:45,028 - org.eclipse.core.net.win32.x86_64 - 1.1.700.v20220812-1406
2025-03-16 23:21:45,030 - org.eclipse.core.resources - 3.18.100.v20221025-2047
2025-03-16 23:21:45,032 - org.eclipse.debug.core - 3.20.0.v20220811-0741
2025-03-16 23:21:45,036 - org.eclipse.debug.ui - 3.17.100.v20220926-1344
2025-03-16 23:21:45,038 - org.eclipse.e4.ui.ide - 3.16.200.v20221024-2137
2025-03-16 23:21:45,040 - org.eclipse.equinox.event - 1.6.100.v20211021-1418
2025-03-16 23:21:45,043 - org.eclipse.ltk.core.refactoring - 3.13.0.v20220822-0502
2025-03-16 23:21:45,045 - org.eclipse.ltk.ui.refactoring - 3.12.200.v20220808-2221
2025-03-16 23:21:45,046 - org.eclipse.platform - 4.26.0.v20221123-1800
2025-03-16 23:21:45,050 - org.eclipse.platform.doc.user - 4.26.0.v20221121-0559
2025-03-16 23:21:45,051 - org.eclipse.search - 3.14.300.v20220905-1020
2025-03-16 23:21:45,053 - org.eclipse.text.quicksearch - 1.1.400.v20221023-0941
2025-03-16 23:21:45,055 - org.eclipse.team.core - 3.9.600.v20220902-2219
2025-03-16 23:21:45,057 - org.eclipse.team.ui - 3.9.500.v20220920-2213
2025-03-16 23:21:45,058 - org.eclipse.text - 3.12.300.v20220921-1010
2025-03-16 23:21:45,060 - org.eclipse.jface.text - 3.22.0.v20221119-1047
2025-03-16 23:21:45,062 - org.eclipse.jsch.core - 1.4.0.v20220813-1037
2025-03-16 23:21:45,063 - org.eclipse.jsch.ui - 1.4.200.v20220812-1406
2025-03-16 23:21:45,064 - org.eclipse.ui.console - 3.11.400.v20221012-0524
2025-03-16 23:21:45,065 - org.eclipse.ui.intro - 3.6.600.v20220619-1918
2025-03-16 23:21:45,067 - org.eclipse.ui.intro.universal - 3.4.300.v20220619-1918
2025-03-16 23:21:45,070 - org.eclipse.ui.cheatsheets - 3.7.500.v20220903-1020
2025-03-16 23:21:45,072 - org.eclipse.ui.browser - 3.7.300.v20221024-2137
2025-03-16 23:21:45,073 - org.eclipse.ui.genericeditor - 1.2.300.v20220915-0924
2025-03-16 23:21:45,075 - org.eclipse.ui.monitoring - 1.2.300.v20221024-2137
2025-03-16 23:21:45,079 - org.eclipse.ui.navigator - 3.10.400.v20221024-2137
2025-03-16 23:21:45,081 - org.eclipse.ui.navigator.resources - 3.8.500.v20221024-2137
2025-03-16 23:21:45,082 - org.eclipse.ui.net - 1.4.100.v20220812-1406
2025-03-16 23:21:45,084 - org.eclipse.ui.workbench.texteditor - 3.16.600.v20220809-1658
2025-03-16 23:21:45,085 - org.eclipse.ui.views - 3.11.300.v20221024-2137
2025-03-16 23:21:45,085 - org.eclipse.ui.editors - 3.14.400.v20220730-1844
2025-03-16 23:21:45,088 - org.eclipse.ui.externaltools - 3.5.200.v20220618-1805
2025-03-16 23:21:45,094 - org.eclipse.ui.ide - 3.20.0.v20221027-2208
2025-03-16 23:21:45,096 - org.eclipse.ui.ide.application - 1.4.600.v20221024-2137
2025-03-16 23:21:45,096 - org.eclipse.ui.win32 - 3.4.500.v20221024-2137
2025-03-16 23:21:45,096 - org.eclipse.core.resources.win32.x86_64 - 3.5.500.v20220812-1420
2025-03-16 23:21:45,097 - org.eclipse.core.filesystem.win32.x86_64 - 1.4.300.v20220812-1420
2025-03-16 23:21:45,097 - org.eclipse.core.variables - 3.5.100.v20210721-1355
2025-03-16 23:21:45,099 - org.eclipse.ui.forms - 3.11.500.v20221024-2137
2025-03-16 23:21:45,119 - org.eclipse.ui.views.properties.tabbed - 3.9.300.v20221024-2137
2025-03-16 23:21:45,120 - org.eclipse.equinox.security - 1.3.1000.v20220801-1135
2025-03-16 23:21:45,122 - org.eclipse.equinox.security.ui - 1.3.400.v20221007-1815
2025-03-16 23:21:45,128 - org.eclipse.equinox.security.win32.x86_64 - 1.1.300.v20211021-1418
2025-03-16 23:21:45,132 - org.eclipse.core.externaltools - 1.2.300.v20220618-1805
2025-03-16 23:21:45,133 - org.eclipse.ui.themes - 1.2.2100.v20221024-2137
2025-03-16 23:21:45,134 - org.eclipse.core.runtime - 3.26.100.v20221021-0005
2025-03-16 23:21:45,142 - org.eclipse.ui.intro.quicklinks - 1.1.200.v20220619-1918
2025-03-16 23:21:45,144 - org.eclipse.team.genericeditor.diff.extension - 1.1.100.v20220812-1406
2025-03-16 23:21:45,146 - org.eclipse.urischeme - 1.2.200.v20221024-2137
2025-03-16 23:21:45,147 - org.eclipse.ui.views.log - 1.3.400.v20220907-1244
2025-03-16 23:21:45,150 - org.eclipse.debug.ui.launchview - 1.0.300.v20220811-0741
2025-03-17 20:44:40,180 - os.name - Windows 11
2025-03-17 20:44:40,181 - os.arch - amd64
2025-03-17 20:44:40,182 - os.version - 10.0
2025-03-17 20:44:40,182 - java.version - 17.0.6
2025-03-17 20:44:40,182 - java.vendor - Eclipse Adoptium
2025-03-17 20:44:40,182 - java.vendor.url - https://adoptium.net/
2025-03-17 20:44:40,182 - java.home - C:\ProgramData\chocolatey\lib\SpringToolSuite\tools\sts-4.17.2.RELEASE\plugins\org.eclipse.justj.openjdk.hotspot.jre.full.win32.x86_64_17.0.6.v20230125-1136\jre
2025-03-17 20:44:40,182 - java.vm.specification.name - Java Virtual Machine Specification
2025-03-17 20:44:40,182 - java.vm.specification.vendor - Oracle Corporation
2025-03-17 20:44:40,182 - java.vm.specification.version - 17
2025-03-17 20:44:40,182 - java.class.path - C:\ProgramData\chocolatey\lib\SpringToolSuite\tools\sts-4.17.2.RELEASE\\plugins/org.eclipse.equinox.launcher_1.6.400.v20210924-0641.jar
2025-03-17 20:44:40,182 - java.library.path - C:\ProgramData\chocolatey\lib\SpringToolSuite\tools\sts-4.17.2.RELEASE;C:\WINDOWS\Sun\Java\bin;C:\WINDOWS\system32;C:\WINDOWS;C:/ProgramData/chocolatey/lib/SpringToolSuite/tools/sts-4.17.2.RELEASE//plugins/org.eclipse.justj.openjdk.hotspot.jre.full.win32.x86_64_17.0.6.v20230125-1136/jre/bin/server;C:/ProgramData/chocolatey/lib/SpringToolSuite/tools/sts-4.17.2.RELEASE//plugins/org.eclipse.justj.openjdk.hotspot.jre.full.win32.x86_64_17.0.6.v20230125-1136/jre/bin;C:\Program Files\Microsoft MPI\Bin\;C:\Program Files\Microsoft\jdk-11.0.16.101-hotspot\bin;C:\Program Files\Common Files\Oracle\Java\javapath;C:\Program Files (x86)\Common Files\Oracle\Java\java8path;C:\Program Files (x86)\Common Files\Oracle\Java\javapath;C:\app\ASUS\product\21c\dbhomeXE\bin;C:\Program Files (x86)\VMware\VMware Player\bin\;C:\Users\ASUS\AppData\Local\Microsoft\WindowsApps;C:\Users\ASUS\AppData\Local\Programs\Microsoft VS Code\bin;C:\Program Files\JetBrains\PhpStorm 2022.2.3\bin;C:\Users\ASUS\AppData\Roaming\npm;C:\Users\ASUS\AppData\Roaming\Composer\vendor\bin;C:\Program Files\PostgreSQL\14\bin;C:\Program Files\Java\jdk-19\bin;C:\Program Files\Microsoft SQL Server\Client SDK\ODBC\170\Tools\Binn\;C:\Program Files\Java\jdk-19\bin;C:\src\flutter\bin\cache\dart-sdk\bin;C:\Users\ASUS\AppData\Local\Pub\Cache\bin;%JRE_HOME%\bin;C:\Users\ASUS\AppData\Local\Programs\Python\Python311;C:\composer;C:\Program Files (x86)\Microsoft SQL Server\160\Tools\Binn\;C:\Program Files\Microsoft SQL Server\160\Tool;C:\Program Files\nodejs\;C:\Program Files\Docker\Docker\resources\bin;C:\Program Files\Java\maven\apache-maven-3.8.6\bin;C:\Program Files\Microsoft MPI\Bin\;C:\Program Files\Microsoft\jdk-11.0.16.101-hotspot\bin;C:\Program Files\Common Files\Oracle\Java\javapath;C:\Program Files (x86)\Common Files\Oracle\Java\java8path;C:\Program Files (x86)\Common Files\Oracle\Java\javapath;C:\app\ASUS\product\21c\dbhomeXE\bin;C:\Program Files (x86)\VMware\VMware Player\bin\;C:\Users\ASUS\AppData\Local\Microsoft\WindowsApps;C:\Users\ASUS\AppData\Local\Programs\Microsoft VS Code\bin;C:\Program Files\JetBrains\PhpStorm 2022.2.3\bin;C:\Users\ASUS\AppData\Roaming\npm;C:\Users\ASUS\AppData\Roaming\Composer\vendor\bin;C:\Program Files\PostgreSQL\14\bin;C:\Program Files\Java\jdk-19\bin;C:\Program Files\Microsoft SQL Server\Client SDK\ODBC\170\Tools\Binn\;C:\Program Files\Java\jdk-19\bin;C:\src\flutter\bin\cache\dart-sdk\bin;C:\Users\ASUS\AppData\Local\Pub\Cache\bin;%JRE_HOME%\bin;C:\Users\ASUS\AppData\Local\Programs\Python\Python311;C:\composer;C:\Program Files (x86)\Microsoft SQL Server\160\Tools\Binn\;C:\Program Files\Microsoft SQL Server\160\Tool;C:\Program Files\\Elastic\Beats\8.17.0\metricbeat;C:\Users\ASUS\.lmstudio\bin;;C:\ProgramData\chocolatey\bin;;.
2025-03-17 20:44:40,182 - --------------------------------------
2025-03-17 20:44:40,182 - ## Eclipse Plug-ins Log Information ##
2025-03-17 20:44:40,182 - --------------------------------------
2025-03-17 20:44:40,297 - org.tigris.subversion.subclipse.core - 4.3.4.202306191346
2025-03-17 20:44:40,305 - org.tigris.subversion.subclipse.ui - 4.3.4.202306191346
2025-03-17 20:44:40,310 - com.collabnet.subversion.merge - 4.2.0.1
2025-03-17 20:44:40,311 - org.tigris.subversion.clientadapter - 1.10.0
2025-03-17 20:44:40,322 - org.eclipse.andmore.hierarchyviewer - 0.5.1.201701251432
2025-03-17 20:44:40,339 - org.eclipse.sequoyah.device.backward - 2.1.0.N20120718-0509
2025-03-17 20:44:40,345 - org.eclipse.sequoyah.device.framework - 2.1.0.N20120718-0509
2025-03-17 20:44:40,347 - org.eclipse.sequoyah.device.framework.ui - 2.1.0.N20120718-0509
2025-03-17 20:44:40,349 - org.eclipse.sequoyah.device.service.start - 2.1.0.N20120718-0509
2025-03-17 20:44:40,352 - org.eclipse.sequoyah.device.service.stop - 2.1.0.N20120718-0509
2025-03-17 20:44:40,354 - org.eclipse.sequoyah.device.framework.wizard - 2.1.0.N20120718-0509
2025-03-17 20:44:40,370 - org.eclipse.cdt.managedbuilder.gnu.ui - 8.5.0.202211211546
2025-03-17 20:44:40,371 - org.eclipse.cdt.build.gcc.core - 2.0.0.202211181555
2025-03-17 20:44:40,375 - org.eclipse.cdt.build.gcc.ui - 1.2.0.202211062329
2025-03-17 20:44:40,393 - org.eclipse.gef - 3.16.0.202311222042
2025-03-17 20:44:40,436 - org.eclipse.cdt - 11.0.0.202211062329
2025-03-17 20:44:40,441 - org.eclipse.cdt.core - 8.0.0.202211292120
2025-03-17 20:44:40,443 - org.eclipse.cdt.codan.core - 4.2.0.202211062329
2025-03-17 20:44:40,447 - org.eclipse.cdt.codan.ui - 3.5.0.202211062329
2025-03-17 20:44:40,449 - org.eclipse.cdt.codan.core.cxx - 3.6.0.202211062329
2025-03-17 20:44:40,452 - org.eclipse.cdt.codan.ui.cxx - 3.7.0.202211101937
2025-03-17 20:44:40,458 - org.eclipse.cdt.codan.checkers - 3.5.0.202211062329
2025-03-17 20:44:40,460 - org.eclipse.cdt.codan.checkers.ui - 3.4.0.202211062329
2025-03-17 20:44:40,463 - org.eclipse.cdt.debug.core - 8.8.0.202211072232
2025-03-17 20:44:40,472 - org.eclipse.cdt.debug.ui - 8.5.0.202211100047
2025-03-17 20:44:40,484 - org.eclipse.cdt.make.core - 7.6.0.202211062329
2025-03-17 20:44:40,492 - org.eclipse.cdt.make.ui - 8.2.0.202211062329
2025-03-17 20:44:40,494 - org.eclipse.cdt.managedbuilder.core - 9.5.0.202211211546
2025-03-17 20:44:40,497 - org.eclipse.cdt.managedbuilder.headlessbuilderapp - 1.1.0.202211062329
2025-03-17 20:44:40,502 - org.eclipse.cdt.managedbuilder.ui - 9.4.0.202211211546
2025-03-17 20:44:40,508 - org.eclipse.cdt.ui - 8.0.0.202211292120
2025-03-17 20:44:40,515 - org.eclipse.cdt.doc.user - 5.5.0.202211211546
2025-03-17 20:44:40,517 - org.eclipse.cdt.dsf - 2.12.0.202211062329
2025-03-17 20:44:40,520 - org.eclipse.cdt.dsf.ui - 2.7.0.202211062329
2025-03-17 20:44:40,521 - org.eclipse.cdt.flatpak.launcher - 1.1.0.202211062329
2025-03-17 20:44:40,526 - org.eclipse.cdt.native.serial - 1.3.0.202211300214
2025-03-17 20:44:40,529 - org.eclipse.cdt.platform.branding - 11.0.0.202211062329
2025-03-17 20:44:40,546 - javax.persistence - 2.2.1.v201807122140
2025-03-17 20:44:40,548 - org.eclipse.jpt.jpa.annotate - 1.0.101.v201902121834
2025-03-17 20:44:40,553 - org.eclipse.jpt.jpa.core - 3.6.1.v202301061019
2025-03-17 20:44:40,560 - org.eclipse.jpt.jpa.db - 2.2.201.v202301061019
2025-03-17 20:44:40,562 - org.eclipse.jpt.jpa.db.ui - 2.1.201.v201902121834
2025-03-17 20:44:40,565 - org.eclipse.jpt.jpa.gen - 2.3.201.v202301061019
2025-03-17 20:44:40,582 - org.eclipse.jpt.jpa.ui - 3.6.100.v202305092307
2025-03-17 20:44:40,586 - org.eclipse.jpt.doc.user - 3.2.101.v201902121834
2025-03-17 20:44:40,594 - org.eclipse.persistence.jpa.jpql - 2.7.3.v20180807-4be1041
2025-03-17 20:44:40,598 - org.apache.commons.collections - 3.2.2.v20220405-1659
2025-03-17 20:44:40,604 - org.apache.commons.lang - 2.6.0.v20220406-2305
2025-03-17 20:44:40,608 - org.apache.velocity - 1.5.0.v200905192330
2025-03-17 20:44:40,611 - org.jdom - 1.1.1.v201101151400
2025-03-17 20:44:40,613 - org.eclipse.jpt.jpa.branding - 3.4.1.v201902121834
2025-03-17 20:44:40,619 - org.sonarlint.eclipse.core - 7.13.0.80073
2025-03-17 20:44:40,624 - org.sonarlint.eclipse.ui - 7.13.0.80073
2025-03-17 20:44:40,626 - org.sonarsource.sonarlint.core.sonarlint-core-osgi - 9.0.0.74282
2025-03-17 20:44:40,628 - org.sonarlint.eclipse.cdt - 7.13.0.80073
2025-03-17 20:44:40,631 - org.sonarlint.eclipse.jdt - 7.13.0.80073
2025-03-17 20:44:40,634 - org.sonarlint.eclipse.m2e - 7.13.0.80073
2025-03-17 20:44:40,639 - org.jetbrains.kotlin.osgi-bundle - 1.6.21
2025-03-17 20:44:40,642 - org.slf4j.api - 1.7.30.v20221112-0806
2025-03-17 20:44:40,653 - org.eclipse.emf.codegen.ui - 2.23.0.v20210412-0833
2025-03-17 20:44:40,664 - org.eclipse.datatools.enablement.sqlite - 1.3.0.202305310959
2025-03-17 20:44:40,666 - org.eclipse.datatools.enablement.sqlite.dbdefinition - 1.3.0.202305310959
2025-03-17 20:44:40,668 - org.eclipse.datatools.enablement.sqlite.ui - 1.3.0.202305310959
2025-03-17 20:44:40,670 - org.eclipse.datatools.enablement.finfo - 1.8.0.202305310959
2025-03-17 20:44:40,683 - org.eclipse.jpt.common.utility - 2.4.1.v202301061019
2025-03-17 20:44:40,685 - org.eclipse.jpt.common.core - 1.5.1.v202301061019
2025-03-17 20:44:40,689 - org.eclipse.jpt.common.ui - 1.4.201.v202301061019
2025-03-17 20:44:40,693 - org.eclipse.jpt.common.branding - 1.4.1.v201902121834
2025-03-17 20:44:40,727 - jsonedit-core - 1.1.3
2025-03-17 20:44:40,729 - jsonedit-folding - 1.1.3
2025-03-17 20:44:40,731 - jsonedit-model - 1.1.3
2025-03-17 20:44:40,733 - jsonedit-outline - 1.1.3
2025-03-17 20:44:40,734 - jsonedit-preferences - 1.1.3
2025-03-17 20:44:40,735 - jsonedit-text - 1.1.3
2025-03-17 20:44:40,739 - jsonedit-editor - 1.1.3
2025-03-17 20:44:40,748 - org.eclipse.emf.converter - 2.11.0.v20220706-1313
2025-03-17 20:44:40,751 - org.eclipse.emf.importer - 2.12.0.v20190321-1539
2025-03-17 20:44:40,753 - org.eclipse.emf.exporter - 2.10.0.v20190321-1530
2025-03-17 20:44:40,755 - org.eclipse.emf.importer.ecore - 2.10.0.v20200324-0723
2025-03-17 20:44:40,757 - org.eclipse.emf.importer.java - 2.11.0.v20200324-0723
2025-03-17 20:44:40,759 - org.eclipse.emf.importer.rose - 2.11.0.v20210405-0904
2025-03-17 20:44:40,770 - org.eclipse.emf.edit.ui - 2.22.0.v20220619-0533
2025-03-17 20:44:40,782 - org.eclipse.persistence.moxy - 2.7.3.v20180807-4be1041
2025-03-17 20:44:40,785 - org.eclipse.jpt.jaxb.eclipselink.core - 1.3.201.v201902121834
2025-03-17 20:44:40,787 - org.eclipse.jpt.jaxb.eclipselink.ui - 1.4.201.v201902121834
2025-03-17 20:44:40,789 - org.eclipse.jpt.jaxb.eclipselink.core.schemagen - 1.2.202.v202104080213
2025-03-17 20:44:40,791 - org.eclipse.jpt.jaxb.eclipselink.branding - 1.4.101.v201902121834
2025-03-17 20:44:40,809 - de.anbos.eclipse.easyshell.plugin - 2.3.0.v20230630-1658
2025-03-17 20:44:40,819 - org.eclipse.sequoyah.vnc.vncviewer.vncviews - 2.1.0.N20120718-0509
2025-03-17 20:44:40,825 - org.jdom - 1.1.1.v201101151400
2025-03-17 20:44:40,828 - org.eclipse.jst.ws.cxf.consumption.core - 1.0.400.v201902162149
2025-03-17 20:44:40,829 - org.eclipse.jst.ws.cxf.consumption.ui - 1.0.500.v201910301957
2025-03-17 20:44:40,833 - org.eclipse.jst.ws.cxf.core - 1.1.600.v202107101953
2025-03-17 20:44:40,834 - org.eclipse.jst.ws.cxf.creation.core - 1.0.500.v201902162149
2025-03-17 20:44:40,837 - org.eclipse.jst.ws.cxf.creation.ui - 1.0.400.v201910301957
2025-03-17 20:44:40,839 - org.eclipse.jst.ws.cxf.ui - 1.0.500.v202104210249
2025-03-17 20:44:40,845 - javax.wsdl - 1.6.2.v201012040545
2025-03-17 20:44:40,847 - javax.jws - 2.0.0.v201005080400
2025-03-17 20:44:40,850 - jakarta.xml.bind - 2.3.3.v20221203-1659
2025-03-17 20:44:40,852 - javax.xml.stream - 1.0.1.v201004272200
2025-03-17 20:44:40,855 - javax.xml.ws - 2.1.0.v200902101523
2025-03-17 20:44:40,867 - org.eclipse.datatools.sqltools.common.ui - 1.3.0.202311071249
2025-03-17 20:44:40,869 - org.eclipse.datatools.sqltools.debugger.core - 1.3.0.202311071249
2025-03-17 20:44:40,871 - org.eclipse.datatools.sqltools.editor.core - 1.3.0.202311071249
2025-03-17 20:44:40,873 - org.eclipse.datatools.sqltools.plan - 1.3.0.202311071249
2025-03-17 20:44:40,875 - org.eclipse.datatools.sqltools.routineeditor - 1.3.0.202311071249
2025-03-17 20:44:40,877 - org.eclipse.datatools.sqltools.sql - 1.3.0.202311071249
2025-03-17 20:44:40,881 - org.eclipse.datatools.sqltools.sqleditor - 1.3.0.202311071249
2025-03-17 20:44:40,884 - org.eclipse.datatools.sqltools.sqlscrapbook - 1.3.0.202311071249
2025-03-17 20:44:40,886 - org.eclipse.datatools.help - 1.8.0.202311071249
2025-03-17 20:44:40,889 - org.eclipse.datatools.sqltools.db.generic - 1.3.0.202311071249
2025-03-17 20:44:40,892 - org.eclipse.datatools.sqltools.debugger.core.ui - 1.3.0.202311071249
2025-03-17 20:44:40,897 - org.eclipse.datatools.sqltools.editor.core.ui - 1.3.0.202311071249
2025-03-17 20:44:40,912 - org.eclipse.datatools.sqltools.result.ui - 1.4.0.202311071249
2025-03-17 20:44:40,915 - org.eclipse.datatools.sqltools.routineeditor.ui - 1.3.0.202311071249
2025-03-17 20:44:40,917 - org.eclipse.datatools.sqltools.sql.ui - 1.3.0.202311071249
2025-03-17 20:44:40,941 - org.eclipse.m2e.wtp.jsf - 1.6.0.20230118-0812
2025-03-17 20:44:40,971 - org.objectweb.asm - 9.6
2025-03-17 20:44:40,971 - org.eclipse.andmore - 0.5.1.201701251432
2025-03-17 20:44:40,971 - org.eclipse.andmore.base - 0.5.1.201701251432
2025-03-17 20:44:40,973 - org.eclipse.andmore.ddms - 0.5.1.201701251432
2025-03-17 20:44:40,975 - org.eclipse.andmore.overlay - 0.5.1.201701251432
2025-03-17 20:44:40,977 - org.apache.commons.codec - 1.14.0.v20221112-0806
2025-03-17 20:44:40,992 - org.apache.commons.compress - 1.21.0.v20211103-2100
2025-03-17 20:44:40,997 - org.apache.httpcomponents.httpclient - 4.5.13.v20221112-0806
2025-03-17 20:44:41,004 - org.apache.httpcomponents.httpcore - 4.4.15.v20220209-2345
2025-03-17 20:44:41,073 - org.eclipse.datatools.modelbase.dbdefinition - 1.3.0.202305310959
2025-03-17 20:44:41,091 - org.eclipse.datatools.modelbase.sql.edit - 1.3.0.202305310959
2025-03-17 20:44:41,107 - org.eclipse.datatools.modelbase.sql.query - 1.4.0.202305310959
2025-03-17 20:44:41,118 - org.eclipse.datatools.modelbase.sql.query.edit - 1.3.0.202305310959
2025-03-17 20:44:41,125 - org.eclipse.datatools.modelbase.sql.xml.query - 1.3.0.202305310959
2025-03-17 20:44:41,139 - org.eclipse.datatools.modelbase.sql - 1.3.0.202305310959
2025-03-17 20:44:41,164 - org.eclipse.emf.mapping - 2.12.0.v20181104-0733
2025-03-17 20:44:41,380 - org.eclipse.jpt.jaxb.core - 1.4.101.v201902121834
2025-03-17 20:44:41,386 - org.eclipse.jpt.jaxb.core.schemagen - 1.1.202.v202104080213
2025-03-17 20:44:41,426 - org.eclipse.jpt.jaxb.ui - 1.5.200.v202301061019
2025-03-17 20:44:41,429 - org.eclipse.jpt.jaxb.branding - 1.4.1.v201902121834
2025-03-17 20:44:41,453 - org.eclipse.emf.mapping.ecore.editor - 2.8.0.v20180706-1146
2025-03-17 20:44:41,455 - org.eclipse.emf.mapping.ecore2ecore.editor - 2.10.0.v20181104-0733
2025-03-17 20:44:41,479 - org.eclipse.emf.mapping.ecore2xml.ui - 2.12.0.v20190528-0725
2025-03-17 20:44:41,510 - org.eclipse.datatools.enablement.finfo - 1.8.0.202305310959
2025-03-17 20:44:41,513 - org.eclipse.datatools.sqltools.db.derby.ui - 1.3.0.202305310959
2025-03-17 20:44:41,515 - org.eclipse.datatools.sqltools.db.generic.ui - 1.3.0.202305310959
2025-03-17 20:44:41,589 - org.eclipse.jst.ws.axis2.core - 1.0.300.v201903050508
2025-03-17 20:44:41,594 - org.eclipse.jst.ws.axis2.ui - 1.0.400.v201903050508
2025-03-17 20:44:41,597 - org.eclipse.jst.ws.axis2.consumption.core - 1.0.200.v201903050508
2025-03-17 20:44:41,602 - org.eclipse.jst.ws.axis2.consumption.ui - 1.0.200.v201903050508
2025-03-17 20:44:41,606 - org.eclipse.jst.ws.axis2.creation.core - 1.0.200.v201903050508
2025-03-17 20:44:41,616 - org.eclipse.jst.ws.axis2.creation.ui - 1.0.200.v201903050508
2025-03-17 20:44:41,624 - org.eclipse.jst.ws.axis2.ui.doc.user - 1.0.200.v201903222115
2025-03-17 20:44:41,669 - org.testng.eclipse - 7.8.0.202308061717
2025-03-17 20:44:41,772 - org.eclipse.emf.ecore.edit - 2.13.0.v20190822-1451
2025-03-17 20:44:41,781 - org.eclipse.emf.ecore.change.edit - 2.8.0.v20180706-1146
2025-03-17 20:44:41,834 - org.eclipse.sequoyah.vnc.protocol - 2.1.0.N20120718-0509
2025-03-17 20:44:41,870 - org.eclipse.persistence.antlr - 3.5.2.v201711011707
2025-03-17 20:44:41,881 - org.eclipse.persistence.asm - 6.2.0.v201808041549
2025-03-17 20:44:41,896 - org.eclipse.persistence.core - 2.7.3.v20180807-4be1041
2025-03-17 20:44:41,909 - org.eclipse.persistence.jpa - 2.7.3.v20180807-4be1041
2025-03-17 20:44:41,937 - org.eclipse.jpt.jpa.eclipselink.core - 2.4.101.v201902121834
2025-03-17 20:44:41,951 - org.eclipse.jpt.jpa.eclipselink.ui - 2.4.101.v202301061019
2025-03-17 20:44:41,957 - org.eclipse.jpt.jpa.eclipselink.core.ddlgen - 2.2.201.v201902121834
2025-03-17 20:44:41,964 - org.eclipse.jpt.jpa.eclipselink.branding - 3.4.1.v201902121834
2025-03-17 20:44:41,991 - org.eclipse.emf.mapping.ecore - 2.8.0.v20180706-1146
2025-03-17 20:44:41,993 - org.eclipse.emf.mapping.ecore2ecore - 2.11.0.v20180706-1146
2025-03-17 20:44:41,995 - org.eclipse.emf.mapping.ecore2xml - 2.11.0.v20180706-1146
2025-03-17 20:44:42,005 - org.eclipse.andmore.traceview - 0.5.1.201701251432
2025-03-17 20:44:42,050 - org.eclipse.m2e.wtp.jpa - 1.6.0.20230118-0812
2025-03-17 20:44:42,060 - org.eclipse.sequoyah.localization.android - 2.1.0.N20120718-0509
2025-03-17 20:44:42,063 - org.eclipse.sequoyah.localization.android.help - 2.1.1.N20120718-0509
2025-03-17 20:44:42,074 - org.eclipse.emf.codegen - 2.22.0.v20210420-0623
2025-03-17 20:44:42,089 - org.eclipse.wst.sse.ui - 1.7.600.v202211200019
2025-03-17 20:44:42,093 - org.eclipse.wst.xml.ui - 1.2.700.v202305221615
2025-03-17 20:44:42,145 - org.eclipse.emf - 2.8.0.v20180706-1146
2025-03-17 20:44:42,160 - org.eclipse.datatools.doc.user - 1.15.0.202311071249
2025-03-17 20:44:42,163 - org.eclipse.datatools.oda.cshelp - 1.5.0.202311071249
2025-03-17 20:44:42,163 - org.eclipse.datatools.help - 1.8.0.202311071249
2025-03-17 20:44:42,183 - org.eclipse.jst.ws.jaxws.core - 1.0.600.v202104210249
2025-03-17 20:44:42,186 - org.eclipse.jst.ws.jaxws.ui - 1.0.600.v202008101342
2025-03-17 20:44:42,191 - javax.xml.ws - 2.1.0.v200902101523
2025-03-17 20:44:42,191 - javax.jws - 2.0.0.v201005080400
2025-03-17 20:44:42,196 - org.eclipse.jst.ws.annotations.core - 1.2.200.v202008101342
2025-03-17 20:44:42,196 - jakarta.xml.bind - 2.3.3.v20221203-1659
2025-03-17 20:44:42,196 - javax.xml.stream - 1.0.1.v201004272200
2025-03-17 20:44:42,198 - org.eclipse.jst.ws.jaxb.core - 1.0.200.v201902162203
2025-03-17 20:44:42,198 - javax.wsdl - 1.6.2.v201012040545
2025-03-17 20:44:42,198 - org.jdom - 1.1.1.v201101151400
2025-03-17 20:44:42,216 - org.contextmapper.dsl - 6.11.0
2025-03-17 20:44:42,217 - org.contextmapper.dsl.ide - 6.11.0
2025-03-17 20:44:42,221 - org.contextmapper.dsl.ui - 6.11.0
2025-03-17 20:44:42,258 - org.eclipse.draw2d - 3.14.100.202311222042
2025-03-17 20:44:42,284 - org.tigris.subversion.clientadapter.svnkit - 1.8.12.3
2025-03-17 20:44:42,296 - org.eclipse.emf.edit - 2.17.0.v20220201-1551
2025-03-17 20:44:42,306 - edu.umd.cs.findbugs.plugin.eclipse - 3.0.1.20150306-5afe4d1
2025-03-17 20:44:42,318 - com.github.spotbugs.plugin.eclipse - 4.7.3.r202210170504-fa9e53a
2025-03-17 20:44:42,368 - org.eclipse.wst.json.ui - 1.0.700.v202305221615
2025-03-17 20:44:42,371 - org.eclipse.wst.json.bower.ui - 1.0.300.v202305221615
2025-03-17 20:44:42,374 - org.eclipse.wst.json.eslint.ui - 1.0.300.v202305221615
2025-03-17 20:44:42,377 - org.eclipse.wst.json.jshint.ui - 1.0.300.v202305221615
2025-03-17 20:44:42,379 - org.eclipse.wst.json.npm.ui - 1.0.200.v202305221615
2025-03-17 20:44:42,386 - org.eclipse.emf.databinding.edit - 1.7.0.v20210113-0340
2025-03-17 20:44:42,402 - org.eclipse.emf.codegen.ecore - 2.32.0.v20221121-1400
2025-03-17 20:44:42,404 - org.eclipse.emf.ant - 2.11.0.v20200324-0723
2025-03-17 20:44:42,413 - org.eclipse.andmore.ndk - 0.5.1.201701251432
2025-03-17 20:44:42,445 - org.eclipse.andmore.gldebugger - 0.5.1.201701251432
2025-03-17 20:44:42,455 - com.amashchenko.eclipse.strutsclipse.tiles - 1.5.0.201803051747
2025-03-17 20:44:42,463 - com.amashchenko.eclipse.strutsclipse.plugin - 1.5.0.201803051747
2025-03-17 20:44:42,482 - org.eclipse.andmore.android.certmanager - 0.5.1.201701251432
2025-03-17 20:44:42,494 - net.mihai-nita.ansicon.plugin - 1.4.8.202208270854
2025-03-17 20:44:42,524 - org.eclipse.cdt.gdb - 7.2.0.202211062329
2025-03-17 20:44:42,525 - org.eclipse.cdt.gdb.ui - 7.2.0.202211062329
2025-03-17 20:44:42,540 - org.eclipse.sequoyah.localization.tools - 2.1.0.N20120718-0509
2025-03-17 20:44:42,542 - org.eclipse.sequoyah.localization.editor - 2.1.0.N20120718-0509
2025-03-17 20:44:42,552 - org.eclipse.m2e.wtp.jaxrs - 1.6.0.20230118-0812
2025-03-17 20:44:42,558 - org.eclipse.datatools.sqltools.sql - 1.3.0.202311071249
2025-03-17 20:44:42,558 - org.eclipse.datatools.sqltools.common.ui - 1.3.0.202311071249
2025-03-17 20:44:42,558 - org.eclipse.datatools.sqltools.plan - 1.3.0.202311071249
2025-03-17 20:44:42,558 - org.eclipse.datatools.sqltools.editor.core - 1.3.0.202311071249
2025-03-17 20:44:42,558 - org.eclipse.datatools.sqltools.sqleditor - 1.3.0.202311071249
2025-03-17 20:44:42,560 - org.eclipse.datatools.sqltools.ddlgen.ui - 1.3.0.202311071249
2025-03-17 20:44:42,562 - org.eclipse.datatools.connectivity.db.generic - 1.3.0.202311071249
2025-03-17 20:44:42,562 - org.eclipse.datatools.sqltools.editor.core.ui - 1.3.0.202311071249
2025-03-17 20:44:42,562 - org.eclipse.datatools.sqltools.sql.ui - 1.3.0.202311071249
2025-03-17 20:44:42,575 - org.eclipse.cdt.dsf.gdb - 7.0.0.202211221643
2025-03-17 20:44:42,577 - org.eclipse.cdt.dsf.gdb.ui - 2.8.0.202211062329
2025-03-17 20:44:42,588 - org.eclipse.emf.common.ui - 2.20.0.v20220226-1304
2025-03-17 20:44:42,602 - org.eclipse.sequoyah.device.common.utilities - 2.1.0.N20120718-0509
2025-03-17 20:44:42,615 - org.eclipse.andmore.android.common - 0.5.1.201701251432
2025-03-17 20:44:42,620 - org.eclipse.andmore.android.codeutils - 0.5.1.201701251432
2025-03-17 20:44:42,623 - org.eclipse.andmore.android.translation - 0.5.1.201701251432
2025-03-17 20:44:42,631 - org.eclipse.andmore.android.codesnippets - 0.5.1.201701251432
2025-03-17 20:44:42,636 - org.eclipse.andmore.android.db.core - 0.5.1.201701251432
2025-03-17 20:44:42,636 - org.eclipse.andmore.android.logger - 0.5.1.201701251432
2025-03-17 20:44:42,639 - org.eclipse.andmore.android - 0.5.1.201701251432
2025-03-17 20:44:42,650 - org.eclipse.andmore.android.emulator - 0.5.1.201701251432
2025-03-17 20:44:42,651 - org.eclipse.andmore.android.launch - 0.5.1.201701251432
2025-03-17 20:44:42,655 - org.eclipse.andmore.android.packaging.ui - 0.5.1.201701251432
2025-03-17 20:44:42,658 - org.eclipse.andmore.android.handset - 0.5.1.201701251432
2025-03-17 20:44:42,689 - org.eclipse.andmore.android.remote - 0.5.1.201701251432
2025-03-17 20:44:42,694 - org.eclipse.andmore.android.win32.x86_64 - 0.5.1.201701251432
2025-03-17 20:44:42,697 - org.eclipse.andmore.android.mat - 0.5.1.201701251432
2025-03-17 20:44:42,699 - org.eclipse.andmore.android.devices.services - 0.5.1.201701251432
2025-03-17 20:44:42,704 - org.eclipse.andmore.android.db.devices - 0.5.1.201701251432
2025-03-17 20:44:42,706 - org.eclipse.andmore.android.installer - 0.5.1.201701251432
2025-03-17 20:44:42,709 - org.eclipse.andmore.android.logger.collector - 0.5.1.201701251432
2025-03-17 20:44:42,721 - org.eclipse.emf.mapping.ui - 2.10.0.v20181104-0733
2025-03-17 20:44:42,748 - net.sf.eclipsecs.branding - 10.9.3.202308241720
2025-03-17 20:44:42,757 - net.sf.eclipsecs.core - 10.9.3.202308242329
2025-03-17 20:44:42,761 - net.sf.eclipsecs.doc - 10.9.3.202308241720
2025-03-17 20:44:42,775 - net.sf.eclipsecs.checkstyle - 10.9.3.202308242329
2025-03-17 20:44:42,778 - net.sf.eclipsecs.ui - 10.9.3.202308241720
2025-03-17 20:44:42,787 - org.eclipse.sequoyah.vnc.vncviewer - 2.1.0.N20120718-0509
2025-03-17 20:44:42,801 - org.eclipse.emf.codegen.ecore.ui - 2.32.0.v20220925-1245
2025-03-17 20:44:42,812 - org.eclipse.emf.ecore.editor - 2.17.0.v20190528-0725
2025-03-17 20:44:42,824 - org.eclipse.jpt.common.eclipselink.core - 1.3.400.v202208190239
2025-03-17 20:44:42,827 - org.eclipse.jpt.common.eclipselink.branding - 1.3.101.v201902121834
2025-03-17 20:44:42,839 - org.tigris.subversion.subclipse.graph - 4.2.0.1
2025-03-17 20:44:42,854 - org.eclipse.emf.databinding - 1.6.0.v20220517-0824
2025-03-17 20:44:42,866 - org.eclipse.datatools.connectivity.sqm.core.ui - 1.5.0.202311071249
2025-03-17 20:44:42,874 - org.eclipse.datatools.connectivity.sqm.core - 1.6.0.202311071345
2025-03-17 20:44:42,878 - org.eclipse.datatools.connectivity.sqm.server.ui - 1.4.0.202311071249
2025-03-17 20:44:42,879 - org.eclipse.datatools.connectivity.ui.dse - 1.4.0.202311071249
2025-03-17 20:44:42,883 - org.eclipse.datatools.connectivity.ui - 1.5.0.202311071249
2025-03-17 20:44:42,885 - org.eclipse.datatools.connectivity - 1.15.0.202311071249
2025-03-17 20:44:42,885 - org.eclipse.datatools.help - 1.8.0.202311071249
2025-03-17 20:44:42,889 - org.eclipse.datatools.connectivity.console.profile - 1.3.0.202311071249
2025-03-17 20:44:42,916 - org.eclipse.cdt.core.native - 6.3.0.202211062329
2025-03-17 20:44:42,918 - org.eclipse.cdt.core.win32 - 6.1.0.202211062329
2025-03-17 20:44:42,922 - org.eclipse.cdt.core.win32.x86_64 - 6.1.0.202211300214
2025-03-17 20:44:42,922 - org.eclipse.cdt.native.serial - 1.3.0.202211300214
2025-03-17 20:44:42,958 - org.eclipse.cdt.launch - 10.4.0.202211062329
2025-03-17 20:44:42,969 - javax.el - 2.2.0.v201303151357
2025-03-17 20:44:42,974 - jakarta.servlet-api - 4.0.0
2025-03-17 20:44:42,976 - javax.servlet.jsp-api - 2.3.3
2025-03-17 20:44:42,981 - com.sun.el - 2.2.0.v201303151357
2025-03-17 20:44:42,987 - org.apache.jasper.glassfish - 2.2.2.v201501141630
2025-03-17 20:44:42,996 - org.apache.lucene.analyzers-common - 8.4.1.v20221112-0806
2025-03-17 20:44:43,018 - org.apache.lucene.core - 9.7.0.v20230703-0758
2025-03-17 20:44:43,026 - org.apache.lucene.analyzers-smartcn - 8.4.1.v20221112-0806
2025-03-17 20:44:43,038 - org.eclipse.equinox.http.jetty - 3.8.200.v20221109-0702
2025-03-17 20:44:43,041 - org.eclipse.equinox.http.registry - 1.3.200.v20220720-2012
2025-03-17 20:44:43,044 - org.eclipse.equinox.http.servlet - 1.7.400.v20221006-1531
2025-03-17 20:44:43,055 - org.eclipse.equinox.jsp.jasper - 1.1.700.v20220801-1124
2025-03-17 20:44:43,059 - org.eclipse.equinox.jsp.jasper.registry - 1.2.100.v20211021-1418
2025-03-17 20:44:43,062 - org.eclipse.help.base - 4.3.900.v20221123-1800
2025-03-17 20:44:43,083 - org.eclipse.help.ui - 4.4.100.v20220619-1918
2025-03-17 20:44:43,086 - org.eclipse.help.webapp - 3.10.900.v20221103-0933
2025-03-17 20:44:43,090 - org.eclipse.jetty.http - 10.0.12
2025-03-17 20:44:43,097 - org.eclipse.jetty.io - 10.0.12
2025-03-17 20:44:43,104 - org.eclipse.jetty.security - 10.0.12
2025-03-17 20:44:43,107 - org.eclipse.jetty.server - 10.0.12
2025-03-17 20:44:43,109 - org.eclipse.jetty.servlet - 10.0.12
2025-03-17 20:44:43,111 - org.eclipse.jetty.util - 10.0.12
2025-03-17 20:44:43,113 - org.eclipse.jetty.util.ajax - 10.0.12
2025-03-17 20:44:43,118 - org.eclipse.core.net - 1.4.0.v20220813-1037
2025-03-17 20:44:43,121 - org.eclipse.equinox.security - 1.3.1000.v20220801-1135
2025-03-17 20:44:43,133 - org.eclipse.egit.gitflow - 6.4.0.202211300538-r
2025-03-17 20:44:43,135 - org.eclipse.egit.gitflow.ui - 6.4.0.202211300538-r
2025-03-17 20:44:43,154 - org.eclipse.tm.terminal.connector.ssh - 4.8.0.202211062329
2025-03-17 20:44:43,165 - org.eclipse.mylyn.wikitext - 3.0.45.202211090110
2025-03-17 20:44:43,168 - org.eclipse.mylyn.wikitext.ant - 3.0.45.202211090110
2025-03-17 20:44:43,175 - org.eclipse.mylyn.wikitext.osgi - 3.0.45.202211090110
2025-03-17 20:44:43,178 - org.eclipse.mylyn.wikitext.asciidoc - 3.0.45.202211090110
2025-03-17 20:44:43,181 - org.eclipse.mylyn.wikitext.textile - 3.0.45.202211090110
2025-03-17 20:44:43,182 - org.eclipse.mylyn.wikitext.html - 3.0.45.202211090110
2025-03-17 20:44:43,184 - org.eclipse.mylyn.wikitext.markdown - 3.0.45.202211090110
2025-03-17 20:44:43,185 - org.eclipse.mylyn.wikitext.mediawiki - 3.0.45.202211090110
2025-03-17 20:44:43,189 - org.eclipse.mylyn.wikitext.confluence - 3.0.45.202211090110
2025-03-17 20:44:43,191 - org.eclipse.mylyn.wikitext.tracwiki - 3.0.45.202211090110
2025-03-17 20:44:43,193 - org.eclipse.mylyn.wikitext.twiki - 3.0.45.202211090110
2025-03-17 20:44:43,195 - org.eclipse.mylyn.wikitext.ui - 3.0.45.202211090110
2025-03-17 20:44:43,197 - org.eclipse.mylyn.wikitext.help.ui - 3.0.45.202211090110
2025-03-17 20:44:43,200 - org.eclipse.mylyn.wikitext.asciidoc.ui - 3.0.45.202211090110
2025-03-17 20:44:43,202 - org.eclipse.mylyn.wikitext.textile.ui - 3.0.45.202211090110
2025-03-17 20:44:43,204 - org.eclipse.mylyn.wikitext.markdown.ui - 3.0.45.202211090110
2025-03-17 20:44:43,206 - org.eclipse.mylyn.wikitext.mediawiki.ui - 3.0.45.202211090110
2025-03-17 20:44:43,207 - org.eclipse.mylyn.wikitext.confluence.ui - 3.0.45.202211090110
2025-03-17 20:44:43,209 - org.eclipse.mylyn.wikitext.tracwiki.ui - 3.0.45.202211090110
2025-03-17 20:44:43,213 - org.eclipse.mylyn.wikitext.twiki.ui - 3.0.45.202211090110
2025-03-17 20:44:43,227 - org.eclipse.m2e.logback - 2.1.0.20221015-0744
2025-03-17 20:44:43,252 - org.eclipse.buildship.compat - 3.1.6.v20220511-1359
2025-03-17 20:44:43,256 - org.eclipse.buildship.core - 3.1.6.v20220511-1359
2025-03-17 20:44:43,261 - org.eclipse.buildship.ui - 3.1.6.v20220511-1359
2025-03-17 20:44:43,263 - org.eclipse.buildship.branding - 3.1.6.v20220511-1359
2025-03-17 20:44:43,270 - org.eclipse.egit.core - 6.4.0.202211300538-r
2025-03-17 20:44:43,279 - org.eclipse.egit.ui - 6.4.0.202211300538-r
2025-03-17 20:44:43,283 - org.eclipse.egit - 6.4.0.202211300538-r
2025-03-17 20:44:43,286 - org.eclipse.egit.doc - 6.4.0.202211300538-r
2025-03-17 20:44:43,297 - org.eclipse.justj.openjdk.hotspot.jre.full - 17.0.6.v20230125-1136
2025-03-17 20:44:43,309 - org.eclipse.justj.openjdk.hotspot.jre.full.win32.x86_64 - 17.0.6.v20230125-1136
2025-03-17 20:44:43,336 - org.eclipse.userstorage - 1.2.0.v20210517-0327
2025-03-17 20:44:43,337 - org.eclipse.userstorage.ui - 1.1.0.v20190307-0457
2025-03-17 20:44:43,339 - org.eclipse.userstorage.oauth - 1.1.0.v20190307-0457
2025-03-17 20:44:43,362 - org.eclipse.m2e.wtp - 1.5.2.20220906-1452
2025-03-17 20:44:43,365 - org.eclipse.m2e.wtp.overlay - 1.5.0.20220805-2025
2025-03-17 20:44:43,368 - org.eclipse.m2e.wtp.overlay.ui - 1.5.0.20220805-2025
2025-03-17 20:44:43,380 - org.eclipse.tm.terminal.view.core - 4.9.0.202211062329
2025-03-17 20:44:43,381 - org.eclipse.tm.terminal.view.ui - 4.11.0.202211062329
2025-03-17 20:44:43,417 - org.eclipse.jgit.http.apache - 6.4.0.202211300538-r
2025-03-17 20:44:43,487 - org.eclipse.m2e.archetype.common - 3.2.102.20221130-2149
2025-03-17 20:44:43,489 - org.eclipse.m2e.model.edit - 2.0.100.20221115-1709
2025-03-17 20:44:43,491 - org.eclipse.m2e.core - 2.0.5.20221128-1757
2025-03-17 20:44:43,494 - org.eclipse.m2e.launching - 2.0.2.20221122-2012
2025-03-17 20:44:43,497 - org.eclipse.m2e.workspace.cli - 0.3.1
2025-03-17 20:44:43,502 - org.eclipse.m2e.jdt - 2.0.4.20221130-2135
2025-03-17 20:44:43,506 - org.eclipse.m2e.editor - 2.0.2.20221115-1709
2025-03-17 20:44:43,509 - org.eclipse.m2e.maven.runtime - 3.8.604.20221130-2149
2025-03-17 20:44:43,512 - org.eclipse.m2e.refactoring - 2.0.2.20221115-1709
2025-03-17 20:44:43,514 - org.eclipse.m2e.discovery - 2.0.1.20221101-1753
2025-03-17 20:44:43,528 - org.eclipse.m2e.core.ui - 2.0.2.20221113-1617
2025-03-17 20:44:43,550 - org.eclipse.m2e.scm - 2.0.1.20221101-1753
2025-03-17 20:44:43,552 - org.eclipse.m2e.jdt.ui - 2.0.1.20221115-1709
2025-03-17 20:44:43,554 - org.eclipse.m2e.profiles.core - 2.1.0.20221110-1338
2025-03-17 20:44:43,561 - org.eclipse.m2e.profiles.ui - 2.0.1.20221101-1753
2025-03-17 20:44:43,561 - org.eclipse.m2e.sourcelookup - 2.0.1.20221118-1906
2025-03-17 20:44:43,570 - org.eclipse.m2e.sourcelookup.ui - 2.0.1.20221118-1906
2025-03-17 20:44:43,574 - org.eclipse.m2e.binaryproject - 2.1.0.20221115-1709
2025-03-17 20:44:43,579 - org.eclipse.m2e.binaryproject.ui - 2.0.0.20220705-1221
2025-03-17 20:44:43,584 - org.eclipse.m2e.apt.core - 2.0.2.20221020-0713
2025-03-17 20:44:43,589 - org.eclipse.m2e.apt.ui - 2.0.2.20221115-1709
2025-03-17 20:44:43,593 - org.eclipse.m2e.mavenarchiver - 2.0.2.20221115-1709
2025-03-17 20:44:43,606 - org.eclipse.help - 3.9.100.v20210721-0601
2025-03-17 20:44:43,612 - org.eclipse.ui - 3.201.200.v20221024-2137
2025-03-17 20:44:43,613 - org.eclipse.ui.workbench - 3.127.0.v20221024-2137
2025-03-17 20:44:43,614 - org.eclipse.update.configurator - 3.4.1000.v20221114-1512
2025-03-17 20:44:43,618 - org.eclipse.rcp - 4.26.0.v20221123-1800
2025-03-17 20:44:43,622 - com.ibm.icu - 74.1
2025-03-17 20:44:43,658 - org.eclipse.jgit.lfs - 6.4.0.202211300538-r
2025-03-17 20:44:43,663 - org.eclipse.jgit.lfs.server - 6.4.0.202211300538-r
2025-03-17 20:44:43,673 - org.eclipse.epp.mpc.core - 1.10.1.v20221110-1841
2025-03-17 20:44:43,675 - org.eclipse.epp.mpc.core.win32 - 1.10.1.v20221110-1841
2025-03-17 20:44:43,680 - org.eclipse.epp.mpc.ui - 1.10.1.v20221110-1841
2025-03-17 20:44:43,683 - org.eclipse.epp.mpc.ui.css - 1.10.1.v20221110-1841
2025-03-17 20:44:43,684 - org.eclipse.epp.mpc.help.ui - 1.10.1.v20221110-1841
2025-03-17 20:44:43,695 - org.eclipse.jgit.gpg.bc - 6.4.0.202211300538-r
2025-03-17 20:44:43,706 - org.eclipse.pde - 3.13.2100.v20221123-1800
2025-03-17 20:44:43,711 - org.eclipse.pde.build - 3.11.400.v20220923-1253
2025-03-17 20:44:43,718 - org.eclipse.pde.core - 3.16.0.v20221119-0340
2025-03-17 20:44:43,720 - org.eclipse.pde.junit.runtime - 3.6.200.v20220523-1051
2025-03-17 20:44:43,723 - org.eclipse.pde.runtime - 3.7.500.v20221012-2030
2025-03-17 20:44:43,734 - org.eclipse.pde.ui - 3.13.700.v20221114-1716
2025-03-17 20:44:43,738 - org.eclipse.pde.doc.user - 3.14.1800.v20221121-0559
2025-03-17 20:44:43,741 - org.eclipse.pde.ui.templates - 3.7.700.v20220802-1520
2025-03-17 20:44:43,744 - org.eclipse.pde.api.tools - 1.2.1100.v20221114-1728
2025-03-17 20:44:43,746 - org.eclipse.pde.api.tools.annotations - 1.1.500.v20220813-1730
2025-03-17 20:44:43,748 - org.eclipse.pde.api.tools.ui - 1.2.700.v20220329-0844
2025-03-17 20:44:43,749 - org.eclipse.pde.ds.core - 1.2.500.v20220411-2005
2025-03-17 20:44:43,752 - org.eclipse.pde.ds.ui - 1.2.300.v20220310-2159
2025-03-17 20:44:43,753 - org.eclipse.pde.launching - 3.10.200.v20221108-1157
2025-03-17 20:44:43,756 - org.eclipse.pde.ua.core - 1.2.300.v20211004-0555
2025-03-17 20:44:43,758 - org.eclipse.pde.ua.ui - 1.2.400.v20220317-0700
2025-03-17 20:44:43,760 - org.eclipse.ui.trace - 1.2.200.v20220310-2159
2025-03-17 20:44:43,761 - org.eclipse.pde.ds.annotations - 1.2.500.v20220811-0944
2025-03-17 20:44:43,764 - org.eclipse.pde.genericeditor.extension - 1.1.300.v20220810-1011
2025-03-17 20:44:43,767 - org.eclipse.tools.layout.spy - 1.1.100.v20221111-1233
2025-03-17 20:44:43,767 - org.eclipse.pde.spy.core - 1.0.200.v20220331-1637
2025-03-17 20:44:43,770 - org.eclipse.pde.spy.model - 0.12.400.v20220621-1036
2025-03-17 20:44:43,771 - org.eclipse.pde.spy.css - 0.12.300.v20220512-1208
2025-03-17 20:44:43,771 - org.eclipse.pde.spy.preferences - 0.12.300.v20220512-1208
2025-03-17 20:44:43,772 - org.eclipse.pde.spy.context - 1.0.400.v20221119-0340
2025-03-17 20:44:43,773 - org.eclipse.pde.spy.bundle - 0.12.200.v20220512-1208
2025-03-17 20:44:43,775 - org.eclipse.pde.spy.event - 1.0.100.v20221114-1716
2025-03-17 20:44:43,791 - org.eclipse.jgit.ssh.apache - 6.4.0.202211300538-r
2025-03-17 20:44:43,792 - org.eclipse.jgit.ssh.apache.agent - 6.4.0.202211300538-r
2025-03-17 20:44:43,817 - org.eclipse.jdt - 3.18.1400.v20221123-1800
2025-03-17 20:44:43,825 - org.eclipse.ant.ui - 3.8.300.v20220718-1722
2025-03-17 20:44:43,827 - org.eclipse.jdt.apt.core - 3.7.50.v20210914-1429
2025-03-17 20:44:43,829 - org.eclipse.jdt.apt.ui - 3.7.0.v20210620-1751
2025-03-17 20:44:43,830 - org.eclipse.jdt.apt.pluggable.core - 1.3.0.v20210618-1653
2025-03-17 20:44:43,831 - org.eclipse.jdt.compiler.apt - 1.4.300.v20221108-0856
2025-03-17 20:44:43,831 - org.eclipse.jdt.compiler.tool - 1.3.200.v20220802-0458
2025-03-17 20:44:43,832 - org.eclipse.jdt.core - 3.32.0.v20221108-1853
2025-03-17 20:44:43,836 - org.eclipse.jdt.core.formatterapp - 1.1.0.v20210618-1653
2025-03-17 20:44:43,839 - org.eclipse.jdt.annotation - 2.2.700.v20220826-1026
2025-03-17 20:44:43,839 - org.eclipse.jdt.annotation - 2.2.700.v20220826-1026
2025-03-17 20:44:43,840 - org.eclipse.jdt.core.manipulation - 1.17.0.v20221026-1918
2025-03-17 20:44:43,840 - org.eclipse.jdt.debug.ui - 3.12.900.v20221001-0715
2025-03-17 20:44:43,849 - org.eclipse.jdt.debug - 3.20.0.v20220922-0905
2025-03-17 20:44:43,852 - org.eclipse.jdt.junit - 3.15.100.v20220909-2154
2025-03-17 20:44:43,854 - org.eclipse.jdt.junit.core - 3.11.500.v20221031-1935
2025-03-17 20:44:43,857 - org.eclipse.jdt.junit.runtime - 3.7.0.v20220609-1843
2025-03-17 20:44:43,861 - org.eclipse.jdt.junit4.runtime - 1.3.0.v20220609-1843
2025-03-17 20:44:43,863 - org.eclipse.jdt.junit5.runtime - 1.1.100.v20220907-0450
2025-03-17 20:44:43,867 - org.eclipse.jdt.launching - 3.19.800.v20221107-1851
2025-03-17 20:44:43,867 - org.eclipse.jdt.ui - 3.27.100.v20221122-0749
2025-03-17 20:44:43,875 - org.junit - 4.13.2.v20211018-1956
2025-03-17 20:44:43,878 - org.hamcrest.core - 1.3.0.v20180420-1519
2025-03-17 20:44:43,881 - junit-jupiter-api - 5.9.1
2025-03-17 20:44:43,883 - junit-jupiter-engine - 5.9.1
2025-03-17 20:44:43,884 - junit-jupiter-migrationsupport - 5.9.1
2025-03-17 20:44:43,889 - junit-jupiter-params - 5.9.1
2025-03-17 20:44:43,892 - junit-platform-commons - 1.9.1
2025-03-17 20:44:43,894 - junit-platform-engine - 1.9.1
2025-03-17 20:44:43,895 - junit-platform-launcher - 1.9.1
2025-03-17 20:44:43,898 - junit-platform-runner - 1.9.1
2025-03-17 20:44:43,901 - junit-platform-suite-api - 1.9.1
2025-03-17 20:44:43,903 - junit-platform-suite-commons - 1.9.1
2025-03-17 20:44:43,904 - junit-platform-suite-engine - 1.9.1
2025-03-17 20:44:43,907 - junit-vintage-engine - 5.9.1
2025-03-17 20:44:43,909 - org.opentest4j - 1.2.0
2025-03-17 20:44:43,912 - org.apiguardian.api - 1.1.2
2025-03-17 20:44:43,917 - org.eclipse.jdt.doc.user - 3.15.1600.v20221121-0559
2025-03-17 20:44:43,919 - org.eclipse.ant.launching - 1.3.400.v20220718-1722
2025-03-17 20:44:43,935 - org.eclipse.emf.common - 2.27.0.v20221121-1400
2025-03-17 20:44:43,954 - org.jboss.tools.m2e.wro4j.core - 1.2.1.202301111328
2025-03-17 20:44:43,957 - org.jboss.tools.m2e.wro4j.ui - 1.2.1.202301111328
2025-03-17 20:44:43,968 - org.eclipse.tm.terminal.control - 5.4.0.202211062329
2025-03-17 20:44:43,980 - org.sonatype.m2e.egit - 0.17.0.202209271423
2025-03-17 20:44:43,988 - org.eclipse.emf.ecore - 2.29.0.v20221121-1400
2025-03-17 20:44:43,991 - org.eclipse.emf.ecore.change - 2.14.0.v20190528-0725
2025-03-17 20:44:43,993 - org.eclipse.emf.ecore.xmi - 2.17.0.v20220817-1334
2025-03-17 20:44:44,002 - org.eclipse.wst.common.project.facet.core - 1.4.402.v202111212041
2025-03-17 20:44:44,008 - org.eclipse.wst.common.project.facet.ui - 1.4.602.v202007142017
2025-03-17 20:44:44,037 - org.eclipse.jst.common.project.facet.core - 1.12.100.v202208260526
2025-03-17 20:44:44,040 - org.eclipse.jst.common.project.facet.ui - 1.4.511.v202007142017
2025-03-17 20:44:44,050 - org.eclipse.jgit - 6.4.0.202211300538-r
2025-03-17 20:44:44,052 - org.eclipse.jgit.archive - 6.4.0.202211300538-r
2025-03-17 20:44:44,135 - org.apache.ant - 1.10.12.v20211102-1452
2025-03-17 20:44:44,141 - org.eclipse.ant.core - 3.6.500.v20220718-1722
2025-03-17 20:44:44,142 - com.jcraft.jsch - 0.1.55.v20221112-0806
2025-03-17 20:44:44,144 - org.eclipse.compare.core - 3.7.100.v20220812-1406
2025-03-17 20:44:44,145 - org.eclipse.compare - 3.8.500.v20220812-1406
2025-03-17 20:44:44,148 - org.eclipse.compare.win32 - 1.2.900.v20220812-1406
2025-03-17 20:44:44,149 - org.eclipse.core.filebuffers - 3.7.200.v20220202-1008
2025-03-17 20:44:44,153 - org.eclipse.core.filesystem - 1.9.500.v20220817-1539
2025-03-17 20:44:44,153 - org.eclipse.core.net - 1.4.0.v20220813-1037
2025-03-17 20:44:44,155 - org.eclipse.core.net.win32 - 1.0.100.v20220812-1406
2025-03-17 20:44:44,155 - org.eclipse.core.net.win32.x86_64 - 1.1.700.v20220812-1406
2025-03-17 20:44:44,156 - org.eclipse.core.resources - 3.18.100.v20221025-2047
2025-03-17 20:44:44,157 - org.eclipse.debug.core - 3.20.0.v20220811-0741
2025-03-17 20:44:44,160 - org.eclipse.debug.ui - 3.17.100.v20220926-1344
2025-03-17 20:44:44,164 - org.eclipse.e4.ui.ide - 3.16.200.v20221024-2137
2025-03-17 20:44:44,166 - org.eclipse.equinox.event - 1.6.100.v20211021-1418
2025-03-17 20:44:44,168 - org.eclipse.ltk.core.refactoring - 3.13.0.v20220822-0502
2025-03-17 20:44:44,171 - org.eclipse.ltk.ui.refactoring - 3.12.200.v20220808-2221
2025-03-17 20:44:44,171 - org.eclipse.platform - 4.26.0.v20221123-1800
2025-03-17 20:44:44,178 - org.eclipse.platform.doc.user - 4.26.0.v20221121-0559
2025-03-17 20:44:44,180 - org.eclipse.search - 3.14.300.v20220905-1020
2025-03-17 20:44:44,182 - org.eclipse.text.quicksearch - 1.1.400.v20221023-0941
2025-03-17 20:44:44,183 - org.eclipse.team.core - 3.9.600.v20220902-2219
2025-03-17 20:44:44,185 - org.eclipse.team.ui - 3.9.500.v20220920-2213
2025-03-17 20:44:44,185 - org.eclipse.text - 3.12.300.v20220921-1010
2025-03-17 20:44:44,187 - org.eclipse.jface.text - 3.22.0.v20221119-1047
2025-03-17 20:44:44,189 - org.eclipse.jsch.core - 1.4.0.v20220813-1037
2025-03-17 20:44:44,190 - org.eclipse.jsch.ui - 1.4.200.v20220812-1406
2025-03-17 20:44:44,191 - org.eclipse.ui.console - 3.11.400.v20221012-0524
2025-03-17 20:44:44,192 - org.eclipse.ui.intro - 3.6.600.v20220619-1918
2025-03-17 20:44:44,203 - org.eclipse.ui.intro.universal - 3.4.300.v20220619-1918
2025-03-17 20:44:44,204 - org.eclipse.ui.cheatsheets - 3.7.500.v20220903-1020
2025-03-17 20:44:44,207 - org.eclipse.ui.browser - 3.7.300.v20221024-2137
2025-03-17 20:44:44,209 - org.eclipse.ui.genericeditor - 1.2.300.v20220915-0924
2025-03-17 20:44:44,210 - org.eclipse.ui.monitoring - 1.2.300.v20221024-2137
2025-03-17 20:44:44,212 - org.eclipse.ui.navigator - 3.10.400.v20221024-2137
2025-03-17 20:44:44,213 - org.eclipse.ui.navigator.resources - 3.8.500.v20221024-2137
2025-03-17 20:44:44,214 - org.eclipse.ui.net - 1.4.100.v20220812-1406
2025-03-17 20:44:44,216 - org.eclipse.ui.workbench.texteditor - 3.16.600.v20220809-1658
2025-03-17 20:44:44,216 - org.eclipse.ui.views - 3.11.300.v20221024-2137
2025-03-17 20:44:44,216 - org.eclipse.ui.editors - 3.14.400.v20220730-1844
2025-03-17 20:44:44,218 - org.eclipse.ui.externaltools - 3.5.200.v20220618-1805
2025-03-17 20:44:44,224 - org.eclipse.ui.ide - 3.20.0.v20221027-2208
2025-03-17 20:44:44,226 - org.eclipse.ui.ide.application - 1.4.600.v20221024-2137
2025-03-17 20:44:44,226 - org.eclipse.ui.win32 - 3.4.500.v20221024-2137
2025-03-17 20:44:44,227 - org.eclipse.core.resources.win32.x86_64 - 3.5.500.v20220812-1420
2025-03-17 20:44:44,227 - org.eclipse.core.filesystem.win32.x86_64 - 1.4.300.v20220812-1420
2025-03-17 20:44:44,229 - org.eclipse.core.variables - 3.5.100.v20210721-1355
2025-03-17 20:44:44,231 - org.eclipse.ui.forms - 3.11.500.v20221024-2137
2025-03-17 20:44:44,234 - org.eclipse.ui.views.properties.tabbed - 3.9.300.v20221024-2137
2025-03-17 20:44:44,234 - org.eclipse.equinox.security - 1.3.1000.v20220801-1135
2025-03-17 20:44:44,236 - org.eclipse.equinox.security.ui - 1.3.400.v20221007-1815
2025-03-17 20:44:44,237 - org.eclipse.equinox.security.win32.x86_64 - 1.1.300.v20211021-1418
2025-03-17 20:44:44,239 - org.eclipse.core.externaltools - 1.2.300.v20220618-1805
2025-03-17 20:44:44,240 - org.eclipse.ui.themes - 1.2.2100.v20221024-2137
2025-03-17 20:44:44,241 - org.eclipse.core.runtime - 3.26.100.v20221021-0005
2025-03-17 20:44:44,242 - org.eclipse.ui.intro.quicklinks - 1.1.200.v20220619-1918
2025-03-17 20:44:44,245 - org.eclipse.team.genericeditor.diff.extension - 1.1.100.v20220812-1406
2025-03-17 20:44:44,247 - org.eclipse.urischeme - 1.2.200.v20221024-2137
2025-03-17 20:44:44,248 - org.eclipse.ui.views.log - 1.3.400.v20220907-1244
2025-03-17 20:44:44,250 - org.eclipse.debug.ui.launchview - 1.0.300.v20220811-0741
