2024-05-11 16:37:21,480 [Worker-6: Loading available Gradle versions] INFO  o.e.b.c.i.u.g.PublishedGradleVersions - Gradle version information cache is up-to-date. Trying to read.
2024-05-11 16:37:29,325 [ForkJoinPool.commonPool-worker-1] INFO  o.s.s.s.o.s.c.s.PostProcessorRegistrationDelegate$BeanPostProcessorChecker - Bean 'sonarLintSpringAppConfig' of type [org.sonarsource.sonarlint.core.spring.SonarLintSpringAppConfig$$EnhancerBySpringCGLIB$$3cec095b] is not eligible for getting processed by all BeanPostProcessors (for example: not eligible for auto-proxying)
2024-05-11 16:37:29,579 [ForkJoinPool.commonPool-worker-1] INFO  o.s.s.s.o.s.c.s.PostProcessorRegistrationDelegate$BeanPostProcessorChecker - Bean 'provideClientEventBus' of type [com.google.common.eventbus.AsyncEventBus] is not eligible for getting processed by all BeanPostProcessors (for example: not eligible for auto-proxying)
2024-05-11 16:40:05,925 [Worker-6: Loading available Gradle versions] INFO  o.e.b.c.i.u.g.PublishedGradleVersions - Gradle version information cache is out-of-date. Trying to update.
2024-05-11 16:40:08,695 [ForkJoinPool.commonPool-worker-1] INFO  o.s.s.s.o.s.c.s.PostProcessorRegistrationDelegate$BeanPostProcessorChecker - Bean 'sonarLintSpringAppConfig' of type [org.sonarsource.sonarlint.core.spring.SonarLintSpringAppConfig$$EnhancerBySpringCGLIB$$7b2d40cd] is not eligible for getting processed by all BeanPostProcessors (for example: not eligible for auto-proxying)
2024-05-11 16:40:08,900 [ForkJoinPool.commonPool-worker-1] INFO  o.s.s.s.o.s.c.s.PostProcessorRegistrationDelegate$BeanPostProcessorChecker - Bean 'provideClientEventBus' of type [com.google.common.eventbus.AsyncEventBus] is not eligible for getting processed by all BeanPostProcessors (for example: not eligible for auto-proxying)
2024-05-11 16:42:58,984 [Worker-8: Creating project "WeatherApiProject"] INFO  o.e.m.c.i.l.LifecycleMappingFactory - Using NULL lifecycle mapping for MavenProject: com-weatherapi:WeatherApiProject:1.0.0 @ D:\project-java-spring\RestApiCourse\WeatherAPIs\WeatherApiProject\pom.xml.
2024-05-11 16:50:20,785 [Worker-1: Import Getting Started Content] INFO  o.e.m.c.i.l.LifecycleMappingFactory - Using org.eclipse.m2e.jdt.JarLifecycleMapping lifecycle mapping for MavenProject: com.weatherapi:WeatherApiCommon:1.0.0 @ D:\project-java-spring\RestApiCourse\WeatherAPIs\WeatherApiProject\WeatherApiCommon\pom.xml.
2024-05-11 16:50:21,201 [Worker-1: Import Getting Started Content] INFO  o.e.m.c.i.e.AbstractTransferListenerAdapter - Downloading https://repo.maven.apache.org/maven2/org/springframework/boot/spring-boot-starter-data-jpa/3.2.5/spring-boot-starter-data-jpa-3.2.5.pom
2024-05-11 16:50:21,259 [Worker-1: Import Getting Started Content] INFO  o.e.m.c.i.e.AbstractTransferListenerAdapter - Downloaded https://repo.maven.apache.org/maven2/org/springframework/boot/spring-boot-starter-data-jpa/3.2.5/spring-boot-starter-data-jpa-3.2.5.pom
2024-05-11 16:50:21,287 [Worker-1: Import Getting Started Content] INFO  o.e.m.c.i.e.AbstractTransferListenerAdapter - Downloading https://repo.maven.apache.org/maven2/org/springframework/boot/spring-boot-starter-aop/3.2.5/spring-boot-starter-aop-3.2.5.pom
2024-05-11 16:50:21,345 [Worker-1: Import Getting Started Content] INFO  o.e.m.c.i.e.AbstractTransferListenerAdapter - Downloaded https://repo.maven.apache.org/maven2/org/springframework/boot/spring-boot-starter-aop/3.2.5/spring-boot-starter-aop-3.2.5.pom
2024-05-11 16:50:22,082 [Worker-1: Import Getting Started Content] INFO  o.e.m.c.i.e.AbstractTransferListenerAdapter - Downloading https://repo.maven.apache.org/maven2/org/aspectj/aspectjweaver/1.9.22/aspectjweaver-1.9.22.pom
2024-05-11 16:50:22,137 [Worker-1: Import Getting Started Content] INFO  o.e.m.c.i.e.AbstractTransferListenerAdapter - Downloaded https://repo.maven.apache.org/maven2/org/aspectj/aspectjweaver/1.9.22/aspectjweaver-1.9.22.pom
2024-05-11 16:50:22,177 [Worker-1: Import Getting Started Content] INFO  o.e.m.c.i.e.AbstractTransferListenerAdapter - Downloading https://repo.maven.apache.org/maven2/org/springframework/boot/spring-boot-starter-jdbc/3.2.5/spring-boot-starter-jdbc-3.2.5.pom
2024-05-11 16:50:22,230 [Worker-1: Import Getting Started Content] INFO  o.e.m.c.i.e.AbstractTransferListenerAdapter - Downloaded https://repo.maven.apache.org/maven2/org/springframework/boot/spring-boot-starter-jdbc/3.2.5/spring-boot-starter-jdbc-3.2.5.pom
2024-05-11 16:50:22,267 [Worker-1: Import Getting Started Content] INFO  o.e.m.c.i.e.AbstractTransferListenerAdapter - Downloading https://repo.maven.apache.org/maven2/org/springframework/spring-jdbc/6.1.6/spring-jdbc-6.1.6.pom
2024-05-11 16:50:22,327 [Worker-1: Import Getting Started Content] INFO  o.e.m.c.i.e.AbstractTransferListenerAdapter - Downloaded https://repo.maven.apache.org/maven2/org/springframework/spring-jdbc/6.1.6/spring-jdbc-6.1.6.pom
2024-05-11 16:50:22,359 [Worker-1: Import Getting Started Content] INFO  o.e.m.c.i.e.AbstractTransferListenerAdapter - Downloading https://repo.maven.apache.org/maven2/org/springframework/spring-tx/6.1.6/spring-tx-6.1.6.pom
2024-05-11 16:50:22,419 [Worker-1: Import Getting Started Content] INFO  o.e.m.c.i.e.AbstractTransferListenerAdapter - Downloaded https://repo.maven.apache.org/maven2/org/springframework/spring-tx/6.1.6/spring-tx-6.1.6.pom
2024-05-11 16:50:22,447 [Worker-1: Import Getting Started Content] INFO  o.e.m.c.i.e.AbstractTransferListenerAdapter - Downloading https://repo.maven.apache.org/maven2/org/hibernate/orm/hibernate-core/6.4.4.Final/hibernate-core-6.4.4.Final.pom
2024-05-11 16:50:23,034 [Worker-1: Import Getting Started Content] INFO  o.e.m.c.i.e.AbstractTransferListenerAdapter - Downloaded https://repo.maven.apache.org/maven2/org/hibernate/orm/hibernate-core/6.4.4.Final/hibernate-core-6.4.4.Final.pom
2024-05-11 16:50:23,340 [Worker-1: Import Getting Started Content] INFO  o.e.m.c.i.e.AbstractTransferListenerAdapter - Downloading https://repo.maven.apache.org/maven2/org/glassfish/jaxb/jaxb-runtime/4.0.5/jaxb-runtime-4.0.5.pom
2024-05-11 16:50:23,441 [Worker-1: Import Getting Started Content] INFO  o.e.m.c.i.e.AbstractTransferListenerAdapter - Downloaded https://repo.maven.apache.org/maven2/org/glassfish/jaxb/jaxb-runtime/4.0.5/jaxb-runtime-4.0.5.pom
2024-05-11 16:50:23,472 [Worker-1: Import Getting Started Content] INFO  o.e.m.c.i.e.AbstractTransferListenerAdapter - Downloading https://repo.maven.apache.org/maven2/com/sun/xml/bind/mvn/jaxb-runtime-parent/4.0.5/jaxb-runtime-parent-4.0.5.pom
2024-05-11 16:50:23,528 [Worker-1: Import Getting Started Content] INFO  o.e.m.c.i.e.AbstractTransferListenerAdapter - Downloaded https://repo.maven.apache.org/maven2/com/sun/xml/bind/mvn/jaxb-runtime-parent/4.0.5/jaxb-runtime-parent-4.0.5.pom
2024-05-11 16:50:23,554 [Worker-1: Import Getting Started Content] INFO  o.e.m.c.i.e.AbstractTransferListenerAdapter - Downloading https://repo.maven.apache.org/maven2/com/sun/xml/bind/mvn/jaxb-parent/4.0.5/jaxb-parent-4.0.5.pom
2024-05-11 16:50:23,636 [Worker-1: Import Getting Started Content] INFO  o.e.m.c.i.e.AbstractTransferListenerAdapter - Downloaded https://repo.maven.apache.org/maven2/com/sun/xml/bind/mvn/jaxb-parent/4.0.5/jaxb-parent-4.0.5.pom
2024-05-11 16:50:23,660 [Worker-1: Import Getting Started Content] INFO  o.e.m.c.i.e.AbstractTransferListenerAdapter - Downloading https://repo.maven.apache.org/maven2/com/sun/xml/bind/jaxb-bom-ext/4.0.5/jaxb-bom-ext-4.0.5.pom
2024-05-11 16:50:23,703 [Worker-1: Import Getting Started Content] INFO  o.e.m.c.i.e.AbstractTransferListenerAdapter - Downloaded https://repo.maven.apache.org/maven2/com/sun/xml/bind/jaxb-bom-ext/4.0.5/jaxb-bom-ext-4.0.5.pom
2024-05-11 16:50:23,732 [Worker-1: Import Getting Started Content] INFO  o.e.m.c.i.e.AbstractTransferListenerAdapter - Downloading https://repo.maven.apache.org/maven2/org/glassfish/jaxb/jaxb-core/4.0.5/jaxb-core-4.0.5.pom
2024-05-11 16:50:23,777 [Worker-1: Import Getting Started Content] INFO  o.e.m.c.i.e.AbstractTransferListenerAdapter - Downloaded https://repo.maven.apache.org/maven2/org/glassfish/jaxb/jaxb-core/4.0.5/jaxb-core-4.0.5.pom
2024-05-11 16:50:23,802 [Worker-1: Import Getting Started Content] INFO  o.e.m.c.i.e.AbstractTransferListenerAdapter - Downloading https://repo.maven.apache.org/maven2/org/eclipse/angus/angus-activation/2.0.2/angus-activation-2.0.2.pom
2024-05-11 16:50:23,857 [Worker-1: Import Getting Started Content] INFO  o.e.m.c.i.e.AbstractTransferListenerAdapter - Downloaded https://repo.maven.apache.org/maven2/org/eclipse/angus/angus-activation/2.0.2/angus-activation-2.0.2.pom
2024-05-11 16:50:23,928 [Worker-1: Import Getting Started Content] INFO  o.e.m.c.i.e.AbstractTransferListenerAdapter - Downloading https://repo.maven.apache.org/maven2/org/eclipse/angus/angus-activation-project/2.0.2/angus-activation-project-2.0.2.pom
2024-05-11 16:50:24,006 [Worker-1: Import Getting Started Content] INFO  o.e.m.c.i.e.AbstractTransferListenerAdapter - Downloaded https://repo.maven.apache.org/maven2/org/eclipse/angus/angus-activation-project/2.0.2/angus-activation-project-2.0.2.pom
2024-05-11 16:50:24,031 [Worker-1: Import Getting Started Content] INFO  o.e.m.c.i.e.AbstractTransferListenerAdapter - Downloading https://repo.maven.apache.org/maven2/org/glassfish/jaxb/txw2/4.0.5/txw2-4.0.5.pom
2024-05-11 16:50:24,086 [Worker-1: Import Getting Started Content] INFO  o.e.m.c.i.e.AbstractTransferListenerAdapter - Downloaded https://repo.maven.apache.org/maven2/org/glassfish/jaxb/txw2/4.0.5/txw2-4.0.5.pom
2024-05-11 16:50:24,112 [Worker-1: Import Getting Started Content] INFO  o.e.m.c.i.e.AbstractTransferListenerAdapter - Downloading https://repo.maven.apache.org/maven2/com/sun/xml/bind/mvn/jaxb-txw-parent/4.0.5/jaxb-txw-parent-4.0.5.pom
2024-05-11 16:50:24,160 [Worker-1: Import Getting Started Content] INFO  o.e.m.c.i.e.AbstractTransferListenerAdapter - Downloaded https://repo.maven.apache.org/maven2/com/sun/xml/bind/mvn/jaxb-txw-parent/4.0.5/jaxb-txw-parent-4.0.5.pom
2024-05-11 16:50:24,237 [Worker-1: Import Getting Started Content] INFO  o.e.m.c.i.e.AbstractTransferListenerAdapter - Downloading https://repo.maven.apache.org/maven2/org/springframework/data/spring-data-jpa/3.2.5/spring-data-jpa-3.2.5.pom
2024-05-11 16:50:24,305 [Worker-1: Import Getting Started Content] INFO  o.e.m.c.i.e.AbstractTransferListenerAdapter - Downloaded https://repo.maven.apache.org/maven2/org/springframework/data/spring-data-jpa/3.2.5/spring-data-jpa-3.2.5.pom
2024-05-11 16:50:24,330 [Worker-1: Import Getting Started Content] INFO  o.e.m.c.i.e.AbstractTransferListenerAdapter - Downloading https://repo.maven.apache.org/maven2/org/springframework/data/spring-data-jpa-parent/3.2.5/spring-data-jpa-parent-3.2.5.pom
2024-05-11 16:50:24,385 [Worker-1: Import Getting Started Content] INFO  o.e.m.c.i.e.AbstractTransferListenerAdapter - Downloaded https://repo.maven.apache.org/maven2/org/springframework/data/spring-data-jpa-parent/3.2.5/spring-data-jpa-parent-3.2.5.pom
2024-05-11 16:50:24,519 [Worker-1: Import Getting Started Content] INFO  o.e.m.c.i.e.AbstractTransferListenerAdapter - Downloading https://repo.maven.apache.org/maven2/org/springframework/data/build/spring-data-parent/3.2.5/spring-data-parent-3.2.5.pom
2024-05-11 16:50:24,613 [Worker-1: Import Getting Started Content] INFO  o.e.m.c.i.e.AbstractTransferListenerAdapter - Downloaded https://repo.maven.apache.org/maven2/org/springframework/data/build/spring-data-parent/3.2.5/spring-data-parent-3.2.5.pom
2024-05-11 16:50:24,635 [Worker-1: Import Getting Started Content] INFO  o.e.m.c.i.e.AbstractTransferListenerAdapter - Downloading https://repo.maven.apache.org/maven2/org/springframework/data/build/spring-data-build/3.2.5/spring-data-build-3.2.5.pom
2024-05-11 16:50:24,692 [Worker-1: Import Getting Started Content] INFO  o.e.m.c.i.e.AbstractTransferListenerAdapter - Downloaded https://repo.maven.apache.org/maven2/org/springframework/data/build/spring-data-build/3.2.5/spring-data-build-3.2.5.pom
2024-05-11 16:50:24,727 [Worker-1: Import Getting Started Content] INFO  o.e.m.c.i.e.AbstractTransferListenerAdapter - Downloading https://repo.maven.apache.org/maven2/org/springframework/data/spring-data-commons/3.2.5/spring-data-commons-3.2.5.pom
2024-05-11 16:50:24,783 [Worker-1: Import Getting Started Content] INFO  o.e.m.c.i.e.AbstractTransferListenerAdapter - Downloaded https://repo.maven.apache.org/maven2/org/springframework/data/spring-data-commons/3.2.5/spring-data-commons-3.2.5.pom
2024-05-11 16:50:24,811 [Worker-1: Import Getting Started Content] INFO  o.e.m.c.i.e.AbstractTransferListenerAdapter - Downloading https://repo.maven.apache.org/maven2/org/springframework/spring-orm/6.1.6/spring-orm-6.1.6.pom
2024-05-11 16:50:24,861 [Worker-1: Import Getting Started Content] INFO  o.e.m.c.i.e.AbstractTransferListenerAdapter - Downloaded https://repo.maven.apache.org/maven2/org/springframework/spring-orm/6.1.6/spring-orm-6.1.6.pom
2024-05-11 16:50:24,886 [Worker-1: Import Getting Started Content] INFO  o.e.m.c.i.e.AbstractTransferListenerAdapter - Downloading https://repo.maven.apache.org/maven2/org/springframework/spring-aspects/6.1.6/spring-aspects-6.1.6.pom
2024-05-11 16:50:24,947 [Worker-1: Import Getting Started Content] INFO  o.e.m.c.i.e.AbstractTransferListenerAdapter - Downloaded https://repo.maven.apache.org/maven2/org/springframework/spring-aspects/6.1.6/spring-aspects-6.1.6.pom
2024-05-11 16:50:25,348 [AetherRepositoryConnector-repo.maven.apache.org-0-0] INFO  o.e.m.c.i.e.AbstractTransferListenerAdapter - Downloading https://repo.maven.apache.org/maven2/org/springframework/boot/spring-boot-starter-data-jpa/3.2.5/spring-boot-starter-data-jpa-3.2.5.jar
2024-05-11 16:50:25,365 [AetherRepositoryConnector-repo.maven.apache.org-0-1] INFO  o.e.m.c.i.e.AbstractTransferListenerAdapter - Downloading https://repo.maven.apache.org/maven2/org/springframework/boot/spring-boot-starter-aop/3.2.5/spring-boot-starter-aop-3.2.5.jar
2024-05-11 16:50:25,371 [AetherRepositoryConnector-repo.maven.apache.org-0-3] INFO  o.e.m.c.i.e.AbstractTransferListenerAdapter - Downloading https://repo.maven.apache.org/maven2/org/springframework/boot/spring-boot-starter-jdbc/3.2.5/spring-boot-starter-jdbc-3.2.5.jar
2024-05-11 16:50:25,372 [AetherRepositoryConnector-repo.maven.apache.org-0-4] INFO  o.e.m.c.i.e.AbstractTransferListenerAdapter - Downloading https://repo.maven.apache.org/maven2/org/springframework/spring-jdbc/6.1.6/spring-jdbc-6.1.6.jar
2024-05-11 16:50:25,469 [AetherRepositoryConnector-repo.maven.apache.org-0-2] INFO  o.e.m.c.i.e.AbstractTransferListenerAdapter - Downloading https://repo.maven.apache.org/maven2/org/aspectj/aspectjweaver/1.9.22/aspectjweaver-1.9.22.jar
2024-05-11 16:50:25,481 [AetherRepositoryConnector-repo.maven.apache.org-0-3] INFO  o.e.m.c.i.e.AbstractTransferListenerAdapter - Downloaded https://repo.maven.apache.org/maven2/org/springframework/boot/spring-boot-starter-jdbc/3.2.5/spring-boot-starter-jdbc-3.2.5.jar
2024-05-11 16:50:25,481 [AetherRepositoryConnector-repo.maven.apache.org-0-0] INFO  o.e.m.c.i.e.AbstractTransferListenerAdapter - Downloaded https://repo.maven.apache.org/maven2/org/springframework/boot/spring-boot-starter-data-jpa/3.2.5/spring-boot-starter-data-jpa-3.2.5.jar
2024-05-11 16:50:25,546 [AetherRepositoryConnector-repo.maven.apache.org-0-1] INFO  o.e.m.c.i.e.AbstractTransferListenerAdapter - Downloaded https://repo.maven.apache.org/maven2/org/springframework/boot/spring-boot-starter-aop/3.2.5/spring-boot-starter-aop-3.2.5.jar
2024-05-11 16:50:25,591 [AetherRepositoryConnector-repo.maven.apache.org-0-0] INFO  o.e.m.c.i.e.AbstractTransferListenerAdapter - Downloading https://repo.maven.apache.org/maven2/org/hibernate/orm/hibernate-core/6.4.4.Final/hibernate-core-6.4.4.Final.jar
2024-05-11 16:50:25,591 [AetherRepositoryConnector-repo.maven.apache.org-0-3] INFO  o.e.m.c.i.e.AbstractTransferListenerAdapter - Downloading https://repo.maven.apache.org/maven2/org/glassfish/jaxb/jaxb-runtime/4.0.5/jaxb-runtime-4.0.5.jar
2024-05-11 16:50:25,830 [AetherRepositoryConnector-repo.maven.apache.org-0-1] INFO  o.e.m.c.i.e.AbstractTransferListenerAdapter - Downloading https://repo.maven.apache.org/maven2/org/glassfish/jaxb/jaxb-core/4.0.5/jaxb-core-4.0.5.jar
2024-05-11 16:50:26,335 [AetherRepositoryConnector-repo.maven.apache.org-0-4] INFO  o.e.m.c.i.e.AbstractTransferListenerAdapter - Downloaded https://repo.maven.apache.org/maven2/org/springframework/spring-jdbc/6.1.6/spring-jdbc-6.1.6.jar
2024-05-11 16:50:26,335 [AetherRepositoryConnector-repo.maven.apache.org-0-1] INFO  o.e.m.c.i.e.AbstractTransferListenerAdapter - Downloaded https://repo.maven.apache.org/maven2/org/glassfish/jaxb/jaxb-core/4.0.5/jaxb-core-4.0.5.jar
2024-05-11 16:50:26,395 [AetherRepositoryConnector-repo.maven.apache.org-0-1] INFO  o.e.m.c.i.e.AbstractTransferListenerAdapter - Downloading https://repo.maven.apache.org/maven2/org/glassfish/jaxb/txw2/4.0.5/txw2-4.0.5.jar
2024-05-11 16:50:26,395 [AetherRepositoryConnector-repo.maven.apache.org-0-4] INFO  o.e.m.c.i.e.AbstractTransferListenerAdapter - Downloading https://repo.maven.apache.org/maven2/org/eclipse/angus/angus-activation/2.0.2/angus-activation-2.0.2.jar
2024-05-11 16:50:26,630 [AetherRepositoryConnector-repo.maven.apache.org-0-1] INFO  o.e.m.c.i.e.AbstractTransferListenerAdapter - Downloaded https://repo.maven.apache.org/maven2/org/glassfish/jaxb/txw2/4.0.5/txw2-4.0.5.jar
2024-05-11 16:50:26,711 [AetherRepositoryConnector-repo.maven.apache.org-0-1] INFO  o.e.m.c.i.e.AbstractTransferListenerAdapter - Downloading https://repo.maven.apache.org/maven2/org/springframework/data/spring-data-jpa/3.2.5/spring-data-jpa-3.2.5.jar
2024-05-11 16:50:26,781 [AetherRepositoryConnector-repo.maven.apache.org-0-4] INFO  o.e.m.c.i.e.AbstractTransferListenerAdapter - Downloaded https://repo.maven.apache.org/maven2/org/eclipse/angus/angus-activation/2.0.2/angus-activation-2.0.2.jar
2024-05-11 16:50:26,839 [AetherRepositoryConnector-repo.maven.apache.org-0-4] INFO  o.e.m.c.i.e.AbstractTransferListenerAdapter - Downloading https://repo.maven.apache.org/maven2/org/springframework/data/spring-data-commons/3.2.5/spring-data-commons-3.2.5.jar
2024-05-11 16:50:27,227 [AetherRepositoryConnector-repo.maven.apache.org-0-3] INFO  o.e.m.c.i.e.AbstractTransferListenerAdapter - Downloaded https://repo.maven.apache.org/maven2/org/glassfish/jaxb/jaxb-runtime/4.0.5/jaxb-runtime-4.0.5.jar
2024-05-11 16:50:27,283 [AetherRepositoryConnector-repo.maven.apache.org-0-3] INFO  o.e.m.c.i.e.AbstractTransferListenerAdapter - Downloading https://repo.maven.apache.org/maven2/org/springframework/spring-orm/6.1.6/spring-orm-6.1.6.jar
2024-05-11 16:50:27,742 [AetherRepositoryConnector-repo.maven.apache.org-0-3] INFO  o.e.m.c.i.e.AbstractTransferListenerAdapter - Downloaded https://repo.maven.apache.org/maven2/org/springframework/spring-orm/6.1.6/spring-orm-6.1.6.jar
2024-05-11 16:50:27,881 [AetherRepositoryConnector-repo.maven.apache.org-0-3] INFO  o.e.m.c.i.e.AbstractTransferListenerAdapter - Downloading https://repo.maven.apache.org/maven2/org/springframework/spring-tx/6.1.6/spring-tx-6.1.6.jar
2024-05-11 16:50:28,412 [AetherRepositoryConnector-repo.maven.apache.org-0-3] INFO  o.e.m.c.i.e.AbstractTransferListenerAdapter - Downloaded https://repo.maven.apache.org/maven2/org/springframework/spring-tx/6.1.6/spring-tx-6.1.6.jar
2024-05-11 16:50:28,470 [AetherRepositoryConnector-repo.maven.apache.org-0-3] INFO  o.e.m.c.i.e.AbstractTransferListenerAdapter - Downloading https://repo.maven.apache.org/maven2/org/springframework/spring-aspects/6.1.6/spring-aspects-6.1.6.jar
2024-05-11 16:50:28,854 [AetherRepositoryConnector-repo.maven.apache.org-0-1] INFO  o.e.m.c.i.e.AbstractTransferListenerAdapter - Downloaded https://repo.maven.apache.org/maven2/org/springframework/data/spring-data-jpa/3.2.5/spring-data-jpa-3.2.5.jar
2024-05-11 16:50:28,891 [AetherRepositoryConnector-repo.maven.apache.org-0-2] INFO  o.e.m.c.i.e.AbstractTransferListenerAdapter - Downloaded https://repo.maven.apache.org/maven2/org/aspectj/aspectjweaver/1.9.22/aspectjweaver-1.9.22.jar
2024-05-11 16:50:28,929 [AetherRepositoryConnector-repo.maven.apache.org-0-4] INFO  o.e.m.c.i.e.AbstractTransferListenerAdapter - Downloaded https://repo.maven.apache.org/maven2/org/springframework/data/spring-data-commons/3.2.5/spring-data-commons-3.2.5.jar
2024-05-11 16:50:29,024 [AetherRepositoryConnector-repo.maven.apache.org-0-3] INFO  o.e.m.c.i.e.AbstractTransferListenerAdapter - Downloaded https://repo.maven.apache.org/maven2/org/springframework/spring-aspects/6.1.6/spring-aspects-6.1.6.jar
2024-05-11 16:50:31,905 [AetherRepositoryConnector-repo.maven.apache.org-0-0] INFO  o.e.m.c.i.e.AbstractTransferListenerAdapter - Downloaded https://repo.maven.apache.org/maven2/org/hibernate/orm/hibernate-core/6.4.4.Final/hibernate-core-6.4.4.Final.jar
2024-05-11 16:50:32,714 [Worker-1: Import Getting Started Content] INFO  o.e.m.j.i.AbstractJavaProjectConfigurator - Adding source folder /WeatherApiCommon/src/main/java
2024-05-11 16:50:32,715 [Worker-1: Import Getting Started Content] INFO  o.e.m.j.i.AbstractJavaProjectConfigurator - Adding resource folder /WeatherApiCommon/src/main/resources
2024-05-11 16:50:32,726 [Worker-1: Import Getting Started Content] INFO  o.e.m.j.i.AbstractJavaProjectConfigurator - Adding resource folder /WeatherApiCommon/src/main/resources
2024-05-11 16:50:32,739 [Worker-1: Import Getting Started Content] INFO  o.e.m.j.i.AbstractJavaProjectConfigurator - Adding source folder /WeatherApiCommon/src/test/java
2024-05-11 16:50:33,529 [Worker-14: Download sources and javadoc] INFO  o.e.m.c.i.e.AbstractTransferListenerAdapter - Downloading https://repo.maven.apache.org/maven2/org/springframework/boot/spring-boot-starter-data-jpa/3.2.5/spring-boot-starter-data-jpa-3.2.5-sources.jar
2024-05-11 16:50:33,628 [Worker-14: Download sources and javadoc] INFO  o.e.m.c.i.e.AbstractTransferListenerAdapter - Downloaded https://repo.maven.apache.org/maven2/org/springframework/boot/spring-boot-starter-data-jpa/3.2.5/spring-boot-starter-data-jpa-3.2.5-sources.jar
2024-05-11 16:50:33,631 [Worker-14: Download sources and javadoc] INFO  o.e.m.j.internal.DownloadSourcesJob - Downloaded sources for org.springframework.boot:spring-boot-starter-data-jpa:3.2.5
2024-05-11 16:50:33,759 [Worker-14: Download sources and javadoc] INFO  o.e.m.c.i.e.AbstractTransferListenerAdapter - Downloading https://repo.maven.apache.org/maven2/org/springframework/boot/spring-boot-starter-aop/3.2.5/spring-boot-starter-aop-3.2.5-sources.jar
2024-05-11 16:50:33,864 [Worker-14: Download sources and javadoc] INFO  o.e.m.c.i.e.AbstractTransferListenerAdapter - Downloaded https://repo.maven.apache.org/maven2/org/springframework/boot/spring-boot-starter-aop/3.2.5/spring-boot-starter-aop-3.2.5-sources.jar
2024-05-11 16:50:33,869 [Worker-14: Download sources and javadoc] INFO  o.e.m.j.internal.DownloadSourcesJob - Downloaded sources for org.springframework.boot:spring-boot-starter-aop:3.2.5
2024-05-11 16:50:33,981 [Worker-14: Download sources and javadoc] INFO  o.e.m.c.i.e.AbstractTransferListenerAdapter - Downloading https://repo.maven.apache.org/maven2/org/aspectj/aspectjweaver/1.9.22/aspectjweaver-1.9.22-sources.jar
2024-05-11 16:50:34,179 [Worker-1: Import Getting Started Content] INFO  o.e.m.c.i.p.ProjectConfigurationManager - Imported and configured 1 project(s) in 16 sec
2024-05-11 16:50:34,183 [Worker-1: Import Getting Started Content] INFO  o.e.m.c.i.p.ProjectConfigurationManager - Update started
2024-05-11 16:50:34,527 [Worker-1: Import Getting Started Content] INFO  o.e.m.c.i.l.LifecycleMappingFactory - Using org.eclipse.m2e.jdt.JarLifecycleMapping lifecycle mapping for MavenProject: com.weatherapi:WeatherApiCommon:1.0.0 @ D:\project-java-spring\RestApiCourse\WeatherAPIs\WeatherApiProject\WeatherApiCommon\pom.xml.
2024-05-11 16:50:35,056 [Worker-1: Import Getting Started Content] INFO  o.e.m.j.i.AbstractJavaProjectConfigurator - Adding source folder /WeatherApiCommon/src/main/java
2024-05-11 16:50:35,057 [Worker-1: Import Getting Started Content] INFO  o.e.m.j.i.AbstractJavaProjectConfigurator - Adding resource folder /WeatherApiCommon/src/main/resources
2024-05-11 16:50:35,057 [Worker-1: Import Getting Started Content] INFO  o.e.m.j.i.AbstractJavaProjectConfigurator - Adding resource folder /WeatherApiCommon/src/main/resources
2024-05-11 16:50:35,057 [Worker-1: Import Getting Started Content] INFO  o.e.m.j.i.AbstractJavaProjectConfigurator - Adding source folder /WeatherApiCommon/src/test/java
2024-05-11 16:50:35,631 [Worker-14: Download sources and javadoc] INFO  o.e.m.c.i.e.AbstractTransferListenerAdapter - Downloaded https://repo.maven.apache.org/maven2/org/aspectj/aspectjweaver/1.9.22/aspectjweaver-1.9.22-sources.jar
2024-05-11 16:50:35,635 [Worker-14: Download sources and javadoc] INFO  o.e.m.j.internal.DownloadSourcesJob - Downloaded sources for org.aspectj:aspectjweaver:1.9.22
2024-05-11 16:50:35,784 [Worker-14: Download sources and javadoc] INFO  o.e.m.c.i.e.AbstractTransferListenerAdapter - Downloading https://repo.maven.apache.org/maven2/org/springframework/boot/spring-boot-starter-jdbc/3.2.5/spring-boot-starter-jdbc-3.2.5-sources.jar
2024-05-11 16:50:36,156 [Worker-14: Download sources and javadoc] INFO  o.e.m.c.i.e.AbstractTransferListenerAdapter - Downloaded https://repo.maven.apache.org/maven2/org/springframework/boot/spring-boot-starter-jdbc/3.2.5/spring-boot-starter-jdbc-3.2.5-sources.jar
2024-05-11 16:50:36,160 [Worker-14: Download sources and javadoc] INFO  o.e.m.j.internal.DownloadSourcesJob - Downloaded sources for org.springframework.boot:spring-boot-starter-jdbc:3.2.5
2024-05-11 16:50:36,319 [Worker-14: Download sources and javadoc] INFO  o.e.m.c.i.e.AbstractTransferListenerAdapter - Downloading https://repo.maven.apache.org/maven2/org/springframework/spring-jdbc/6.1.6/spring-jdbc-6.1.6-sources.jar
2024-05-11 16:50:37,045 [Worker-1: Import Getting Started Content] INFO  o.e.m.c.i.p.ProjectConfigurationManager - Update completed for 1 poms: local refresh takes 0.00 sec, refresh facades takes 0.00 sec, update config takes 0.00 sec 
2024-05-11 16:50:37,621 [Worker-14: Download sources and javadoc] INFO  o.e.m.c.i.e.AbstractTransferListenerAdapter - Downloaded https://repo.maven.apache.org/maven2/org/springframework/spring-jdbc/6.1.6/spring-jdbc-6.1.6-sources.jar
2024-05-11 16:50:37,629 [Worker-14: Download sources and javadoc] INFO  o.e.m.j.internal.DownloadSourcesJob - Downloaded sources for org.springframework:spring-jdbc:6.1.6
2024-05-11 16:50:37,751 [Worker-14: Download sources and javadoc] INFO  o.e.m.c.i.e.AbstractTransferListenerAdapter - Downloading https://repo.maven.apache.org/maven2/org/hibernate/orm/hibernate-core/6.4.4.Final/hibernate-core-6.4.4.Final-sources.jar
2024-05-11 16:50:41,259 [Worker-14: Download sources and javadoc] INFO  o.e.m.c.i.e.AbstractTransferListenerAdapter - Downloaded https://repo.maven.apache.org/maven2/org/hibernate/orm/hibernate-core/6.4.4.Final/hibernate-core-6.4.4.Final-sources.jar
2024-05-11 16:50:41,293 [Worker-14: Download sources and javadoc] INFO  o.e.m.j.internal.DownloadSourcesJob - Downloaded sources for org.hibernate.orm:hibernate-core:6.4.4.Final
2024-05-11 16:50:41,709 [Worker-14: Download sources and javadoc] INFO  o.e.m.c.i.e.AbstractTransferListenerAdapter - Downloading https://repo.maven.apache.org/maven2/org/glassfish/jaxb/jaxb-runtime/4.0.5/jaxb-runtime-4.0.5-sources.jar
2024-05-11 16:50:42,327 [Worker-14: Download sources and javadoc] INFO  o.e.m.c.i.e.AbstractTransferListenerAdapter - Downloaded https://repo.maven.apache.org/maven2/org/glassfish/jaxb/jaxb-runtime/4.0.5/jaxb-runtime-4.0.5-sources.jar
2024-05-11 16:50:42,331 [Worker-14: Download sources and javadoc] INFO  o.e.m.j.internal.DownloadSourcesJob - Downloaded sources for org.glassfish.jaxb:jaxb-runtime:4.0.5
2024-05-11 16:50:42,438 [Worker-14: Download sources and javadoc] INFO  o.e.m.c.i.e.AbstractTransferListenerAdapter - Downloading https://repo.maven.apache.org/maven2/org/glassfish/jaxb/jaxb-core/4.0.5/jaxb-core-4.0.5-sources.jar
2024-05-11 16:50:42,673 [Worker-14: Download sources and javadoc] INFO  o.e.m.c.i.e.AbstractTransferListenerAdapter - Downloaded https://repo.maven.apache.org/maven2/org/glassfish/jaxb/jaxb-core/4.0.5/jaxb-core-4.0.5-sources.jar
2024-05-11 16:50:42,676 [Worker-14: Download sources and javadoc] INFO  o.e.m.j.internal.DownloadSourcesJob - Downloaded sources for org.glassfish.jaxb:jaxb-core:4.0.5
2024-05-11 16:50:42,757 [Worker-14: Download sources and javadoc] INFO  o.e.m.c.i.e.AbstractTransferListenerAdapter - Downloading https://repo.maven.apache.org/maven2/org/eclipse/angus/angus-activation/2.0.2/angus-activation-2.0.2-sources.jar
2024-05-11 16:50:43,355 [Worker-14: Download sources and javadoc] INFO  o.e.m.c.i.e.AbstractTransferListenerAdapter - Downloaded https://repo.maven.apache.org/maven2/org/eclipse/angus/angus-activation/2.0.2/angus-activation-2.0.2-sources.jar
2024-05-11 16:50:43,359 [Worker-14: Download sources and javadoc] INFO  o.e.m.j.internal.DownloadSourcesJob - Downloaded sources for org.eclipse.angus:angus-activation:2.0.2
2024-05-11 16:50:43,472 [Worker-14: Download sources and javadoc] INFO  o.e.m.c.i.e.AbstractTransferListenerAdapter - Downloading https://repo.maven.apache.org/maven2/org/glassfish/jaxb/txw2/4.0.5/txw2-4.0.5-sources.jar
2024-05-11 16:50:43,608 [Worker-14: Download sources and javadoc] INFO  o.e.m.c.i.e.AbstractTransferListenerAdapter - Downloaded https://repo.maven.apache.org/maven2/org/glassfish/jaxb/txw2/4.0.5/txw2-4.0.5-sources.jar
2024-05-11 16:50:43,611 [Worker-14: Download sources and javadoc] INFO  o.e.m.j.internal.DownloadSourcesJob - Downloaded sources for org.glassfish.jaxb:txw2:4.0.5
2024-05-11 16:50:43,706 [Worker-14: Download sources and javadoc] INFO  o.e.m.c.i.e.AbstractTransferListenerAdapter - Downloading https://repo.maven.apache.org/maven2/org/springframework/data/spring-data-jpa/3.2.5/spring-data-jpa-3.2.5-sources.jar
2024-05-11 16:50:43,991 [Worker-14: Download sources and javadoc] INFO  o.e.m.c.i.e.AbstractTransferListenerAdapter - Downloaded https://repo.maven.apache.org/maven2/org/springframework/data/spring-data-jpa/3.2.5/spring-data-jpa-3.2.5-sources.jar
2024-05-11 16:50:43,993 [Worker-14: Download sources and javadoc] INFO  o.e.m.j.internal.DownloadSourcesJob - Downloaded sources for org.springframework.data:spring-data-jpa:3.2.5
2024-05-11 16:50:44,102 [Worker-14: Download sources and javadoc] INFO  o.e.m.c.i.e.AbstractTransferListenerAdapter - Downloading https://repo.maven.apache.org/maven2/org/springframework/data/spring-data-commons/3.2.5/spring-data-commons-3.2.5-sources.jar
2024-05-11 16:50:44,483 [Worker-14: Download sources and javadoc] INFO  o.e.m.c.i.e.AbstractTransferListenerAdapter - Downloaded https://repo.maven.apache.org/maven2/org/springframework/data/spring-data-commons/3.2.5/spring-data-commons-3.2.5-sources.jar
2024-05-11 16:50:44,486 [Worker-14: Download sources and javadoc] INFO  o.e.m.j.internal.DownloadSourcesJob - Downloaded sources for org.springframework.data:spring-data-commons:3.2.5
2024-05-11 16:50:44,585 [Worker-14: Download sources and javadoc] INFO  o.e.m.c.i.e.AbstractTransferListenerAdapter - Downloading https://repo.maven.apache.org/maven2/org/springframework/spring-orm/6.1.6/spring-orm-6.1.6-sources.jar
2024-05-11 16:50:44,710 [Worker-14: Download sources and javadoc] INFO  o.e.m.c.i.e.AbstractTransferListenerAdapter - Downloaded https://repo.maven.apache.org/maven2/org/springframework/spring-orm/6.1.6/spring-orm-6.1.6-sources.jar
2024-05-11 16:50:44,714 [Worker-14: Download sources and javadoc] INFO  o.e.m.j.internal.DownloadSourcesJob - Downloaded sources for org.springframework:spring-orm:6.1.6
2024-05-11 16:50:44,802 [Worker-14: Download sources and javadoc] INFO  o.e.m.c.i.e.AbstractTransferListenerAdapter - Downloading https://repo.maven.apache.org/maven2/org/springframework/spring-tx/6.1.6/spring-tx-6.1.6-sources.jar
2024-05-11 16:50:45,008 [Worker-14: Download sources and javadoc] INFO  o.e.m.c.i.e.AbstractTransferListenerAdapter - Downloaded https://repo.maven.apache.org/maven2/org/springframework/spring-tx/6.1.6/spring-tx-6.1.6-sources.jar
2024-05-11 16:50:45,013 [Worker-14: Download sources and javadoc] INFO  o.e.m.j.internal.DownloadSourcesJob - Downloaded sources for org.springframework:spring-tx:6.1.6
2024-05-11 16:50:45,250 [Worker-14: Download sources and javadoc] INFO  o.e.m.c.i.e.AbstractTransferListenerAdapter - Downloading https://repo.maven.apache.org/maven2/org/springframework/spring-aspects/6.1.6/spring-aspects-6.1.6-sources.jar
2024-05-11 16:50:49,008 [Worker-14: Download sources and javadoc] INFO  o.e.m.c.i.e.AbstractTransferListenerAdapter - Downloaded https://repo.maven.apache.org/maven2/org/springframework/spring-aspects/6.1.6/spring-aspects-6.1.6-sources.jar
2024-05-11 16:50:49,015 [Worker-14: Download sources and javadoc] INFO  o.e.m.j.internal.DownloadSourcesJob - Downloaded sources for org.springframework:spring-aspects:6.1.6
2024-05-11 17:01:35,785 [Worker-13: Import Getting Started Content] INFO  o.e.m.c.i.l.LifecycleMappingFactory - Using org.eclipse.m2e.jdt.JarLifecycleMapping lifecycle mapping for MavenProject: com.weatherapi:WeatherApiService:1.0.0 @ D:\project-java-spring\RestApiCourse\WeatherAPIs\WeatherApiProject\WeatherApiService\pom.xml.
2024-05-11 17:01:36,321 [Worker-13: Import Getting Started Content] INFO  o.e.m.c.i.e.AbstractTransferListenerAdapter - Downloading https://repo.maven.apache.org/maven2/com/mysql/mysql-connector-j/8.3.0/mysql-connector-j-8.3.0.pom
2024-05-11 17:01:36,415 [Worker-13: Import Getting Started Content] INFO  o.e.m.c.i.e.AbstractTransferListenerAdapter - Downloaded https://repo.maven.apache.org/maven2/com/mysql/mysql-connector-j/8.3.0/mysql-connector-j-8.3.0.pom
2024-05-11 17:01:36,526 [Worker-13: Import Getting Started Content] INFO  o.e.m.c.i.e.AbstractTransferListenerAdapter - Downloading https://repo.maven.apache.org/maven2/com/mysql/mysql-connector-j/8.3.0/mysql-connector-j-8.3.0.jar
2024-05-11 17:01:37,498 [Worker-13: Import Getting Started Content] INFO  o.e.m.c.i.e.AbstractTransferListenerAdapter - Downloaded https://repo.maven.apache.org/maven2/com/mysql/mysql-connector-j/8.3.0/mysql-connector-j-8.3.0.jar
2024-05-11 17:01:37,844 [Worker-13: Import Getting Started Content] INFO  o.e.m.j.i.AbstractJavaProjectConfigurator - Adding source folder /WeatherApiService/src/main/java
2024-05-11 17:01:37,845 [Worker-13: Import Getting Started Content] INFO  o.e.m.j.i.AbstractJavaProjectConfigurator - Adding resource folder /WeatherApiService/src/main/resources
2024-05-11 17:01:37,856 [Worker-13: Import Getting Started Content] INFO  o.e.m.j.i.AbstractJavaProjectConfigurator - Adding resource folder /WeatherApiService/src/main/resources
2024-05-11 17:01:37,867 [Worker-13: Import Getting Started Content] INFO  o.e.m.j.i.AbstractJavaProjectConfigurator - Adding source folder /WeatherApiService/src/test/java
2024-05-11 17:01:38,191 [Worker-13: Import Getting Started Content] INFO  o.e.m.c.i.p.ProjectConfigurationManager - Imported and configured 1 project(s) in 3 sec
2024-05-11 17:01:38,194 [Worker-13: Import Getting Started Content] INFO  o.e.m.c.i.p.ProjectConfigurationManager - Update started
2024-05-11 17:01:38,489 [Worker-13: Import Getting Started Content] INFO  o.e.m.c.i.l.LifecycleMappingFactory - Using org.eclipse.m2e.jdt.JarLifecycleMapping lifecycle mapping for MavenProject: com.weatherapi:WeatherApiService:1.0.0 @ D:\project-java-spring\RestApiCourse\WeatherAPIs\WeatherApiProject\WeatherApiService\pom.xml.
2024-05-11 17:01:38,770 [Worker-17: Download sources and javadoc] INFO  o.e.m.c.i.e.AbstractTransferListenerAdapter - Downloading https://repo.maven.apache.org/maven2/com/mysql/mysql-connector-j/8.3.0/mysql-connector-j-8.3.0-sources.jar
2024-05-11 17:01:38,930 [Worker-13: Import Getting Started Content] INFO  o.e.m.j.i.AbstractJavaProjectConfigurator - Adding source folder /WeatherApiService/src/main/java
2024-05-11 17:01:38,931 [Worker-13: Import Getting Started Content] INFO  o.e.m.j.i.AbstractJavaProjectConfigurator - Adding resource folder /WeatherApiService/src/main/resources
2024-05-11 17:01:38,931 [Worker-13: Import Getting Started Content] INFO  o.e.m.j.i.AbstractJavaProjectConfigurator - Adding resource folder /WeatherApiService/src/main/resources
2024-05-11 17:01:38,931 [Worker-13: Import Getting Started Content] INFO  o.e.m.j.i.AbstractJavaProjectConfigurator - Adding source folder /WeatherApiService/src/test/java
2024-05-11 17:01:39,269 [Worker-13: Import Getting Started Content] INFO  o.e.m.c.i.p.ProjectConfigurationManager - Update completed for 1 poms: local refresh takes 0.00 sec, refresh facades takes 0.00 sec, update config takes 0.00 sec 
2024-05-11 17:01:39,376 [Worker-17: Download sources and javadoc] INFO  o.e.m.c.i.e.AbstractTransferListenerAdapter - Downloaded https://repo.maven.apache.org/maven2/com/mysql/mysql-connector-j/8.3.0/mysql-connector-j-8.3.0-sources.jar
2024-05-11 17:01:39,380 [Worker-17: Download sources and javadoc] INFO  o.e.m.j.internal.DownloadSourcesJob - Downloaded sources for com.mysql:mysql-connector-j:8.3.0
2024-05-11 17:07:23,071 [main] INFO  o.e.m2e.actions.ExecutePomAction - Creating new launch configuration
2024-05-11 17:07:59,254 [Worker-8: Launching WeatherApiProject] INFO  o.eclipse.m2e.core.internal.Bundles - getClasspathEntries(Bundle=org.eclipse.m2e.maven.runtime_3.8.604.20221130-2149 [345])
2024-05-11 17:07:59,265 [Worker-8: Launching WeatherApiProject] INFO  o.eclipse.m2e.core.internal.Bundles - 	Entry: C:\ProgramData\chocolatey\lib\springtoolsuite\tools\sts-4.17.2.RELEASE\plugins\org.eclipse.m2e.maven.runtime_3.8.604.20221130-2149
2024-05-11 17:07:59,265 [Worker-8: Launching WeatherApiProject] INFO  o.eclipse.m2e.core.internal.Bundles - 	Entry: C:\ProgramData\chocolatey\lib\springtoolsuite\tools\sts-4.17.2.RELEASE\plugins\org.eclipse.m2e.maven.runtime_3.8.604.20221130-2149\jars\aether-connector-okhttp-0.17.8.jar
2024-05-11 17:07:59,265 [Worker-8: Launching WeatherApiProject] INFO  o.eclipse.m2e.core.internal.Bundles - 	Entry: C:\ProgramData\chocolatey\lib\springtoolsuite\tools\sts-4.17.2.RELEASE\plugins\org.eclipse.m2e.maven.runtime_3.8.604.20221130-2149\jars\commons-cli-1.4.jar
2024-05-11 17:07:59,265 [Worker-8: Launching WeatherApiProject] INFO  o.eclipse.m2e.core.internal.Bundles - 	Entry: C:\ProgramData\chocolatey\lib\springtoolsuite\tools\sts-4.17.2.RELEASE\plugins\org.eclipse.m2e.maven.runtime_3.8.604.20221130-2149\jars\commons-io-2.6.jar
2024-05-11 17:07:59,266 [Worker-8: Launching WeatherApiProject] INFO  o.eclipse.m2e.core.internal.Bundles - 	Entry: C:\ProgramData\chocolatey\lib\springtoolsuite\tools\sts-4.17.2.RELEASE\plugins\org.eclipse.m2e.maven.runtime_3.8.604.20221130-2149\jars\commons-lang3-3.8.1.jar
2024-05-11 17:07:59,266 [Worker-8: Launching WeatherApiProject] INFO  o.eclipse.m2e.core.internal.Bundles - 	Entry: C:\ProgramData\chocolatey\lib\springtoolsuite\tools\sts-4.17.2.RELEASE\plugins\org.eclipse.m2e.maven.runtime_3.8.604.20221130-2149\jars\guice-4.2.2-no_aop.jar
2024-05-11 17:07:59,266 [Worker-8: Launching WeatherApiProject] INFO  o.eclipse.m2e.core.internal.Bundles - 	Entry: C:\ProgramData\chocolatey\lib\springtoolsuite\tools\sts-4.17.2.RELEASE\plugins\org.eclipse.m2e.maven.runtime_3.8.604.20221130-2149\jars\jansi-2.4.0.jar
2024-05-11 17:07:59,266 [Worker-8: Launching WeatherApiProject] INFO  o.eclipse.m2e.core.internal.Bundles - 	Entry: C:\ProgramData\chocolatey\lib\springtoolsuite\tools\sts-4.17.2.RELEASE\plugins\org.eclipse.m2e.maven.runtime_3.8.604.20221130-2149\jars\maven-artifact-3.8.6.jar
2024-05-11 17:07:59,267 [Worker-8: Launching WeatherApiProject] INFO  o.eclipse.m2e.core.internal.Bundles - 	Entry: C:\ProgramData\chocolatey\lib\springtoolsuite\tools\sts-4.17.2.RELEASE\plugins\org.eclipse.m2e.maven.runtime_3.8.604.20221130-2149\jars\maven-builder-support-3.8.6.jar
2024-05-11 17:07:59,268 [Worker-8: Launching WeatherApiProject] INFO  o.eclipse.m2e.core.internal.Bundles - 	Entry: C:\ProgramData\chocolatey\lib\springtoolsuite\tools\sts-4.17.2.RELEASE\plugins\org.eclipse.m2e.maven.runtime_3.8.604.20221130-2149\jars\maven-compat-3.8.6.jar
2024-05-11 17:07:59,268 [Worker-8: Launching WeatherApiProject] INFO  o.eclipse.m2e.core.internal.Bundles - 	Entry: C:\ProgramData\chocolatey\lib\springtoolsuite\tools\sts-4.17.2.RELEASE\plugins\org.eclipse.m2e.maven.runtime_3.8.604.20221130-2149\jars\maven-core-3.8.6.jar
2024-05-11 17:07:59,268 [Worker-8: Launching WeatherApiProject] INFO  o.eclipse.m2e.core.internal.Bundles - 	Entry: C:\ProgramData\chocolatey\lib\springtoolsuite\tools\sts-4.17.2.RELEASE\plugins\org.eclipse.m2e.maven.runtime_3.8.604.20221130-2149\jars\maven-embedder-3.8.6.jar
2024-05-11 17:07:59,268 [Worker-8: Launching WeatherApiProject] INFO  o.eclipse.m2e.core.internal.Bundles - 	Entry: C:\ProgramData\chocolatey\lib\springtoolsuite\tools\sts-4.17.2.RELEASE\plugins\org.eclipse.m2e.maven.runtime_3.8.604.20221130-2149\jars\maven-model-3.8.6.jar
2024-05-11 17:07:59,268 [Worker-8: Launching WeatherApiProject] INFO  o.eclipse.m2e.core.internal.Bundles - 	Entry: C:\ProgramData\chocolatey\lib\springtoolsuite\tools\sts-4.17.2.RELEASE\plugins\org.eclipse.m2e.maven.runtime_3.8.604.20221130-2149\jars\maven-model-builder-3.8.6.jar
2024-05-11 17:07:59,270 [Worker-8: Launching WeatherApiProject] INFO  o.eclipse.m2e.core.internal.Bundles - 	Entry: C:\ProgramData\chocolatey\lib\springtoolsuite\tools\sts-4.17.2.RELEASE\plugins\org.eclipse.m2e.maven.runtime_3.8.604.20221130-2149\jars\maven-plugin-api-3.8.6.jar
2024-05-11 17:07:59,270 [Worker-8: Launching WeatherApiProject] INFO  o.eclipse.m2e.core.internal.Bundles - 	Entry: C:\ProgramData\chocolatey\lib\springtoolsuite\tools\sts-4.17.2.RELEASE\plugins\org.eclipse.m2e.maven.runtime_3.8.604.20221130-2149\jars\maven-repository-metadata-3.8.6.jar
2024-05-11 17:07:59,270 [Worker-8: Launching WeatherApiProject] INFO  o.eclipse.m2e.core.internal.Bundles - 	Entry: C:\ProgramData\chocolatey\lib\springtoolsuite\tools\sts-4.17.2.RELEASE\plugins\org.eclipse.m2e.maven.runtime_3.8.604.20221130-2149\jars\maven-resolver-api-1.6.3.jar
2024-05-11 17:07:59,270 [Worker-8: Launching WeatherApiProject] INFO  o.eclipse.m2e.core.internal.Bundles - 	Entry: C:\ProgramData\chocolatey\lib\springtoolsuite\tools\sts-4.17.2.RELEASE\plugins\org.eclipse.m2e.maven.runtime_3.8.604.20221130-2149\jars\maven-resolver-connector-basic-1.6.3.jar
2024-05-11 17:07:59,270 [Worker-8: Launching WeatherApiProject] INFO  o.eclipse.m2e.core.internal.Bundles - 	Entry: C:\ProgramData\chocolatey\lib\springtoolsuite\tools\sts-4.17.2.RELEASE\plugins\org.eclipse.m2e.maven.runtime_3.8.604.20221130-2149\jars\maven-resolver-impl-1.6.3.jar
2024-05-11 17:07:59,270 [Worker-8: Launching WeatherApiProject] INFO  o.eclipse.m2e.core.internal.Bundles - 	Entry: C:\ProgramData\chocolatey\lib\springtoolsuite\tools\sts-4.17.2.RELEASE\plugins\org.eclipse.m2e.maven.runtime_3.8.604.20221130-2149\jars\maven-resolver-provider-3.8.6.jar
2024-05-11 17:07:59,270 [Worker-8: Launching WeatherApiProject] INFO  o.eclipse.m2e.core.internal.Bundles - 	Entry: C:\ProgramData\chocolatey\lib\springtoolsuite\tools\sts-4.17.2.RELEASE\plugins\org.eclipse.m2e.maven.runtime_3.8.604.20221130-2149\jars\maven-resolver-spi-1.6.3.jar
2024-05-11 17:07:59,270 [Worker-8: Launching WeatherApiProject] INFO  o.eclipse.m2e.core.internal.Bundles - 	Entry: C:\ProgramData\chocolatey\lib\springtoolsuite\tools\sts-4.17.2.RELEASE\plugins\org.eclipse.m2e.maven.runtime_3.8.604.20221130-2149\jars\maven-resolver-transport-wagon-1.6.3.jar
2024-05-11 17:07:59,271 [Worker-8: Launching WeatherApiProject] INFO  o.eclipse.m2e.core.internal.Bundles - 	Entry: C:\ProgramData\chocolatey\lib\springtoolsuite\tools\sts-4.17.2.RELEASE\plugins\org.eclipse.m2e.maven.runtime_3.8.604.20221130-2149\jars\maven-resolver-util-1.6.3.jar
2024-05-11 17:07:59,271 [Worker-8: Launching WeatherApiProject] INFO  o.eclipse.m2e.core.internal.Bundles - 	Entry: C:\ProgramData\chocolatey\lib\springtoolsuite\tools\sts-4.17.2.RELEASE\plugins\org.eclipse.m2e.maven.runtime_3.8.604.20221130-2149\jars\maven-settings-3.8.6.jar
2024-05-11 17:07:59,271 [Worker-8: Launching WeatherApiProject] INFO  o.eclipse.m2e.core.internal.Bundles - 	Entry: C:\ProgramData\chocolatey\lib\springtoolsuite\tools\sts-4.17.2.RELEASE\plugins\org.eclipse.m2e.maven.runtime_3.8.604.20221130-2149\jars\maven-settings-builder-3.8.6.jar
2024-05-11 17:07:59,272 [Worker-8: Launching WeatherApiProject] INFO  o.eclipse.m2e.core.internal.Bundles - 	Entry: C:\ProgramData\chocolatey\lib\springtoolsuite\tools\sts-4.17.2.RELEASE\plugins\org.eclipse.m2e.maven.runtime_3.8.604.20221130-2149\jars\maven-shared-utils-3.3.4.jar
2024-05-11 17:07:59,272 [Worker-8: Launching WeatherApiProject] INFO  o.eclipse.m2e.core.internal.Bundles - 	Entry: C:\ProgramData\chocolatey\lib\springtoolsuite\tools\sts-4.17.2.RELEASE\plugins\org.eclipse.m2e.maven.runtime_3.8.604.20221130-2149\jars\okhttp-3.14.1.jar
2024-05-11 17:07:59,273 [Worker-8: Launching WeatherApiProject] INFO  o.eclipse.m2e.core.internal.Bundles - 	Entry: C:\ProgramData\chocolatey\lib\springtoolsuite\tools\sts-4.17.2.RELEASE\plugins\org.eclipse.m2e.maven.runtime_3.8.604.20221130-2149\jars\okio-1.17.3.jar
2024-05-11 17:07:59,273 [Worker-8: Launching WeatherApiProject] INFO  o.eclipse.m2e.core.internal.Bundles - 	Entry: C:\ProgramData\chocolatey\lib\springtoolsuite\tools\sts-4.17.2.RELEASE\plugins\org.eclipse.m2e.maven.runtime_3.8.604.20221130-2149\jars\org.eclipse.sisu.inject-0.3.5.jar
2024-05-11 17:07:59,273 [Worker-8: Launching WeatherApiProject] INFO  o.eclipse.m2e.core.internal.Bundles - 	Entry: C:\ProgramData\chocolatey\lib\springtoolsuite\tools\sts-4.17.2.RELEASE\plugins\org.eclipse.m2e.maven.runtime_3.8.604.20221130-2149\jars\org.eclipse.sisu.plexus-0.3.5.jar
2024-05-11 17:07:59,273 [Worker-8: Launching WeatherApiProject] INFO  o.eclipse.m2e.core.internal.Bundles - 	Entry: C:\ProgramData\chocolatey\lib\springtoolsuite\tools\sts-4.17.2.RELEASE\plugins\org.eclipse.m2e.maven.runtime_3.8.604.20221130-2149\jars\plexus-build-api-0.0.7.jar
2024-05-11 17:07:59,273 [Worker-8: Launching WeatherApiProject] INFO  o.eclipse.m2e.core.internal.Bundles - 	Entry: C:\ProgramData\chocolatey\lib\springtoolsuite\tools\sts-4.17.2.RELEASE\plugins\org.eclipse.m2e.maven.runtime_3.8.604.20221130-2149\jars\plexus-cipher-2.0.jar
2024-05-11 17:07:59,274 [Worker-8: Launching WeatherApiProject] INFO  o.eclipse.m2e.core.internal.Bundles - 	Entry: C:\ProgramData\chocolatey\lib\springtoolsuite\tools\sts-4.17.2.RELEASE\plugins\org.eclipse.m2e.maven.runtime_3.8.604.20221130-2149\jars\plexus-classworlds-2.6.0.jar
2024-05-11 17:07:59,274 [Worker-8: Launching WeatherApiProject] INFO  o.eclipse.m2e.core.internal.Bundles - 	Entry: C:\ProgramData\chocolatey\lib\springtoolsuite\tools\sts-4.17.2.RELEASE\plugins\org.eclipse.m2e.maven.runtime_3.8.604.20221130-2149\jars\plexus-component-annotations-2.1.0.jar
2024-05-11 17:07:59,274 [Worker-8: Launching WeatherApiProject] INFO  o.eclipse.m2e.core.internal.Bundles - 	Entry: C:\ProgramData\chocolatey\lib\springtoolsuite\tools\sts-4.17.2.RELEASE\plugins\org.eclipse.m2e.maven.runtime_3.8.604.20221130-2149\jars\plexus-interpolation-1.26.jar
2024-05-11 17:07:59,274 [Worker-8: Launching WeatherApiProject] INFO  o.eclipse.m2e.core.internal.Bundles - 	Entry: C:\ProgramData\chocolatey\lib\springtoolsuite\tools\sts-4.17.2.RELEASE\plugins\org.eclipse.m2e.maven.runtime_3.8.604.20221130-2149\jars\plexus-sec-dispatcher-2.0.jar
2024-05-11 17:07:59,274 [Worker-8: Launching WeatherApiProject] INFO  o.eclipse.m2e.core.internal.Bundles - 	Entry: C:\ProgramData\chocolatey\lib\springtoolsuite\tools\sts-4.17.2.RELEASE\plugins\org.eclipse.m2e.maven.runtime_3.8.604.20221130-2149\jars\plexus-utils-3.3.1.jar
2024-05-11 17:07:59,274 [Worker-8: Launching WeatherApiProject] INFO  o.eclipse.m2e.core.internal.Bundles - 	Entry: C:\ProgramData\chocolatey\lib\springtoolsuite\tools\sts-4.17.2.RELEASE\plugins\org.eclipse.m2e.maven.runtime_3.8.604.20221130-2149\jars\wagon-file-3.5.1.jar
2024-05-11 17:07:59,274 [Worker-8: Launching WeatherApiProject] INFO  o.eclipse.m2e.core.internal.Bundles - 	Entry: C:\ProgramData\chocolatey\lib\springtoolsuite\tools\sts-4.17.2.RELEASE\plugins\org.eclipse.m2e.maven.runtime_3.8.604.20221130-2149\jars\wagon-provider-api-3.5.1.jar
2024-05-11 17:07:59,276 [Worker-8: Launching WeatherApiProject] INFO  o.eclipse.m2e.core.internal.Bundles - getClasspathEntries(Bundle=com.google.guava_32.1.3.jre [1342])
2024-05-11 17:07:59,282 [Worker-8: Launching WeatherApiProject] INFO  o.eclipse.m2e.core.internal.Bundles - 	Entry: C:\Users\ASUS\.eclipse\org.eclipse.platform_4.26.0_90929211_win32_win32_x86_64\plugins\com.google.guava_32.1.3.jre.jar
2024-05-11 17:07:59,283 [Worker-8: Launching WeatherApiProject] INFO  o.eclipse.m2e.core.internal.Bundles - getClasspathEntries(Bundle=slf4j.api_1.7.36 [584])
2024-05-11 17:07:59,286 [Worker-8: Launching WeatherApiProject] INFO  o.eclipse.m2e.core.internal.Bundles - 	Entry: C:\ProgramData\chocolatey\lib\springtoolsuite\tools\sts-4.17.2.RELEASE\plugins\slf4j.api_1.7.36.jar
2024-05-11 17:07:59,286 [Worker-8: Launching WeatherApiProject] INFO  o.eclipse.m2e.core.internal.Bundles - getClasspathEntries(Bundle=javax.inject_1.0.0.v20220405-0441 [49])
2024-05-11 17:07:59,288 [Worker-8: Launching WeatherApiProject] INFO  o.eclipse.m2e.core.internal.Bundles - 	Entry: C:\ProgramData\chocolatey\lib\springtoolsuite\tools\sts-4.17.2.RELEASE\plugins\javax.inject_1.0.0.v20220405-0441.jar
2024-05-11 17:07:59,288 [Worker-8: Launching WeatherApiProject] INFO  o.eclipse.m2e.core.internal.Bundles - getClasspathEntries(Bundle=javax.annotation_1.3.5.v20221112-0806 [47])
2024-05-11 17:07:59,291 [Worker-8: Launching WeatherApiProject] INFO  o.eclipse.m2e.core.internal.Bundles - 	Entry: C:\ProgramData\chocolatey\lib\springtoolsuite\tools\sts-4.17.2.RELEASE\plugins\javax.annotation_1.3.5.v20221112-0806.jar
2024-05-11 17:07:59,291 [Worker-8: Launching WeatherApiProject] INFO  o.eclipse.m2e.core.internal.Bundles - getClasspathEntries(Bundle=com.google.guava.failureaccess_1.0.2 [1344])
2024-05-11 17:07:59,296 [Worker-8: Launching WeatherApiProject] INFO  o.eclipse.m2e.core.internal.Bundles - 	Entry: C:\Users\ASUS\.eclipse\org.eclipse.platform_4.26.0_90929211_win32_win32_x86_64\plugins\com.google.guava.failureaccess_1.0.2.jar
2024-05-11 17:07:59,306 [Worker-8: Launching WeatherApiProject] INFO  o.e.m.i.launch.MavenLaunchDelegate - Run build in "D:\project-java-spring\RestApiCourse\WeatherAPIs\WeatherApiProject":
2024-05-11 17:07:59,342 [Worker-8: Launching WeatherApiProject] INFO  o.e.m.i.launch.MavenLaunchDelegate -  mvn  -B -Dstyle.color=always compile -Dstyle.color=always
2024-05-12 17:10:55,012 [Worker-5: Loading available Gradle versions] INFO  o.e.b.c.i.u.g.PublishedGradleVersions - Gradle version information cache is out-of-date. Trying to update.
2024-05-12 17:10:57,009 [ForkJoinPool.commonPool-worker-4] INFO  o.s.s.s.o.s.c.s.PostProcessorRegistrationDelegate$BeanPostProcessorChecker - Bean 'sonarLintSpringAppConfig' of type [org.sonarsource.sonarlint.core.spring.SonarLintSpringAppConfig$$EnhancerBySpringCGLIB$$4d69338f] is not eligible for getting processed by all BeanPostProcessors (for example: not eligible for auto-proxying)
2024-05-12 17:10:57,112 [ForkJoinPool.commonPool-worker-4] INFO  o.s.s.s.o.s.c.s.PostProcessorRegistrationDelegate$BeanPostProcessorChecker - Bean 'provideClientEventBus' of type [com.google.common.eventbus.AsyncEventBus] is not eligible for getting processed by all BeanPostProcessors (for example: not eligible for auto-proxying)
2024-05-12 17:18:04,651 [Worker-2: Loading available Gradle versions] INFO  o.e.b.c.i.u.g.PublishedGradleVersions - Gradle version information cache is up-to-date. Trying to read.
2024-05-12 17:18:18,482 [ForkJoinPool.commonPool-worker-1] INFO  o.s.s.s.o.s.c.s.PostProcessorRegistrationDelegate$BeanPostProcessorChecker - Bean 'sonarLintSpringAppConfig' of type [org.sonarsource.sonarlint.core.spring.SonarLintSpringAppConfig$$EnhancerBySpringCGLIB$$8a80306d] is not eligible for getting processed by all BeanPostProcessors (for example: not eligible for auto-proxying)
2024-05-12 17:18:18,811 [ForkJoinPool.commonPool-worker-1] INFO  o.s.s.s.o.s.c.s.PostProcessorRegistrationDelegate$BeanPostProcessorChecker - Bean 'provideClientEventBus' of type [com.google.common.eventbus.AsyncEventBus] is not eligible for getting processed by all BeanPostProcessors (for example: not eligible for auto-proxying)
2024-05-12 17:21:09,323 [Worker-3: Launching WeatherApiService - WeatherApiServiceApplication] INFO  o.e.m.c.i.l.LifecycleMappingFactory - Using org.eclipse.m2e.jdt.JarLifecycleMapping lifecycle mapping for MavenProject: com.weatherapi:WeatherApiService:1.0.0 @ D:\project-java-spring\RestApiCourse\WeatherAPIs\WeatherApiProject\WeatherApiService\pom.xml.
2024-05-12 17:21:11,040 [Worker-3: Launching WeatherApiService - WeatherApiServiceApplication] INFO  o.a.m.s.f.DefaultMavenResourcesFiltering - Copying 1 resource from src\main\resources to target\classes
2024-05-12 17:21:11,124 [Worker-3: Launching WeatherApiService - WeatherApiServiceApplication] INFO  o.a.m.s.f.DefaultMavenResourcesFiltering - Copying 0 resource from src\main\resources to target\classes
2024-05-12 17:21:11,134 [Worker-3: Launching WeatherApiService - WeatherApiServiceApplication] INFO  o.a.m.s.f.DefaultMavenResourcesFiltering - skip non existing resourceDirectory D:\project-java-spring\RestApiCourse\WeatherAPIs\WeatherApiProject\WeatherApiService\src\test\resources
2024-05-12 17:24:07,918 [Worker-2: Launching WeatherApiService - WeatherApiServiceApplication] INFO  o.a.m.s.f.DefaultMavenResourcesFiltering - Copying 1 resource from src\main\resources to target\classes
2024-05-12 17:24:07,931 [Worker-2: Launching WeatherApiService - WeatherApiServiceApplication] INFO  o.a.m.s.f.DefaultMavenResourcesFiltering - Copying 0 resource from src\main\resources to target\classes
2024-05-12 17:24:07,935 [Worker-2: Launching WeatherApiService - WeatherApiServiceApplication] INFO  o.a.m.s.f.DefaultMavenResourcesFiltering - skip non existing resourceDirectory D:\project-java-spring\RestApiCourse\WeatherAPIs\WeatherApiProject\WeatherApiService\src\test\resources
2024-05-12 17:31:16,092 [Worker-3: Loading available Gradle versions] INFO  o.e.b.c.i.u.g.PublishedGradleVersions - Gradle version information cache is up-to-date. Trying to read.
2024-05-12 17:31:22,470 [ForkJoinPool.commonPool-worker-5] INFO  o.s.s.s.o.s.c.s.PostProcessorRegistrationDelegate$BeanPostProcessorChecker - Bean 'sonarLintSpringAppConfig' of type [org.sonarsource.sonarlint.core.spring.SonarLintSpringAppConfig$$EnhancerBySpringCGLIB$$381facbf] is not eligible for getting processed by all BeanPostProcessors (for example: not eligible for auto-proxying)
2024-05-12 17:31:22,662 [ForkJoinPool.commonPool-worker-5] INFO  o.s.s.s.o.s.c.s.PostProcessorRegistrationDelegate$BeanPostProcessorChecker - Bean 'provideClientEventBus' of type [com.google.common.eventbus.AsyncEventBus] is not eligible for getting processed by all BeanPostProcessors (for example: not eligible for auto-proxying)
2024-05-12 17:32:27,536 [Worker-2: Cleaning all projects] INFO  o.e.m.c.i.l.LifecycleMappingFactory - Using NULL lifecycle mapping for MavenProject: com-weatherapi:WeatherApiProject:1.0.0 @ D:\project-java-spring\RestApiCourse\WeatherAPIs\WeatherApiProject\pom.xml.
2024-05-12 17:32:28,215 [Worker-8: Building Workspace] INFO  o.a.m.s.f.DefaultMavenResourcesFiltering - Copying 1 resource from src\main\resources to target\classes
2024-05-12 17:32:28,248 [Worker-8: Building Workspace] INFO  o.a.m.s.f.DefaultMavenResourcesFiltering - Copying 0 resource from src\main\resources to target\classes
2024-05-12 17:32:28,257 [Worker-8: Building Workspace] INFO  o.a.m.s.f.DefaultMavenResourcesFiltering - skip non existing resourceDirectory D:\project-java-spring\RestApiCourse\WeatherAPIs\WeatherApiProject\WeatherApiCommon\src\test\resources
2024-05-12 17:32:29,347 [Worker-8: Building Workspace] INFO  o.a.m.s.f.DefaultMavenResourcesFiltering - Copying 1 resource from src\main\resources to target\classes
2024-05-12 17:32:29,365 [Worker-8: Building Workspace] INFO  o.a.m.s.f.DefaultMavenResourcesFiltering - Copying 0 resource from src\main\resources to target\classes
2024-05-12 17:32:29,370 [Worker-8: Building Workspace] INFO  o.a.m.s.f.DefaultMavenResourcesFiltering - skip non existing resourceDirectory D:\project-java-spring\RestApiCourse\WeatherAPIs\WeatherApiProject\WeatherApiService\src\test\resources
2024-05-12 17:37:23,757 [Worker-3: Loading available Gradle versions] INFO  o.e.b.c.i.u.g.PublishedGradleVersions - Gradle version information cache is up-to-date. Trying to read.
2024-05-12 17:37:25,823 [ForkJoinPool.commonPool-worker-7] INFO  o.s.s.s.o.s.c.s.PostProcessorRegistrationDelegate$BeanPostProcessorChecker - Bean 'sonarLintSpringAppConfig' of type [org.sonarsource.sonarlint.core.spring.SonarLintSpringAppConfig$$EnhancerBySpringCGLIB$$d5b5e67d] is not eligible for getting processed by all BeanPostProcessors (for example: not eligible for auto-proxying)
2024-05-12 17:37:25,988 [ForkJoinPool.commonPool-worker-7] INFO  o.s.s.s.o.s.c.s.PostProcessorRegistrationDelegate$BeanPostProcessorChecker - Bean 'provideClientEventBus' of type [com.google.common.eventbus.AsyncEventBus] is not eligible for getting processed by all BeanPostProcessors (for example: not eligible for auto-proxying)
2024-05-12 17:57:43,496 [Worker-18: Building Workspace] INFO  o.a.m.s.f.DefaultMavenResourcesFiltering - Copying 1 resource from src\main\resources to target\classes
2024-05-12 17:57:43,529 [Worker-18: Building Workspace] INFO  o.a.m.s.f.DefaultMavenResourcesFiltering - Copying 0 resource from src\main\resources to target\classes
2024-05-12 17:57:43,535 [Worker-18: Building Workspace] INFO  o.a.m.s.f.DefaultMavenResourcesFiltering - skip non existing resourceDirectory D:\project-java-spring\RestApiCourse\WeatherAPIs\WeatherApiProject\WeatherApiCommon\src\test\resources
2024-05-12 17:57:44,398 [Worker-18: Building Workspace] INFO  o.a.m.s.f.DefaultMavenResourcesFiltering - Copying 1 resource from src\main\resources to target\classes
2024-05-12 17:57:44,414 [Worker-18: Building Workspace] INFO  o.a.m.s.f.DefaultMavenResourcesFiltering - Copying 0 resource from src\main\resources to target\classes
2024-05-12 17:57:44,419 [Worker-18: Building Workspace] INFO  o.a.m.s.f.DefaultMavenResourcesFiltering - skip non existing resourceDirectory D:\project-java-spring\RestApiCourse\WeatherAPIs\WeatherApiProject\WeatherApiService\src\test\resources
2024-05-12 20:23:31,142 [Worker-7: Loading available Gradle versions] INFO  o.e.b.c.i.u.g.PublishedGradleVersions - Gradle version information cache is up-to-date. Trying to read.
2024-05-12 20:23:32,440 [ForkJoinPool.commonPool-worker-2] INFO  o.s.s.s.o.s.c.s.PostProcessorRegistrationDelegate$BeanPostProcessorChecker - Bean 'sonarLintSpringAppConfig' of type [org.sonarsource.sonarlint.core.spring.SonarLintSpringAppConfig$$EnhancerBySpringCGLIB$$69b7508f] is not eligible for getting processed by all BeanPostProcessors (for example: not eligible for auto-proxying)
2024-05-12 20:23:32,507 [ForkJoinPool.commonPool-worker-2] INFO  o.s.s.s.o.s.c.s.PostProcessorRegistrationDelegate$BeanPostProcessorChecker - Bean 'provideClientEventBus' of type [com.google.common.eventbus.AsyncEventBus] is not eligible for getting processed by all BeanPostProcessors (for example: not eligible for auto-proxying)
2024-05-12 20:26:46,901 [Worker-1: Loading available Gradle versions] INFO  o.e.b.c.i.u.g.PublishedGradleVersions - Gradle version information cache is up-to-date. Trying to read.
2024-05-12 20:26:50,494 [ForkJoinPool.commonPool-worker-6] INFO  o.s.s.s.o.s.c.s.PostProcessorRegistrationDelegate$BeanPostProcessorChecker - Bean 'sonarLintSpringAppConfig' of type [org.sonarsource.sonarlint.core.spring.SonarLintSpringAppConfig$$EnhancerBySpringCGLIB$$89a15007] is not eligible for getting processed by all BeanPostProcessors (for example: not eligible for auto-proxying)
2024-05-12 20:26:50,738 [ForkJoinPool.commonPool-worker-6] INFO  o.s.s.s.o.s.c.s.PostProcessorRegistrationDelegate$BeanPostProcessorChecker - Bean 'provideClientEventBus' of type [com.google.common.eventbus.AsyncEventBus] is not eligible for getting processed by all BeanPostProcessors (for example: not eligible for auto-proxying)
2024-05-12 20:27:38,549 [Worker-2: Loading available Gradle versions] INFO  o.e.b.c.i.u.g.PublishedGradleVersions - Gradle version information cache is up-to-date. Trying to read.
2024-05-12 20:27:40,331 [ForkJoinPool.commonPool-worker-4] INFO  o.s.s.s.o.s.c.s.PostProcessorRegistrationDelegate$BeanPostProcessorChecker - Bean 'sonarLintSpringAppConfig' of type [org.sonarsource.sonarlint.core.spring.SonarLintSpringAppConfig$$EnhancerBySpringCGLIB$$3cc4e9bd] is not eligible for getting processed by all BeanPostProcessors (for example: not eligible for auto-proxying)
2024-05-12 20:27:40,417 [ForkJoinPool.commonPool-worker-4] INFO  o.s.s.s.o.s.c.s.PostProcessorRegistrationDelegate$BeanPostProcessorChecker - Bean 'provideClientEventBus' of type [com.google.common.eventbus.AsyncEventBus] is not eligible for getting processed by all BeanPostProcessors (for example: not eligible for auto-proxying)
2024-05-12 20:42:59,689 [Worker-2: Cleaning all projects] INFO  o.e.m.c.i.l.LifecycleMappingFactory - Using org.eclipse.m2e.jdt.JarLifecycleMapping lifecycle mapping for MavenProject: com.weatherapi:weather-api-common:1.0.0 @ D:\project-java-spring\RestApiCourse\WeatherAPIs\WeatherApiProject\WeatherApiCommon\pom.xml.
2024-05-12 20:43:00,747 [Worker-2: Cleaning all projects] INFO  o.e.m.c.i.l.LifecycleMappingFactory - Using org.eclipse.m2e.jdt.JarLifecycleMapping lifecycle mapping for MavenProject: com.weatherapi:WeatherApiService:1.0.0 @ D:\project-java-spring\RestApiCourse\WeatherAPIs\WeatherApiProject\WeatherApiService\pom.xml.
2024-05-12 20:43:00,955 [Worker-2: Cleaning all projects] INFO  o.e.m.c.i.p.WorkspaceClassifierResolverManager - Resolving P/WeatherApiCommon: com.weatherapi:weather-api-common:1.0.0 with classifier  to /WeatherApiCommon/target/classes
2024-05-12 20:43:01,704 [Worker-4: Building Workspace] INFO  o.a.m.s.f.DefaultMavenResourcesFiltering - Copying 1 resource from src\main\resources to target\classes
2024-05-12 20:43:01,726 [Worker-4: Building Workspace] INFO  o.a.m.s.f.DefaultMavenResourcesFiltering - Copying 0 resource from src\main\resources to target\classes
2024-05-12 20:43:01,731 [Worker-4: Building Workspace] INFO  o.a.m.s.f.DefaultMavenResourcesFiltering - skip non existing resourceDirectory D:\project-java-spring\RestApiCourse\WeatherAPIs\WeatherApiProject\WeatherApiCommon\src\test\resources
2024-05-12 20:43:01,930 [Worker-4: Building Workspace] INFO  o.a.m.s.f.DefaultMavenResourcesFiltering - Copying 1 resource from src\main\resources to target\classes
2024-05-12 20:43:01,942 [Worker-4: Building Workspace] INFO  o.a.m.s.f.DefaultMavenResourcesFiltering - Copying 0 resource from src\main\resources to target\classes
2024-05-12 20:43:01,945 [Worker-4: Building Workspace] INFO  o.a.m.s.f.DefaultMavenResourcesFiltering - skip non existing resourceDirectory D:\project-java-spring\RestApiCourse\WeatherAPIs\WeatherApiProject\WeatherApiService\src\test\resources
2024-05-12 20:45:07,989 [Worker-9: Building Workspace] INFO  o.a.m.s.f.DefaultMavenResourcesFiltering - Copying 1 resource from src\main\resources to target\classes
2024-05-12 20:45:07,993 [Worker-9: Building Workspace] INFO  o.a.m.s.f.DefaultMavenResourcesFiltering - Copying 0 resource from src\main\resources to target\classes
2024-05-12 20:45:07,999 [Worker-9: Building Workspace] INFO  o.a.m.s.f.DefaultMavenResourcesFiltering - skip non existing resourceDirectory D:\project-java-spring\RestApiCourse\WeatherAPIs\WeatherApiProject\WeatherApiCommon\src\test\resources
2024-05-12 20:45:08,090 [Worker-9: Building Workspace] INFO  o.a.m.s.f.DefaultMavenResourcesFiltering - Copying 1 resource from src\main\resources to target\classes
2024-05-12 20:45:08,093 [Worker-9: Building Workspace] INFO  o.a.m.s.f.DefaultMavenResourcesFiltering - Copying 0 resource from src\main\resources to target\classes
2024-05-12 20:45:08,097 [Worker-9: Building Workspace] INFO  o.a.m.s.f.DefaultMavenResourcesFiltering - skip non existing resourceDirectory D:\project-java-spring\RestApiCourse\WeatherAPIs\WeatherApiProject\WeatherApiService\src\test\resources
2024-05-12 20:47:30,305 [Worker-17: Launching WeatherApiService - WeatherApiServiceApplication] INFO  o.a.m.s.f.DefaultMavenResourcesFiltering - Copying 1 resource from src\main\resources to target\classes
2024-05-12 20:47:30,330 [Worker-17: Launching WeatherApiService - WeatherApiServiceApplication] INFO  o.a.m.s.f.DefaultMavenResourcesFiltering - Copying 0 resource from src\main\resources to target\classes
2024-05-12 20:47:30,334 [Worker-17: Launching WeatherApiService - WeatherApiServiceApplication] INFO  o.a.m.s.f.DefaultMavenResourcesFiltering - skip non existing resourceDirectory D:\project-java-spring\RestApiCourse\WeatherAPIs\WeatherApiProject\WeatherApiService\src\test\resources
2024-05-12 20:47:30,561 [Worker-17: Launching WeatherApiService - WeatherApiServiceApplication] INFO  o.e.m.c.i.p.WorkspaceClassifierResolverManager - Resolving P/WeatherApiCommon: com.weatherapi:weather-api-common:1.0.0 with classifier null to /WeatherApiCommon/target/classes
2024-05-12 20:47:30,615 [Worker-17: Launching WeatherApiService - WeatherApiServiceApplication] INFO  o.e.m.c.i.p.WorkspaceClassifierResolverManager - Resolving P/WeatherApiCommon: com.weatherapi:weather-api-common:1.0.0 with classifier null to /WeatherApiCommon/target/classes
2024-05-12 20:47:30,678 [Worker-17: Launching WeatherApiService - WeatherApiServiceApplication] INFO  o.e.m.c.i.p.WorkspaceClassifierResolverManager - Resolving P/WeatherApiCommon: com.weatherapi:weather-api-common:1.0.0 with classifier null to /WeatherApiCommon/target/classes
2024-05-12 20:51:32,177 [Worker-0: Loading available Gradle versions] INFO  o.e.b.c.i.u.g.PublishedGradleVersions - Gradle version information cache is up-to-date. Trying to read.
2024-05-12 20:51:34,429 [ForkJoinPool.commonPool-worker-1] INFO  o.s.s.s.o.s.c.s.PostProcessorRegistrationDelegate$BeanPostProcessorChecker - Bean 'sonarLintSpringAppConfig' of type [org.sonarsource.sonarlint.core.spring.SonarLintSpringAppConfig$$EnhancerBySpringCGLIB$$79928a92] is not eligible for getting processed by all BeanPostProcessors (for example: not eligible for auto-proxying)
2024-05-12 20:51:34,893 [ForkJoinPool.commonPool-worker-1] INFO  o.s.s.s.o.s.c.s.PostProcessorRegistrationDelegate$BeanPostProcessorChecker - Bean 'provideClientEventBus' of type [com.google.common.eventbus.AsyncEventBus] is not eligible for getting processed by all BeanPostProcessors (for example: not eligible for auto-proxying)
2024-05-12 20:52:15,855 [Worker-6: Cleaning all projects] INFO  o.e.m.c.i.p.WorkspaceClassifierResolverManager - Resolving P/WeatherApiCommon: com.weatherapi:weather-api-common:1.0.0 with classifier  to /WeatherApiCommon/target/classes
2024-05-12 20:52:16,143 [Worker-14: Building Workspace] INFO  o.a.m.s.f.DefaultMavenResourcesFiltering - Copying 1 resource from src\main\resources to target\classes
2024-05-12 20:52:16,156 [Worker-14: Building Workspace] INFO  o.a.m.s.f.DefaultMavenResourcesFiltering - Copying 0 resource from src\main\resources to target\classes
2024-05-12 20:52:16,159 [Worker-14: Building Workspace] INFO  o.a.m.s.f.DefaultMavenResourcesFiltering - skip non existing resourceDirectory D:\project-java-spring\RestApiCourse\WeatherAPIs\WeatherApiProject\WeatherApiCommon\src\test\resources
2024-05-12 20:52:16,560 [Worker-14: Building Workspace] INFO  o.a.m.s.f.DefaultMavenResourcesFiltering - Copying 1 resource from src\main\resources to target\classes
2024-05-12 20:52:16,574 [Worker-14: Building Workspace] INFO  o.a.m.s.f.DefaultMavenResourcesFiltering - Copying 0 resource from src\main\resources to target\classes
2024-05-12 20:52:16,579 [Worker-14: Building Workspace] INFO  o.a.m.s.f.DefaultMavenResourcesFiltering - skip non existing resourceDirectory D:\project-java-spring\RestApiCourse\WeatherAPIs\WeatherApiProject\WeatherApiService\src\test\resources
2024-05-12 20:52:22,257 [Worker-12: Launching WeatherApiService - WeatherApiServiceApplication] INFO  o.e.m.c.i.p.WorkspaceClassifierResolverManager - Resolving P/WeatherApiCommon: com.weatherapi:weather-api-common:1.0.0 with classifier null to /WeatherApiCommon/target/classes
2024-05-12 20:52:22,321 [Worker-12: Launching WeatherApiService - WeatherApiServiceApplication] INFO  o.e.m.c.i.p.WorkspaceClassifierResolverManager - Resolving P/WeatherApiCommon: com.weatherapi:weather-api-common:1.0.0 with classifier null to /WeatherApiCommon/target/classes
2024-05-12 20:52:22,404 [Worker-12: Launching WeatherApiService - WeatherApiServiceApplication] INFO  o.e.m.c.i.p.WorkspaceClassifierResolverManager - Resolving P/WeatherApiCommon: com.weatherapi:weather-api-common:1.0.0 with classifier null to /WeatherApiCommon/target/classes
2024-05-13 09:03:55,340 [Worker-1: Loading available Gradle versions] INFO  o.e.b.c.i.u.g.PublishedGradleVersions - Gradle version information cache is up-to-date. Trying to read.
2024-05-13 09:03:56,480 [ForkJoinPool.commonPool-worker-1] INFO  o.s.s.s.o.s.c.s.PostProcessorRegistrationDelegate$BeanPostProcessorChecker - Bean 'sonarLintSpringAppConfig' of type [org.sonarsource.sonarlint.core.spring.SonarLintSpringAppConfig$$EnhancerBySpringCGLIB$$bce99c17] is not eligible for getting processed by all BeanPostProcessors (for example: not eligible for auto-proxying)
2024-05-13 09:03:56,528 [ForkJoinPool.commonPool-worker-1] INFO  o.s.s.s.o.s.c.s.PostProcessorRegistrationDelegate$BeanPostProcessorChecker - Bean 'provideClientEventBus' of type [com.google.common.eventbus.AsyncEventBus] is not eligible for getting processed by all BeanPostProcessors (for example: not eligible for auto-proxying)
2024-05-13 09:04:41,060 [Worker-0: reload maven project] INFO  o.e.m.c.i.p.WorkspaceClassifierResolverManager - Resolving P/WeatherApiCommon: com.weatherapi:weather-api-common:1.0.0 with classifier  to /WeatherApiCommon/target/classes
2024-05-13 10:50:00,362 [Worker-38: Launching LocationRepositoryTests.testAddSuccess] INFO  o.a.m.s.f.DefaultMavenResourcesFiltering - Copying 1 resource from src\main\resources to target\classes
2024-05-13 10:50:00,486 [Worker-38: Launching LocationRepositoryTests.testAddSuccess] INFO  o.a.m.s.f.DefaultMavenResourcesFiltering - Copying 0 resource from src\main\resources to target\classes
2024-05-13 10:50:00,491 [Worker-38: Launching LocationRepositoryTests.testAddSuccess] INFO  o.a.m.s.f.DefaultMavenResourcesFiltering - skip non existing resourceDirectory D:\project-java-spring\RestApiCourse\WeatherAPIs\WeatherApiProject\WeatherApiService\src\test\resources
2024-05-13 10:50:02,172 [Worker-38: Launching LocationRepositoryTests.testAddSuccess] INFO  o.e.m.c.i.p.WorkspaceClassifierResolverManager - Resolving P/WeatherApiCommon: com.weatherapi:weather-api-common:1.0.0 with classifier null to /WeatherApiCommon/target/classes
2024-05-13 10:50:03,623 [Worker-38: Launching LocationRepositoryTests.testAddSuccess] INFO  o.e.m.c.i.e.AbstractTransferListenerAdapter - Downloading https://repo.maven.apache.org/maven2/org/junit/platform/junit-platform-launcher/1.10.2/junit-platform-launcher-1.10.2.jar
2024-05-13 10:50:04,273 [Worker-38: Launching LocationRepositoryTests.testAddSuccess] INFO  o.e.m.c.i.e.AbstractTransferListenerAdapter - Downloaded https://repo.maven.apache.org/maven2/org/junit/platform/junit-platform-launcher/1.10.2/junit-platform-launcher-1.10.2.jar
2024-05-13 10:50:04,520 [Worker-38: Launching LocationRepositoryTests.testAddSuccess] INFO  o.e.m.c.i.p.WorkspaceClassifierResolverManager - Resolving P/WeatherApiCommon: com.weatherapi:weather-api-common:1.0.0 with classifier null to /WeatherApiCommon/target/classes
2024-05-13 10:52:45,710 [Worker-45: Launching LocationRepositoryTests.testAddSuccess] INFO  o.a.m.s.f.DefaultMavenResourcesFiltering - Copying 0 resource from src\main\resources to target\classes
2024-05-13 10:52:45,713 [Worker-45: Launching LocationRepositoryTests.testAddSuccess] INFO  o.a.m.s.f.DefaultMavenResourcesFiltering - Copying 0 resource from src\main\resources to target\classes
2024-05-13 10:52:45,718 [Worker-45: Launching LocationRepositoryTests.testAddSuccess] INFO  o.a.m.s.f.DefaultMavenResourcesFiltering - skip non existing resourceDirectory D:\project-java-spring\RestApiCourse\WeatherAPIs\WeatherApiProject\WeatherApiService\src\test\resources
2024-05-13 10:52:46,119 [Worker-45: Launching LocationRepositoryTests.testAddSuccess] INFO  o.e.m.c.i.p.WorkspaceClassifierResolverManager - Resolving P/WeatherApiCommon: com.weatherapi:weather-api-common:1.0.0 with classifier null to /WeatherApiCommon/target/classes
2024-05-13 10:52:46,271 [Worker-45: Launching LocationRepositoryTests.testAddSuccess] INFO  o.e.m.c.i.p.WorkspaceClassifierResolverManager - Resolving P/WeatherApiCommon: com.weatherapi:weather-api-common:1.0.0 with classifier null to /WeatherApiCommon/target/classes
2024-05-13 11:06:54,361 [Worker-58: Building Workspace] INFO  o.a.m.s.f.DefaultMavenResourcesFiltering - Copying 1 resource from src\main\resources to target\classes
2024-05-13 11:06:54,410 [Worker-58: Building Workspace] INFO  o.a.m.s.f.DefaultMavenResourcesFiltering - Copying 0 resource from src\main\resources to target\classes
2024-05-13 11:06:54,414 [Worker-58: Building Workspace] INFO  o.a.m.s.f.DefaultMavenResourcesFiltering - skip non existing resourceDirectory D:\project-java-spring\RestApiCourse\WeatherAPIs\WeatherApiProject\WeatherApiCommon\src\test\resources
2024-05-13 11:06:54,604 [Worker-58: Building Workspace] INFO  o.a.m.s.f.DefaultMavenResourcesFiltering - Copying 1 resource from src\main\resources to target\classes
2024-05-13 11:06:54,615 [Worker-58: Building Workspace] INFO  o.a.m.s.f.DefaultMavenResourcesFiltering - Copying 0 resource from src\main\resources to target\classes
2024-05-13 11:06:54,618 [Worker-58: Building Workspace] INFO  o.a.m.s.f.DefaultMavenResourcesFiltering - skip non existing resourceDirectory D:\project-java-spring\RestApiCourse\WeatherAPIs\WeatherApiProject\WeatherApiService\src\test\resources
2024-05-13 11:07:10,498 [Worker-58: Building Workspace] INFO  o.a.m.s.f.DefaultMavenResourcesFiltering - Copying 1 resource from src\main\resources to target\classes
2024-05-13 11:07:10,500 [Worker-58: Building Workspace] INFO  o.a.m.s.f.DefaultMavenResourcesFiltering - Copying 0 resource from src\main\resources to target\classes
2024-05-13 11:07:10,504 [Worker-58: Building Workspace] INFO  o.a.m.s.f.DefaultMavenResourcesFiltering - skip non existing resourceDirectory D:\project-java-spring\RestApiCourse\WeatherAPIs\WeatherApiProject\WeatherApiCommon\src\test\resources
2024-05-13 11:07:10,637 [Worker-58: Building Workspace] INFO  o.a.m.s.f.DefaultMavenResourcesFiltering - Copying 1 resource from src\main\resources to target\classes
2024-05-13 11:07:10,639 [Worker-58: Building Workspace] INFO  o.a.m.s.f.DefaultMavenResourcesFiltering - Copying 0 resource from src\main\resources to target\classes
2024-05-13 11:07:10,641 [Worker-58: Building Workspace] INFO  o.a.m.s.f.DefaultMavenResourcesFiltering - skip non existing resourceDirectory D:\project-java-spring\RestApiCourse\WeatherAPIs\WeatherApiProject\WeatherApiService\src\test\resources
2024-05-13 11:09:00,447 [Worker-58: Updating Maven Project] INFO  o.e.m.c.i.p.ProjectConfigurationManager - Update started
2024-05-13 11:09:02,873 [Worker-58: Updating Maven Project] INFO  o.e.m.c.i.l.LifecycleMappingFactory - Using org.eclipse.m2e.jdt.JarLifecycleMapping lifecycle mapping for MavenProject: com.weatherapi:WeatherApiService:1.0.0 @ D:\project-java-spring\RestApiCourse\WeatherAPIs\WeatherApiProject\WeatherApiService\pom.xml.
2024-05-13 11:09:03,333 [Worker-58: Updating Maven Project] INFO  o.e.m.c.i.p.WorkspaceClassifierResolverManager - Resolving P/WeatherApiCommon: com.weatherapi:weather-api-common:1.0.0 with classifier  to /WeatherApiCommon/target/classes
2024-05-13 11:09:04,976 [Worker-58: Updating Maven Project] INFO  o.e.m.j.i.AbstractJavaProjectConfigurator - Adding source folder /WeatherApiService/src/main/java
2024-05-13 11:09:04,976 [Worker-58: Updating Maven Project] INFO  o.e.m.j.i.AbstractJavaProjectConfigurator - Adding resource folder /WeatherApiService/src/main/resources
2024-05-13 11:09:04,977 [Worker-58: Updating Maven Project] INFO  o.e.m.j.i.AbstractJavaProjectConfigurator - Adding resource folder /WeatherApiService/src/main/resources
2024-05-13 11:09:04,977 [Worker-58: Updating Maven Project] INFO  o.e.m.j.i.AbstractJavaProjectConfigurator - Adding source folder /WeatherApiService/src/test/java
2024-05-13 11:09:05,910 [Worker-58: Updating Maven Project] INFO  o.e.m.c.i.p.ProjectConfigurationManager - Update completed for 1 poms: local refresh takes 0.00 sec, refresh facades takes 4.00 sec, update config takes 0.00 sec 
2024-05-13 11:09:50,055 [Worker-62: Building Workspace] INFO  o.a.m.s.f.DefaultMavenResourcesFiltering - Copying 1 resource from src\main\resources to target\classes
2024-05-13 11:09:50,057 [Worker-62: Building Workspace] INFO  o.a.m.s.f.DefaultMavenResourcesFiltering - Copying 0 resource from src\main\resources to target\classes
2024-05-13 11:09:50,060 [Worker-62: Building Workspace] INFO  o.a.m.s.f.DefaultMavenResourcesFiltering - skip non existing resourceDirectory D:\project-java-spring\RestApiCourse\WeatherAPIs\WeatherApiProject\WeatherApiCommon\src\test\resources
2024-05-17 09:29:37,310 [Worker-6: Loading available Gradle versions] INFO  o.e.b.c.i.u.g.PublishedGradleVersions - Gradle version information cache is out-of-date. Trying to update.
2024-05-17 09:29:38,784 [ForkJoinPool.commonPool-worker-5] INFO  o.s.s.s.o.s.c.s.PostProcessorRegistrationDelegate$BeanPostProcessorChecker - Bean 'sonarLintSpringAppConfig' of type [org.sonarsource.sonarlint.core.spring.SonarLintSpringAppConfig$$EnhancerBySpringCGLIB$$c0fd8921] is not eligible for getting processed by all BeanPostProcessors (for example: not eligible for auto-proxying)
2024-05-17 09:29:38,859 [ForkJoinPool.commonPool-worker-5] INFO  o.s.s.s.o.s.c.s.PostProcessorRegistrationDelegate$BeanPostProcessorChecker - Bean 'provideClientEventBus' of type [com.google.common.eventbus.AsyncEventBus] is not eligible for getting processed by all BeanPostProcessors (for example: not eligible for auto-proxying)
2024-05-17 09:35:52,842 [Worker-24: Check for devtools] INFO  o.e.m.c.i.p.WorkspaceClassifierResolverManager - Resolving P/WeatherApiCommon: com.weatherapi:weather-api-common:1.0.0 with classifier  to /WeatherApiCommon/target/classes
2024-05-17 09:59:05,045 [Worker-17: https://sourceforge.net/projects/jasperstudio/files/updatesite/6.3.0/p2.index] INFO  o.a.h.c.h.i.c.HttpRequestRetryExec - Recoverable I/O exception (java.net.SocketException) caught when processing request to {s}->https://sourceforge.net:443
2024-05-17 09:59:05,306 [Worker-28: https://sourceforge.net/projects/jasperstudio/files/updatesite/6.3.0/p2.index] INFO  o.a.h.c.h.i.c.HttpRequestRetryExec - Recoverable I/O exception (java.net.SocketException) caught when processing request to {s}->https://sourceforge.net:443
2024-05-17 09:59:05,361 [Worker-32: https://sourceforge.net/projects/jasperstudio/files/updatesite/6.3.0/content.jar] INFO  o.a.h.c.h.i.c.HttpRequestRetryExec - Recoverable I/O exception (java.net.SocketException) caught when processing request to {s}->https://sourceforge.net:443
2024-05-17 09:59:05,408 [Worker-33: https://sourceforge.net/projects/jasperstudio/files/updatesite/6.3.0/content.xml] INFO  o.a.h.c.h.i.c.HttpRequestRetryExec - Recoverable I/O exception (java.net.SocketException) caught when processing request to {s}->https://sourceforge.net:443
2024-05-17 09:59:20,324 [Worker-28: https://sourceforge.net/projects/ireport/files/iReport/iReport-5.6.0/iReport-5.6.0-windows-installer.exe/download/p2.index] INFO  o.a.h.c.h.i.c.HttpRequestRetryExec - Recoverable I/O exception (java.net.SocketException) caught when processing request to {s}->https://sourceforge.net:443
2024-05-17 09:59:20,580 [Worker-17: https://sourceforge.net/projects/ireport/files/iReport/iReport-5.6.0/iReport-5.6.0-windows-installer.exe/download/p2.index] INFO  o.a.h.c.h.i.c.HttpRequestRetryExec - Recoverable I/O exception (java.net.SocketException) caught when processing request to {s}->https://sourceforge.net:443
2024-05-17 09:59:20,637 [Worker-31: https://sourceforge.net/projects/ireport/files/iReport/iReport-5.6.0/iReport-5.6.0-windows-installer.exe/download/content.jar] INFO  o.a.h.c.h.i.c.HttpRequestRetryExec - Recoverable I/O exception (java.net.SocketException) caught when processing request to {s}->https://sourceforge.net:443
2024-05-17 09:59:20,691 [Worker-30: https://sourceforge.net/projects/ireport/files/iReport/iReport-5.6.0/iReport-5.6.0-windows-installer.exe/download/content.xml] INFO  o.a.h.c.h.i.c.HttpRequestRetryExec - Recoverable I/O exception (java.net.SocketException) caught when processing request to {s}->https://sourceforge.net:443
2024-05-17 10:00:38,279 [Worker-17: http://sourceforge.net/projects/ireport/files/ireport/5.6.0/content.jar] INFO  o.a.h.c.h.i.c.HttpRequestRetryExec - Recoverable I/O exception (org.apache.hc.core5.http.NoHttpResponseException) caught when processing request to {}->http://sourceforge.net:80
2024-05-17 10:00:38,303 [Worker-32: http://sourceforge.net/projects/ireport/files/ireport/5.6.0/content.jar] INFO  o.a.h.c.h.i.c.HttpRequestRetryExec - Recoverable I/O exception (org.apache.hc.core5.http.NoHttpResponseException) caught when processing request to {}->http://sourceforge.net:80
2024-05-17 10:01:12,555 [Worker-28: Launching LocationApiControllerTests.testAddShouldReturn400BadRequest] INFO  o.a.m.s.f.DefaultMavenResourcesFiltering - Copying 1 resource from src\main\resources to target\classes
2024-05-17 10:01:12,582 [Worker-28: Launching LocationApiControllerTests.testAddShouldReturn400BadRequest] INFO  o.a.m.s.f.DefaultMavenResourcesFiltering - Copying 0 resource from src\main\resources to target\classes
2024-05-17 10:01:12,586 [Worker-28: Launching LocationApiControllerTests.testAddShouldReturn400BadRequest] INFO  o.a.m.s.f.DefaultMavenResourcesFiltering - skip non existing resourceDirectory D:\project-java-spring\RestApiCourse\WeatherAPIs\WeatherApiProject\WeatherApiService\src\test\resources
2024-05-17 10:01:14,235 [Worker-28: Launching LocationApiControllerTests.testAddShouldReturn400BadRequest] INFO  o.e.m.c.i.p.WorkspaceClassifierResolverManager - Resolving P/WeatherApiCommon: com.weatherapi:weather-api-common:1.0.0 with classifier null to /WeatherApiCommon/target/classes
2024-05-17 10:01:14,510 [Worker-28: Launching LocationApiControllerTests.testAddShouldReturn400BadRequest] INFO  o.e.m.c.i.p.WorkspaceClassifierResolverManager - Resolving P/WeatherApiCommon: com.weatherapi:weather-api-common:1.0.0 with classifier null to /WeatherApiCommon/target/classes
2024-05-17 10:01:32,402 [Worker-31: https://sourceforge.net/projects/ireport/files/iReport/iReport-5.6.0/p2.index] INFO  o.a.h.c.h.i.c.HttpRequestRetryExec - Recoverable I/O exception (java.net.SocketException) caught when processing request to {s}->https://sourceforge.net:443
2024-05-17 10:01:32,659 [Worker-17: https://sourceforge.net/projects/ireport/files/iReport/iReport-5.6.0/p2.index] INFO  o.a.h.c.h.i.c.HttpRequestRetryExec - Recoverable I/O exception (java.net.SocketException) caught when processing request to {s}->https://sourceforge.net:443
2024-05-17 10:01:32,713 [Worker-28: https://sourceforge.net/projects/ireport/files/iReport/iReport-5.6.0/content.jar] INFO  o.a.h.c.h.i.c.HttpRequestRetryExec - Recoverable I/O exception (java.net.SocketException) caught when processing request to {s}->https://sourceforge.net:443
2024-05-17 10:01:32,818 [Worker-33: https://sourceforge.net/projects/ireport/files/iReport/iReport-5.6.0/content.xml] INFO  o.a.h.c.h.i.c.HttpRequestRetryExec - Recoverable I/O exception (java.net.SocketException) caught when processing request to {s}->https://sourceforge.net:443
2024-05-17 10:01:47,205 [Worker-33: https://sourceforge.net/projects/jasperstudio/files/updatesite/6.2.2/p2.index] INFO  o.a.h.c.h.i.c.HttpRequestRetryExec - Recoverable I/O exception (java.net.SocketException) caught when processing request to {s}->https://sourceforge.net:443
2024-05-17 10:01:47,516 [Worker-33: https://sourceforge.net/projects/jasperstudio/files/updatesite/6.2.2/p2.index] INFO  o.a.h.c.h.i.c.HttpRequestRetryExec - Recoverable I/O exception (java.net.SocketException) caught when processing request to {s}->https://sourceforge.net:443
2024-05-17 10:01:47,575 [Worker-29: https://sourceforge.net/projects/jasperstudio/files/updatesite/6.2.2/content.jar] INFO  o.a.h.c.h.i.c.HttpRequestRetryExec - Recoverable I/O exception (java.net.SocketException) caught when processing request to {s}->https://sourceforge.net:443
2024-05-17 10:01:47,638 [Worker-32: https://sourceforge.net/projects/jasperstudio/files/updatesite/6.2.2/content.xml] INFO  o.a.h.c.h.i.c.HttpRequestRetryExec - Recoverable I/O exception (java.net.SocketException) caught when processing request to {s}->https://sourceforge.net:443
2024-05-17 10:02:18,752 [Worker-29: https://sourceforge.net/projects/sapnweclipse/files/updates/p2.index] INFO  o.a.h.c.h.i.c.HttpRequestRetryExec - Recoverable I/O exception (java.net.SocketException) caught when processing request to {s}->https://sourceforge.net:443
2024-05-17 10:02:19,002 [Worker-33: https://sourceforge.net/projects/sapnweclipse/files/updates/p2.index] INFO  o.a.h.c.h.i.c.HttpRequestRetryExec - Recoverable I/O exception (java.net.SocketException) caught when processing request to {s}->https://sourceforge.net:443
2024-05-17 10:02:19,067 [Worker-17: https://sourceforge.net/projects/sapnweclipse/files/updates/site.xml] INFO  o.a.h.c.h.i.c.HttpRequestRetryExec - Recoverable I/O exception (java.net.SocketException) caught when processing request to {s}->https://sourceforge.net:443
2024-05-17 10:02:19,335 [Worker-30: https://sourceforge.net/projects/sapnweclipse/files/updates/site.xml] INFO  o.a.h.c.h.i.c.HttpRequestRetryExec - Recoverable I/O exception (java.net.SocketException) caught when processing request to {s}->https://sourceforge.net:443
2024-05-17 10:02:27,708 [Worker-29: http://sourceforge.net/projects/jasperstudio/files/updatesite/6.2.2/content.jar] INFO  o.a.h.c.h.i.c.HttpRequestRetryExec - Recoverable I/O exception (org.apache.hc.core5.http.NoHttpResponseException) caught when processing request to {}->http://sourceforge.net:80
2024-05-17 10:02:27,735 [Worker-17: http://sourceforge.net/projects/jasperstudio/files/updatesite/6.2.2/content.jar] INFO  o.a.h.c.h.i.c.HttpRequestRetryExec - Recoverable I/O exception (org.apache.hc.core5.http.NoHttpResponseException) caught when processing request to {}->http://sourceforge.net:80
2024-05-17 10:07:03,306 [Worker-29: https://sourceforge.net/projects/jasperstudio/files/updatesite/6.3.0/p2.index] INFO  o.a.h.c.h.i.c.HttpRequestRetryExec - Recoverable I/O exception (java.net.SocketException) caught when processing request to {s}->https://sourceforge.net:443
2024-05-17 10:07:03,644 [Worker-17: https://sourceforge.net/projects/jasperstudio/files/updatesite/6.3.0/p2.index] INFO  o.a.h.c.h.i.c.HttpRequestRetryExec - Recoverable I/O exception (java.net.SocketException) caught when processing request to {s}->https://sourceforge.net:443
2024-05-17 10:07:03,706 [Worker-33: https://sourceforge.net/projects/jasperstudio/files/updatesite/6.3.0/content.jar] INFO  o.a.h.c.h.i.c.HttpRequestRetryExec - Recoverable I/O exception (java.net.SocketException) caught when processing request to {s}->https://sourceforge.net:443
2024-05-17 10:07:03,768 [Worker-17: https://sourceforge.net/projects/jasperstudio/files/updatesite/6.3.0/content.xml] INFO  o.a.h.c.h.i.c.HttpRequestRetryExec - Recoverable I/O exception (java.net.SocketException) caught when processing request to {s}->https://sourceforge.net:443
2024-05-17 10:07:03,809 [Worker-34: https://sourceforge.net/projects/ireport/files/iReport/iReport-5.6.0/iReport-5.6.0-windows-installer.exe/download/p2.index] INFO  o.a.h.c.h.i.c.HttpRequestRetryExec - Recoverable I/O exception (java.net.SocketException) caught when processing request to {s}->https://sourceforge.net:443
2024-05-17 10:07:04,126 [Worker-34: https://sourceforge.net/projects/ireport/files/iReport/iReport-5.6.0/iReport-5.6.0-windows-installer.exe/download/p2.index] INFO  o.a.h.c.h.i.c.HttpRequestRetryExec - Recoverable I/O exception (java.net.SocketException) caught when processing request to {s}->https://sourceforge.net:443
2024-05-17 10:07:04,215 [Worker-31: https://sourceforge.net/projects/ireport/files/iReport/iReport-5.6.0/iReport-5.6.0-windows-installer.exe/download/content.jar] INFO  o.a.h.c.h.i.c.HttpRequestRetryExec - Recoverable I/O exception (java.net.SocketException) caught when processing request to {s}->https://sourceforge.net:443
2024-05-17 10:07:04,283 [Worker-32: https://sourceforge.net/projects/ireport/files/iReport/iReport-5.6.0/iReport-5.6.0-windows-installer.exe/download/content.xml] INFO  o.a.h.c.h.i.c.HttpRequestRetryExec - Recoverable I/O exception (java.net.SocketException) caught when processing request to {s}->https://sourceforge.net:443
2024-05-17 10:07:04,385 [Worker-31: http://sourceforge.net/projects/ireport/files/ireport/5.6.0/content.jar] INFO  o.a.h.c.h.i.c.HttpRequestRetryExec - Recoverable I/O exception (org.apache.hc.core5.http.NoHttpResponseException) caught when processing request to {}->http://sourceforge.net:80
2024-05-17 10:07:04,427 [Worker-29: http://sourceforge.net/projects/ireport/files/ireport/5.6.0/content.jar] INFO  o.a.h.c.h.i.c.HttpRequestRetryExec - Recoverable I/O exception (org.apache.hc.core5.http.NoHttpResponseException) caught when processing request to {}->http://sourceforge.net:80
2024-05-17 10:07:04,660 [Worker-17: https://sourceforge.net/projects/ireport/files/iReport/iReport-5.6.0/p2.index] INFO  o.a.h.c.h.i.c.HttpRequestRetryExec - Recoverable I/O exception (java.net.SocketException) caught when processing request to {s}->https://sourceforge.net:443
2024-05-17 10:07:04,934 [Worker-28: https://sourceforge.net/projects/ireport/files/iReport/iReport-5.6.0/p2.index] INFO  o.a.h.c.h.i.c.HttpRequestRetryExec - Recoverable I/O exception (java.net.SocketException) caught when processing request to {s}->https://sourceforge.net:443
2024-05-17 10:07:05,026 [Worker-29: https://sourceforge.net/projects/ireport/files/iReport/iReport-5.6.0/content.jar] INFO  o.a.h.c.h.i.c.HttpRequestRetryExec - Recoverable I/O exception (java.net.SocketException) caught when processing request to {s}->https://sourceforge.net:443
2024-05-17 10:07:05,090 [Worker-34: https://sourceforge.net/projects/ireport/files/iReport/iReport-5.6.0/content.xml] INFO  o.a.h.c.h.i.c.HttpRequestRetryExec - Recoverable I/O exception (java.net.SocketException) caught when processing request to {s}->https://sourceforge.net:443
2024-05-17 10:07:05,136 [Worker-17: https://sourceforge.net/projects/jasperstudio/files/updatesite/6.2.2/p2.index] INFO  o.a.h.c.h.i.c.HttpRequestRetryExec - Recoverable I/O exception (java.net.SocketException) caught when processing request to {s}->https://sourceforge.net:443
2024-05-17 10:07:05,412 [Worker-31: https://sourceforge.net/projects/jasperstudio/files/updatesite/6.2.2/p2.index] INFO  o.a.h.c.h.i.c.HttpRequestRetryExec - Recoverable I/O exception (java.net.SocketException) caught when processing request to {s}->https://sourceforge.net:443
2024-05-17 10:07:05,561 [Worker-33: https://sourceforge.net/projects/jasperstudio/files/updatesite/6.2.2/content.jar] INFO  o.a.h.c.h.i.c.HttpRequestRetryExec - Recoverable I/O exception (java.net.SocketException) caught when processing request to {s}->https://sourceforge.net:443
2024-05-17 10:07:05,909 [Worker-28: https://sourceforge.net/projects/jasperstudio/files/updatesite/6.2.2/content.xml] INFO  o.a.h.c.h.i.c.HttpRequestRetryExec - Recoverable I/O exception (java.net.SocketException) caught when processing request to {s}->https://sourceforge.net:443
2024-05-17 10:07:06,109 [Worker-29: https://sourceforge.net/projects/sapnweclipse/files/updates/p2.index] INFO  o.a.h.c.h.i.c.HttpRequestRetryExec - Recoverable I/O exception (java.net.SocketException) caught when processing request to {s}->https://sourceforge.net:443
2024-05-17 10:07:06,536 [Worker-31: https://sourceforge.net/projects/sapnweclipse/files/updates/p2.index] INFO  o.a.h.c.h.i.c.HttpRequestRetryExec - Recoverable I/O exception (java.net.SocketException) caught when processing request to {s}->https://sourceforge.net:443
2024-05-17 10:07:06,740 [Worker-29: https://sourceforge.net/projects/sapnweclipse/files/updates/site.xml] INFO  o.a.h.c.h.i.c.HttpRequestRetryExec - Recoverable I/O exception (java.net.SocketException) caught when processing request to {s}->https://sourceforge.net:443
2024-05-17 10:07:07,128 [Worker-34: https://sourceforge.net/projects/sapnweclipse/files/updates/site.xml] INFO  o.a.h.c.h.i.c.HttpRequestRetryExec - Recoverable I/O exception (java.net.SocketException) caught when processing request to {s}->https://sourceforge.net:443
2024-05-17 10:07:07,361 [Worker-28: http://sourceforge.net/projects/jasperstudio/files/updatesite/6.2.2/content.jar] INFO  o.a.h.c.h.i.c.HttpRequestRetryExec - Recoverable I/O exception (org.apache.hc.core5.http.NoHttpResponseException) caught when processing request to {}->http://sourceforge.net:80
2024-05-17 10:07:07,402 [Worker-29: http://sourceforge.net/projects/jasperstudio/files/updatesite/6.2.2/content.jar] INFO  o.a.h.c.h.i.c.HttpRequestRetryExec - Recoverable I/O exception (org.apache.hc.core5.http.NoHttpResponseException) caught when processing request to {}->http://sourceforge.net:80
2024-05-17 10:07:42,619 [Worker-30: Cleaning all projects] INFO  o.e.m.c.i.l.LifecycleMappingFactory - Using org.eclipse.m2e.jdt.JarLifecycleMapping lifecycle mapping for MavenProject: com.weatherapi:weather-api-common:1.0.0 @ D:\project-java-spring\RestApiCourse\WeatherAPIs\WeatherApiProject\WeatherApiCommon\pom.xml.
2024-05-17 10:07:43,326 [Worker-30: Cleaning all projects] INFO  o.e.m.c.i.l.LifecycleMappingFactory - Using org.eclipse.m2e.jdt.JarLifecycleMapping lifecycle mapping for MavenProject: com.weatherapi:WeatherApiService:1.0.0 @ D:\project-java-spring\RestApiCourse\WeatherAPIs\WeatherApiProject\WeatherApiService\pom.xml.
2024-05-17 10:07:43,449 [Worker-30: Cleaning all projects] INFO  o.e.m.c.i.p.WorkspaceClassifierResolverManager - Resolving P/WeatherApiCommon: com.weatherapi:weather-api-common:1.0.0 with classifier  to /WeatherApiCommon/target/classes
2024-05-17 10:07:45,703 [Worker-28: Building Workspace] INFO  o.a.m.s.f.DefaultMavenResourcesFiltering - Copying 1 resource from src\main\resources to target\classes
2024-05-17 10:07:45,755 [Worker-28: Building Workspace] INFO  o.a.m.s.f.DefaultMavenResourcesFiltering - Copying 0 resource from src\main\resources to target\classes
2024-05-17 10:07:45,762 [Worker-28: Building Workspace] INFO  o.a.m.s.f.DefaultMavenResourcesFiltering - skip non existing resourceDirectory D:\project-java-spring\RestApiCourse\WeatherAPIs\WeatherApiProject\WeatherApiCommon\src\test\resources
2024-05-17 10:07:46,216 [Worker-28: Building Workspace] INFO  o.a.m.s.f.DefaultMavenResourcesFiltering - Copying 1 resource from src\main\resources to target\classes
2024-05-17 10:07:46,221 [Worker-28: Building Workspace] INFO  o.a.m.s.f.DefaultMavenResourcesFiltering - Copying 0 resource from src\main\resources to target\classes
2024-05-17 10:07:46,225 [Worker-28: Building Workspace] INFO  o.a.m.s.f.DefaultMavenResourcesFiltering - skip non existing resourceDirectory D:\project-java-spring\RestApiCourse\WeatherAPIs\WeatherApiProject\WeatherApiService\src\test\resources
2024-05-17 10:13:08,169 [Worker-17: Launching LocationApiControllerTests.testAddShouldReturn400BadRequest] INFO  o.a.m.s.f.DefaultMavenResourcesFiltering - Copying 1 resource from src\main\resources to target\classes
2024-05-17 10:13:08,225 [Worker-17: Launching LocationApiControllerTests.testAddShouldReturn400BadRequest] INFO  o.a.m.s.f.DefaultMavenResourcesFiltering - Copying 0 resource from src\main\resources to target\classes
2024-05-17 10:13:08,230 [Worker-17: Launching LocationApiControllerTests.testAddShouldReturn400BadRequest] INFO  o.a.m.s.f.DefaultMavenResourcesFiltering - skip non existing resourceDirectory D:\project-java-spring\RestApiCourse\WeatherAPIs\WeatherApiProject\WeatherApiCommon\src\test\resources
2024-05-17 10:13:08,626 [Worker-17: Launching LocationApiControllerTests.testAddShouldReturn400BadRequest] INFO  o.e.m.c.i.p.WorkspaceClassifierResolverManager - Resolving P/WeatherApiCommon: com.weatherapi:weather-api-common:1.0.0 with classifier null to /WeatherApiCommon/target/classes
2024-05-17 10:13:08,810 [Worker-17: Launching LocationApiControllerTests.testAddShouldReturn400BadRequest] INFO  o.e.m.c.i.p.WorkspaceClassifierResolverManager - Resolving P/WeatherApiCommon: com.weatherapi:weather-api-common:1.0.0 with classifier null to /WeatherApiCommon/target/classes
2024-05-17 10:16:05,289 [Worker-38: Cleaning all projects] INFO  o.e.m.c.i.l.LifecycleMappingFactory - Using org.eclipse.m2e.jdt.JarLifecycleMapping lifecycle mapping for MavenProject: com.weatherapi:weather-api-common:1.0.0 @ D:\project-java-spring\RestApiCourse\WeatherAPIs\WeatherApiProject\WeatherApiCommon\pom.xml.
2024-05-17 10:16:05,706 [Worker-38: Cleaning all projects] INFO  o.e.m.c.i.l.LifecycleMappingFactory - Using org.eclipse.m2e.jdt.JarLifecycleMapping lifecycle mapping for MavenProject: com.weatherapi:WeatherApiService:1.0.0 @ D:\project-java-spring\RestApiCourse\WeatherAPIs\WeatherApiProject\WeatherApiService\pom.xml.
2024-05-17 10:16:05,764 [Worker-38: Cleaning all projects] INFO  o.e.m.c.i.p.WorkspaceClassifierResolverManager - Resolving P/WeatherApiCommon: com.weatherapi:weather-api-common:1.0.0 with classifier  to /WeatherApiCommon/target/classes
2024-05-17 10:16:06,675 [Worker-29: Building Workspace] INFO  o.a.m.s.f.DefaultMavenResourcesFiltering - Copying 1 resource from src\main\resources to target\classes
2024-05-17 10:16:06,786 [Worker-29: Building Workspace] INFO  o.a.m.s.f.DefaultMavenResourcesFiltering - Copying 0 resource from src\main\resources to target\classes
2024-05-17 10:16:06,792 [Worker-29: Building Workspace] INFO  o.a.m.s.f.DefaultMavenResourcesFiltering - skip non existing resourceDirectory D:\project-java-spring\RestApiCourse\WeatherAPIs\WeatherApiProject\WeatherApiCommon\src\test\resources
2024-05-17 10:16:06,946 [Worker-29: Building Workspace] INFO  o.a.m.s.f.DefaultMavenResourcesFiltering - Copying 1 resource from src\main\resources to target\classes
2024-05-17 10:16:06,948 [Worker-29: Building Workspace] INFO  o.a.m.s.f.DefaultMavenResourcesFiltering - Copying 0 resource from src\main\resources to target\classes
2024-05-17 10:16:06,951 [Worker-29: Building Workspace] INFO  o.a.m.s.f.DefaultMavenResourcesFiltering - skip non existing resourceDirectory D:\project-java-spring\RestApiCourse\WeatherAPIs\WeatherApiProject\WeatherApiService\src\test\resources
2024-05-17 10:16:08,674 [Worker-35: Download sources and javadoc] INFO  o.e.m.c.i.e.AbstractTransferListenerAdapter - Downloading https://repo.maven.apache.org/maven2/org/springframework/boot/spring-boot-starter-validation/3.2.5/spring-boot-starter-validation-3.2.5-sources.jar
2024-05-17 10:16:09,065 [Worker-35: Download sources and javadoc] INFO  o.e.m.c.i.e.AbstractTransferListenerAdapter - Downloaded https://repo.maven.apache.org/maven2/org/springframework/boot/spring-boot-starter-validation/3.2.5/spring-boot-starter-validation-3.2.5-sources.jar
2024-05-17 10:16:09,073 [Worker-35: Download sources and javadoc] INFO  o.e.m.j.internal.DownloadSourcesJob - Downloaded sources for org.springframework.boot:spring-boot-starter-validation:3.2.5
2024-05-17 10:17:06,299 [Worker-39: Building Workspace] INFO  o.a.m.s.f.DefaultMavenResourcesFiltering - Copying 0 resource from src\main\resources to target\classes
2024-05-17 10:17:06,302 [Worker-39: Building Workspace] INFO  o.a.m.s.f.DefaultMavenResourcesFiltering - Copying 0 resource from src\main\resources to target\classes
2024-05-17 10:17:06,304 [Worker-39: Building Workspace] INFO  o.a.m.s.f.DefaultMavenResourcesFiltering - skip non existing resourceDirectory D:\project-java-spring\RestApiCourse\WeatherAPIs\WeatherApiProject\WeatherApiCommon\src\test\resources
2024-05-17 10:17:10,942 [Worker-35: Building Workspace] INFO  o.a.m.s.f.DefaultMavenResourcesFiltering - Copying 1 resource from src\main\resources to target\classes
2024-05-17 10:17:10,945 [Worker-35: Building Workspace] INFO  o.a.m.s.f.DefaultMavenResourcesFiltering - Copying 0 resource from src\main\resources to target\classes
2024-05-17 10:17:10,953 [Worker-35: Building Workspace] INFO  o.a.m.s.f.DefaultMavenResourcesFiltering - skip non existing resourceDirectory D:\project-java-spring\RestApiCourse\WeatherAPIs\WeatherApiProject\WeatherApiCommon\src\test\resources
2024-05-17 10:17:11,140 [Worker-35: Building Workspace] INFO  o.a.m.s.f.DefaultMavenResourcesFiltering - Copying 1 resource from src\main\resources to target\classes
2024-05-17 10:17:11,143 [Worker-35: Building Workspace] INFO  o.a.m.s.f.DefaultMavenResourcesFiltering - Copying 0 resource from src\main\resources to target\classes
2024-05-17 10:17:11,145 [Worker-35: Building Workspace] INFO  o.a.m.s.f.DefaultMavenResourcesFiltering - skip non existing resourceDirectory D:\project-java-spring\RestApiCourse\WeatherAPIs\WeatherApiProject\WeatherApiService\src\test\resources
2024-05-17 10:19:19,414 [Worker-33: Cleaning all projects] INFO  o.e.m.c.i.l.LifecycleMappingFactory - Using org.eclipse.m2e.jdt.JarLifecycleMapping lifecycle mapping for MavenProject: com.weatherapi:weather-api-common:1.0.0 @ D:\project-java-spring\RestApiCourse\WeatherAPIs\WeatherApiProject\WeatherApiCommon\pom.xml.
2024-05-17 10:19:19,998 [Worker-33: Cleaning all projects] INFO  o.e.m.c.i.l.LifecycleMappingFactory - Using org.eclipse.m2e.jdt.JarLifecycleMapping lifecycle mapping for MavenProject: com.weatherapi:WeatherApiService:1.0.0 @ D:\project-java-spring\RestApiCourse\WeatherAPIs\WeatherApiProject\WeatherApiService\pom.xml.
2024-05-17 10:19:20,104 [Worker-33: Cleaning all projects] INFO  o.e.m.c.i.p.WorkspaceClassifierResolverManager - Resolving P/WeatherApiCommon: com.weatherapi:weather-api-common:1.0.0 with classifier  to /WeatherApiCommon/target/classes
2024-05-17 10:19:21,714 [Worker-40: Building Workspace] INFO  o.a.m.s.f.DefaultMavenResourcesFiltering - Copying 1 resource from src\main\resources to target\classes
2024-05-17 10:19:21,961 [Worker-40: Building Workspace] INFO  o.a.m.s.f.DefaultMavenResourcesFiltering - Copying 0 resource from src\main\resources to target\classes
2024-05-17 10:19:21,970 [Worker-40: Building Workspace] INFO  o.a.m.s.f.DefaultMavenResourcesFiltering - skip non existing resourceDirectory D:\project-java-spring\RestApiCourse\WeatherAPIs\WeatherApiProject\WeatherApiCommon\src\test\resources
2024-05-17 10:19:22,284 [Worker-40: Building Workspace] INFO  o.a.m.s.f.DefaultMavenResourcesFiltering - Copying 1 resource from src\main\resources to target\classes
2024-05-17 10:19:22,285 [Worker-40: Building Workspace] INFO  o.a.m.s.f.DefaultMavenResourcesFiltering - Copying 0 resource from src\main\resources to target\classes
2024-05-17 10:19:22,292 [Worker-40: Building Workspace] INFO  o.a.m.s.f.DefaultMavenResourcesFiltering - skip non existing resourceDirectory D:\project-java-spring\RestApiCourse\WeatherAPIs\WeatherApiProject\WeatherApiService\src\test\resources
2024-05-17 10:20:38,174 [Worker-29: Updating Maven Project] INFO  o.e.m.c.i.p.ProjectConfigurationManager - Update started
2024-05-17 10:20:38,443 [Worker-29: Updating Maven Project] INFO  o.e.m.c.i.l.LifecycleMappingFactory - Using org.eclipse.m2e.jdt.JarLifecycleMapping lifecycle mapping for MavenProject: com.weatherapi:weather-api-common:1.0.0 @ D:\project-java-spring\RestApiCourse\WeatherAPIs\WeatherApiProject\WeatherApiCommon\pom.xml.
2024-05-17 10:20:39,102 [Worker-29: Updating Maven Project] INFO  o.e.m.c.i.l.LifecycleMappingFactory - Using org.eclipse.m2e.jdt.JarLifecycleMapping lifecycle mapping for MavenProject: com.weatherapi:WeatherApiService:1.0.0 @ D:\project-java-spring\RestApiCourse\WeatherAPIs\WeatherApiProject\WeatherApiService\pom.xml.
2024-05-17 10:20:39,210 [Worker-29: Updating Maven Project] INFO  o.e.m.c.i.p.WorkspaceClassifierResolverManager - Resolving P/WeatherApiCommon: com.weatherapi:weather-api-common:1.0.0 with classifier  to /WeatherApiCommon/target/classes
2024-05-17 10:20:40,191 [Worker-29: Updating Maven Project] INFO  o.e.m.j.i.AbstractJavaProjectConfigurator - Adding source folder /WeatherApiCommon/src/main/java
2024-05-17 10:20:40,192 [Worker-29: Updating Maven Project] INFO  o.e.m.j.i.AbstractJavaProjectConfigurator - Adding resource folder /WeatherApiCommon/src/main/resources
2024-05-17 10:20:40,192 [Worker-29: Updating Maven Project] INFO  o.e.m.j.i.AbstractJavaProjectConfigurator - Adding resource folder /WeatherApiCommon/src/main/resources
2024-05-17 10:20:40,192 [Worker-29: Updating Maven Project] INFO  o.e.m.j.i.AbstractJavaProjectConfigurator - Adding source folder /WeatherApiCommon/src/test/java
2024-05-17 10:20:41,380 [Worker-29: Updating Maven Project] INFO  o.e.m.c.i.p.ProjectConfigurationManager - Update completed for 1 poms: local refresh takes 0.00 sec, refresh facades takes 1.00 sec, update config takes 0.00 sec 
2024-05-17 10:21:06,743 [Worker-42: Cleaning all projects] INFO  o.e.m.c.i.l.LifecycleMappingFactory - Using org.eclipse.m2e.jdt.JarLifecycleMapping lifecycle mapping for MavenProject: com.weatherapi:weather-api-common:1.0.0 @ D:\project-java-spring\RestApiCourse\WeatherAPIs\WeatherApiProject\WeatherApiCommon\pom.xml.
2024-05-17 10:21:07,506 [Worker-39: Building Workspace] INFO  o.a.m.s.f.DefaultMavenResourcesFiltering - Copying 1 resource from src\main\resources to target\classes
2024-05-17 10:21:07,570 [Worker-39: Building Workspace] INFO  o.a.m.s.f.DefaultMavenResourcesFiltering - Copying 0 resource from src\main\resources to target\classes
2024-05-17 10:21:07,577 [Worker-39: Building Workspace] INFO  o.a.m.s.f.DefaultMavenResourcesFiltering - skip non existing resourceDirectory D:\project-java-spring\RestApiCourse\WeatherAPIs\WeatherApiProject\WeatherApiCommon\src\test\resources
2024-05-17 10:21:07,905 [Worker-39: Building Workspace] INFO  o.a.m.s.f.DefaultMavenResourcesFiltering - Copying 1 resource from src\main\resources to target\classes
2024-05-17 10:21:07,908 [Worker-39: Building Workspace] INFO  o.a.m.s.f.DefaultMavenResourcesFiltering - Copying 0 resource from src\main\resources to target\classes
2024-05-17 10:21:07,911 [Worker-39: Building Workspace] INFO  o.a.m.s.f.DefaultMavenResourcesFiltering - skip non existing resourceDirectory D:\project-java-spring\RestApiCourse\WeatherAPIs\WeatherApiProject\WeatherApiService\src\test\resources
2024-05-17 10:33:29,459 [Worker-35: Launching LocationApiControllerTests.testAddShouldReturn400BadRequest] INFO  o.e.m.c.i.l.LifecycleMappingFactory - Using org.eclipse.m2e.jdt.JarLifecycleMapping lifecycle mapping for MavenProject: com.weatherapi:weather-api-common:1.0.0 @ D:\project-java-spring\RestApiCourse\WeatherAPIs\WeatherApiProject\WeatherApiCommon\pom.xml.
2024-05-17 10:33:30,350 [Worker-35: Launching LocationApiControllerTests.testAddShouldReturn400BadRequest] INFO  o.a.m.s.f.DefaultMavenResourcesFiltering - Copying 1 resource from src\main\resources to target\classes
2024-05-17 10:33:30,509 [Worker-35: Launching LocationApiControllerTests.testAddShouldReturn400BadRequest] INFO  o.a.m.s.f.DefaultMavenResourcesFiltering - Copying 0 resource from src\main\resources to target\classes
2024-05-17 10:33:30,515 [Worker-35: Launching LocationApiControllerTests.testAddShouldReturn400BadRequest] INFO  o.a.m.s.f.DefaultMavenResourcesFiltering - skip non existing resourceDirectory D:\project-java-spring\RestApiCourse\WeatherAPIs\WeatherApiProject\WeatherApiCommon\src\test\resources
2024-05-17 10:33:31,634 [Worker-35: Launching LocationApiControllerTests.testAddShouldReturn400BadRequest] INFO  o.e.m.c.i.l.LifecycleMappingFactory - Using org.eclipse.m2e.jdt.JarLifecycleMapping lifecycle mapping for MavenProject: com.weatherapi:WeatherApiService:1.0.0 @ D:\project-java-spring\RestApiCourse\WeatherAPIs\WeatherApiProject\WeatherApiService\pom.xml.
2024-05-17 10:33:32,059 [Worker-35: Launching LocationApiControllerTests.testAddShouldReturn400BadRequest] INFO  o.e.m.c.i.p.WorkspaceClassifierResolverManager - Resolving P/WeatherApiCommon: com.weatherapi:weather-api-common:1.0.0 with classifier  to /WeatherApiCommon/target/classes
2024-05-17 10:33:32,316 [Worker-35: Launching LocationApiControllerTests.testAddShouldReturn400BadRequest] INFO  o.a.m.s.f.DefaultMavenResourcesFiltering - Copying 1 resource from src\main\resources to target\classes
2024-05-17 10:33:32,396 [Worker-35: Launching LocationApiControllerTests.testAddShouldReturn400BadRequest] INFO  o.a.m.s.f.DefaultMavenResourcesFiltering - Copying 0 resource from src\main\resources to target\classes
2024-05-17 10:33:32,400 [Worker-35: Launching LocationApiControllerTests.testAddShouldReturn400BadRequest] INFO  o.a.m.s.f.DefaultMavenResourcesFiltering - skip non existing resourceDirectory D:\project-java-spring\RestApiCourse\WeatherAPIs\WeatherApiProject\WeatherApiService\src\test\resources
2024-05-17 10:33:34,391 [Worker-35: Launching LocationApiControllerTests.testAddShouldReturn400BadRequest] INFO  o.e.m.c.i.p.WorkspaceClassifierResolverManager - Resolving P/WeatherApiCommon: com.weatherapi:weather-api-common:1.0.0 with classifier null to /WeatherApiCommon/target/classes
2024-05-17 10:33:34,630 [Worker-35: Launching LocationApiControllerTests.testAddShouldReturn400BadRequest] INFO  o.e.m.c.i.p.WorkspaceClassifierResolverManager - Resolving P/WeatherApiCommon: com.weatherapi:weather-api-common:1.0.0 with classifier null to /WeatherApiCommon/target/classes
2024-05-17 10:35:01,109 [Worker-47: Launching LocationRepositoryTests.testAddSuccess] INFO  o.a.m.s.f.DefaultMavenResourcesFiltering - Copying 1 resource from src\main\resources to target\classes
2024-05-17 10:35:01,278 [Worker-47: Launching LocationRepositoryTests.testAddSuccess] INFO  o.a.m.s.f.DefaultMavenResourcesFiltering - Copying 0 resource from src\main\resources to target\classes
2024-05-17 10:35:01,282 [Worker-47: Launching LocationRepositoryTests.testAddSuccess] INFO  o.a.m.s.f.DefaultMavenResourcesFiltering - skip non existing resourceDirectory D:\project-java-spring\RestApiCourse\WeatherAPIs\WeatherApiProject\WeatherApiService\src\test\resources
2024-05-17 10:35:01,448 [Worker-47: Launching LocationRepositoryTests.testAddSuccess] INFO  o.e.m.c.i.p.WorkspaceClassifierResolverManager - Resolving P/WeatherApiCommon: com.weatherapi:weather-api-common:1.0.0 with classifier null to /WeatherApiCommon/target/classes
2024-05-17 10:35:01,568 [Worker-47: Launching LocationRepositoryTests.testAddSuccess] INFO  o.e.m.c.i.p.WorkspaceClassifierResolverManager - Resolving P/WeatherApiCommon: com.weatherapi:weather-api-common:1.0.0 with classifier null to /WeatherApiCommon/target/classes
2024-05-17 10:35:53,768 [Worker-48: Building Workspace] INFO  o.a.m.s.f.DefaultMavenResourcesFiltering - Copying 1 resource from src\main\resources to target\classes
2024-05-17 10:35:53,787 [Worker-48: Building Workspace] INFO  o.a.m.s.f.DefaultMavenResourcesFiltering - Copying 0 resource from src\main\resources to target\classes
2024-05-17 10:35:53,790 [Worker-48: Building Workspace] INFO  o.a.m.s.f.DefaultMavenResourcesFiltering - skip non existing resourceDirectory D:\project-java-spring\RestApiCourse\WeatherAPIs\WeatherApiProject\WeatherApiCommon\src\test\resources
2024-05-17 10:35:54,011 [Worker-48: Building Workspace] INFO  o.a.m.s.f.DefaultMavenResourcesFiltering - Copying 1 resource from src\main\resources to target\classes
2024-05-17 10:35:54,013 [Worker-48: Building Workspace] INFO  o.a.m.s.f.DefaultMavenResourcesFiltering - Copying 0 resource from src\main\resources to target\classes
2024-05-17 10:35:54,016 [Worker-48: Building Workspace] INFO  o.a.m.s.f.DefaultMavenResourcesFiltering - skip non existing resourceDirectory D:\project-java-spring\RestApiCourse\WeatherAPIs\WeatherApiProject\WeatherApiService\src\test\resources
2024-05-17 14:41:10,065 [Worker-93: Launching LocationApiControllerTests.testAddShouldReturn200Created] INFO  o.a.m.s.f.DefaultMavenResourcesFiltering - Copying 0 resource from src\main\resources to target\classes
2024-05-17 14:41:10,068 [Worker-93: Launching LocationApiControllerTests.testAddShouldReturn200Created] INFO  o.a.m.s.f.DefaultMavenResourcesFiltering - Copying 0 resource from src\main\resources to target\classes
2024-05-17 14:41:10,070 [Worker-93: Launching LocationApiControllerTests.testAddShouldReturn200Created] INFO  o.a.m.s.f.DefaultMavenResourcesFiltering - skip non existing resourceDirectory D:\project-java-spring\RestApiCourse\WeatherAPIs\WeatherApiProject\WeatherApiService\src\test\resources
2024-05-17 14:41:10,439 [Worker-93: Launching LocationApiControllerTests.testAddShouldReturn200Created] INFO  o.e.m.c.i.p.WorkspaceClassifierResolverManager - Resolving P/WeatherApiCommon: com.weatherapi:weather-api-common:1.0.0 with classifier null to /WeatherApiCommon/target/classes
2024-05-17 14:41:10,661 [Worker-93: Launching LocationApiControllerTests.testAddShouldReturn200Created] INFO  o.e.m.c.i.p.WorkspaceClassifierResolverManager - Resolving P/WeatherApiCommon: com.weatherapi:weather-api-common:1.0.0 with classifier null to /WeatherApiCommon/target/classes
2024-05-17 14:42:14,545 [Worker-95: Launching LocationApiControllerTests.testAddShouldReturn201Created] INFO  o.a.m.s.f.DefaultMavenResourcesFiltering - Copying 0 resource from src\main\resources to target\classes
2024-05-17 14:42:14,546 [Worker-95: Launching LocationApiControllerTests.testAddShouldReturn201Created] INFO  o.a.m.s.f.DefaultMavenResourcesFiltering - Copying 0 resource from src\main\resources to target\classes
2024-05-17 14:42:14,552 [Worker-95: Launching LocationApiControllerTests.testAddShouldReturn201Created] INFO  o.a.m.s.f.DefaultMavenResourcesFiltering - skip non existing resourceDirectory D:\project-java-spring\RestApiCourse\WeatherAPIs\WeatherApiProject\WeatherApiService\src\test\resources
2024-05-17 14:42:14,735 [Worker-95: Launching LocationApiControllerTests.testAddShouldReturn201Created] INFO  o.e.m.c.i.p.WorkspaceClassifierResolverManager - Resolving P/WeatherApiCommon: com.weatherapi:weather-api-common:1.0.0 with classifier null to /WeatherApiCommon/target/classes
2024-05-17 14:42:14,899 [Worker-95: Launching LocationApiControllerTests.testAddShouldReturn201Created] INFO  o.e.m.c.i.p.WorkspaceClassifierResolverManager - Resolving P/WeatherApiCommon: com.weatherapi:weather-api-common:1.0.0 with classifier null to /WeatherApiCommon/target/classes
2024-05-17 15:06:33,389 [Worker-106: Launching LocationApiControllerTests.testAddShouldReturn201Created] INFO  o.a.m.s.f.DefaultMavenResourcesFiltering - Copying 1 resource from src\main\resources to target\classes
2024-05-17 15:06:33,530 [Worker-106: Launching LocationApiControllerTests.testAddShouldReturn201Created] INFO  o.a.m.s.f.DefaultMavenResourcesFiltering - Copying 0 resource from src\main\resources to target\classes
2024-05-17 15:06:33,535 [Worker-106: Launching LocationApiControllerTests.testAddShouldReturn201Created] INFO  o.a.m.s.f.DefaultMavenResourcesFiltering - skip non existing resourceDirectory D:\project-java-spring\RestApiCourse\WeatherAPIs\WeatherApiProject\WeatherApiCommon\src\test\resources
2024-05-17 15:06:33,847 [Worker-106: Launching LocationApiControllerTests.testAddShouldReturn201Created] INFO  o.a.m.s.f.DefaultMavenResourcesFiltering - Copying 0 resource from src\main\resources to target\classes
2024-05-17 15:06:33,847 [Worker-106: Launching LocationApiControllerTests.testAddShouldReturn201Created] INFO  o.a.m.s.f.DefaultMavenResourcesFiltering - Copying 0 resource from src\main\resources to target\classes
2024-05-17 15:06:33,852 [Worker-106: Launching LocationApiControllerTests.testAddShouldReturn201Created] INFO  o.a.m.s.f.DefaultMavenResourcesFiltering - skip non existing resourceDirectory D:\project-java-spring\RestApiCourse\WeatherAPIs\WeatherApiProject\WeatherApiService\src\test\resources
2024-05-17 15:06:34,177 [Worker-106: Launching LocationApiControllerTests.testAddShouldReturn201Created] INFO  o.e.m.c.i.p.WorkspaceClassifierResolverManager - Resolving P/WeatherApiCommon: com.weatherapi:weather-api-common:1.0.0 with classifier null to /WeatherApiCommon/target/classes
2024-05-17 15:06:34,384 [Worker-106: Launching LocationApiControllerTests.testAddShouldReturn201Created] INFO  o.e.m.c.i.p.WorkspaceClassifierResolverManager - Resolving P/WeatherApiCommon: com.weatherapi:weather-api-common:1.0.0 with classifier null to /WeatherApiCommon/target/classes
2024-05-17 15:13:54,302 [Worker-110: Launching LocationApiControllerTests.testAddShouldReturn201Created] INFO  o.a.m.s.f.DefaultMavenResourcesFiltering - Copying 0 resource from src\main\resources to target\classes
2024-05-17 15:13:54,305 [Worker-110: Launching LocationApiControllerTests.testAddShouldReturn201Created] INFO  o.a.m.s.f.DefaultMavenResourcesFiltering - Copying 0 resource from src\main\resources to target\classes
2024-05-17 15:13:54,322 [Worker-110: Launching LocationApiControllerTests.testAddShouldReturn201Created] INFO  o.a.m.s.f.DefaultMavenResourcesFiltering - skip non existing resourceDirectory D:\project-java-spring\RestApiCourse\WeatherAPIs\WeatherApiProject\WeatherApiService\src\test\resources
2024-05-17 15:13:54,705 [Worker-110: Launching LocationApiControllerTests.testAddShouldReturn201Created] INFO  o.e.m.c.i.p.WorkspaceClassifierResolverManager - Resolving P/WeatherApiCommon: com.weatherapi:weather-api-common:1.0.0 with classifier null to /WeatherApiCommon/target/classes
2024-05-17 15:13:54,866 [Worker-110: Launching LocationApiControllerTests.testAddShouldReturn201Created] INFO  o.e.m.c.i.p.WorkspaceClassifierResolverManager - Resolving P/WeatherApiCommon: com.weatherapi:weather-api-common:1.0.0 with classifier null to /WeatherApiCommon/target/classes
2024-05-17 15:14:37,238 [Worker-107: Launching LocationApiControllerTests.testAddShouldReturn201Created] INFO  o.a.m.s.f.DefaultMavenResourcesFiltering - Copying 0 resource from src\main\resources to target\classes
2024-05-17 15:14:37,239 [Worker-107: Launching LocationApiControllerTests.testAddShouldReturn201Created] INFO  o.a.m.s.f.DefaultMavenResourcesFiltering - Copying 0 resource from src\main\resources to target\classes
2024-05-17 15:14:37,242 [Worker-107: Launching LocationApiControllerTests.testAddShouldReturn201Created] INFO  o.a.m.s.f.DefaultMavenResourcesFiltering - skip non existing resourceDirectory D:\project-java-spring\RestApiCourse\WeatherAPIs\WeatherApiProject\WeatherApiService\src\test\resources
2024-05-17 15:14:37,376 [Worker-107: Launching LocationApiControllerTests.testAddShouldReturn201Created] INFO  o.e.m.c.i.p.WorkspaceClassifierResolverManager - Resolving P/WeatherApiCommon: com.weatherapi:weather-api-common:1.0.0 with classifier null to /WeatherApiCommon/target/classes
2024-05-17 15:14:37,513 [Worker-107: Launching LocationApiControllerTests.testAddShouldReturn201Created] INFO  o.e.m.c.i.p.WorkspaceClassifierResolverManager - Resolving P/WeatherApiCommon: com.weatherapi:weather-api-common:1.0.0 with classifier null to /WeatherApiCommon/target/classes
2024-05-17 15:15:13,307 [Worker-110: Launching LocationApiControllerTests.testAddShouldReturn201Created] INFO  o.e.m.c.i.p.WorkspaceClassifierResolverManager - Resolving P/WeatherApiCommon: com.weatherapi:weather-api-common:1.0.0 with classifier null to /WeatherApiCommon/target/classes
2024-05-17 15:15:13,447 [Worker-110: Launching LocationApiControllerTests.testAddShouldReturn201Created] INFO  o.e.m.c.i.p.WorkspaceClassifierResolverManager - Resolving P/WeatherApiCommon: com.weatherapi:weather-api-common:1.0.0 with classifier null to /WeatherApiCommon/target/classes
2024-05-17 15:17:22,587 [Worker-109: Launching LocationApiControllerTests.testAddShouldReturn201Created] INFO  o.a.m.s.f.DefaultMavenResourcesFiltering - Copying 0 resource from src\main\resources to target\classes
2024-05-17 15:17:22,589 [Worker-109: Launching LocationApiControllerTests.testAddShouldReturn201Created] INFO  o.a.m.s.f.DefaultMavenResourcesFiltering - Copying 0 resource from src\main\resources to target\classes
2024-05-17 15:17:22,593 [Worker-109: Launching LocationApiControllerTests.testAddShouldReturn201Created] INFO  o.a.m.s.f.DefaultMavenResourcesFiltering - skip non existing resourceDirectory D:\project-java-spring\RestApiCourse\WeatherAPIs\WeatherApiProject\WeatherApiService\src\test\resources
2024-05-17 15:17:22,777 [Worker-109: Launching LocationApiControllerTests.testAddShouldReturn201Created] INFO  o.e.m.c.i.p.WorkspaceClassifierResolverManager - Resolving P/WeatherApiCommon: com.weatherapi:weather-api-common:1.0.0 with classifier null to /WeatherApiCommon/target/classes
2024-05-17 15:17:22,942 [Worker-109: Launching LocationApiControllerTests.testAddShouldReturn201Created] INFO  o.e.m.c.i.p.WorkspaceClassifierResolverManager - Resolving P/WeatherApiCommon: com.weatherapi:weather-api-common:1.0.0 with classifier null to /WeatherApiCommon/target/classes
2024-05-17 15:21:53,440 [Worker-105: Launching LocationApiControllerTests.testAddShouldReturn201Created] INFO  o.a.m.s.f.DefaultMavenResourcesFiltering - Copying 0 resource from src\main\resources to target\classes
2024-05-17 15:21:53,444 [Worker-105: Launching LocationApiControllerTests.testAddShouldReturn201Created] INFO  o.a.m.s.f.DefaultMavenResourcesFiltering - Copying 0 resource from src\main\resources to target\classes
2024-05-17 15:21:53,448 [Worker-105: Launching LocationApiControllerTests.testAddShouldReturn201Created] INFO  o.a.m.s.f.DefaultMavenResourcesFiltering - skip non existing resourceDirectory D:\project-java-spring\RestApiCourse\WeatherAPIs\WeatherApiProject\WeatherApiService\src\test\resources
2024-05-17 15:21:53,967 [Worker-105: Launching LocationApiControllerTests.testAddShouldReturn201Created] INFO  o.e.m.c.i.p.WorkspaceClassifierResolverManager - Resolving P/WeatherApiCommon: com.weatherapi:weather-api-common:1.0.0 with classifier null to /WeatherApiCommon/target/classes
2024-05-17 15:21:54,134 [Worker-105: Launching LocationApiControllerTests.testAddShouldReturn201Created] INFO  o.e.m.c.i.p.WorkspaceClassifierResolverManager - Resolving P/WeatherApiCommon: com.weatherapi:weather-api-common:1.0.0 with classifier null to /WeatherApiCommon/target/classes
2024-05-17 15:24:12,255 [Worker-113: Launching LocationApiControllerTests.testAddShouldReturn201Created] INFO  o.a.m.s.f.DefaultMavenResourcesFiltering - Copying 1 resource from src\main\resources to target\classes
2024-05-17 15:24:12,358 [Worker-113: Launching LocationApiControllerTests.testAddShouldReturn201Created] INFO  o.a.m.s.f.DefaultMavenResourcesFiltering - Copying 0 resource from src\main\resources to target\classes
2024-05-17 15:24:12,362 [Worker-113: Launching LocationApiControllerTests.testAddShouldReturn201Created] INFO  o.a.m.s.f.DefaultMavenResourcesFiltering - skip non existing resourceDirectory D:\project-java-spring\RestApiCourse\WeatherAPIs\WeatherApiProject\WeatherApiService\src\test\resources
2024-05-17 15:24:12,608 [Worker-113: Launching LocationApiControllerTests.testAddShouldReturn201Created] INFO  o.e.m.c.i.p.WorkspaceClassifierResolverManager - Resolving P/WeatherApiCommon: com.weatherapi:weather-api-common:1.0.0 with classifier null to /WeatherApiCommon/target/classes
2024-05-17 15:24:12,785 [Worker-113: Launching LocationApiControllerTests.testAddShouldReturn201Created] INFO  o.e.m.c.i.p.WorkspaceClassifierResolverManager - Resolving P/WeatherApiCommon: com.weatherapi:weather-api-common:1.0.0 with classifier null to /WeatherApiCommon/target/classes
2024-05-17 15:24:52,890 [Worker-112: Launching LocationApiControllerTests.testAddShouldReturn201Created] INFO  o.a.m.s.f.DefaultMavenResourcesFiltering - Copying 1 resource from src\main\resources to target\classes
2024-05-17 15:24:52,955 [Worker-112: Launching LocationApiControllerTests.testAddShouldReturn201Created] INFO  o.a.m.s.f.DefaultMavenResourcesFiltering - Copying 0 resource from src\main\resources to target\classes
2024-05-17 15:24:52,969 [Worker-112: Launching LocationApiControllerTests.testAddShouldReturn201Created] INFO  o.a.m.s.f.DefaultMavenResourcesFiltering - skip non existing resourceDirectory D:\project-java-spring\RestApiCourse\WeatherAPIs\WeatherApiProject\WeatherApiService\src\test\resources
2024-05-17 15:24:53,077 [Worker-112: Launching LocationApiControllerTests.testAddShouldReturn201Created] INFO  o.e.m.c.i.p.WorkspaceClassifierResolverManager - Resolving P/WeatherApiCommon: com.weatherapi:weather-api-common:1.0.0 with classifier null to /WeatherApiCommon/target/classes
2024-05-17 15:24:53,177 [Worker-112: Launching LocationApiControllerTests.testAddShouldReturn201Created] INFO  o.e.m.c.i.p.WorkspaceClassifierResolverManager - Resolving P/WeatherApiCommon: com.weatherapi:weather-api-common:1.0.0 with classifier null to /WeatherApiCommon/target/classes
2024-05-17 15:25:27,215 [Worker-114: Launching LocationApiControllerTests.testAddShouldReturn201Created] INFO  o.a.m.s.f.DefaultMavenResourcesFiltering - Copying 0 resource from src\main\resources to target\classes
2024-05-17 15:25:27,215 [Worker-114: Launching LocationApiControllerTests.testAddShouldReturn201Created] INFO  o.a.m.s.f.DefaultMavenResourcesFiltering - Copying 0 resource from src\main\resources to target\classes
2024-05-17 15:25:27,230 [Worker-114: Launching LocationApiControllerTests.testAddShouldReturn201Created] INFO  o.a.m.s.f.DefaultMavenResourcesFiltering - skip non existing resourceDirectory D:\project-java-spring\RestApiCourse\WeatherAPIs\WeatherApiProject\WeatherApiService\src\test\resources
2024-05-17 15:25:27,380 [Worker-114: Launching LocationApiControllerTests.testAddShouldReturn201Created] INFO  o.e.m.c.i.p.WorkspaceClassifierResolverManager - Resolving P/WeatherApiCommon: com.weatherapi:weather-api-common:1.0.0 with classifier null to /WeatherApiCommon/target/classes
2024-05-17 15:25:27,522 [Worker-114: Launching LocationApiControllerTests.testAddShouldReturn201Created] INFO  o.e.m.c.i.p.WorkspaceClassifierResolverManager - Resolving P/WeatherApiCommon: com.weatherapi:weather-api-common:1.0.0 with classifier null to /WeatherApiCommon/target/classes
2024-05-17 15:27:08,087 [Worker-112: Launching LocationApiControllerTests.testAddShouldReturn201Created] INFO  o.a.m.s.f.DefaultMavenResourcesFiltering - Copying 1 resource from src\main\resources to target\classes
2024-05-17 15:27:08,120 [Worker-112: Launching LocationApiControllerTests.testAddShouldReturn201Created] INFO  o.a.m.s.f.DefaultMavenResourcesFiltering - Copying 0 resource from src\main\resources to target\classes
2024-05-17 15:27:08,125 [Worker-112: Launching LocationApiControllerTests.testAddShouldReturn201Created] INFO  o.a.m.s.f.DefaultMavenResourcesFiltering - skip non existing resourceDirectory D:\project-java-spring\RestApiCourse\WeatherAPIs\WeatherApiProject\WeatherApiService\src\test\resources
2024-05-17 15:27:08,364 [Worker-112: Launching LocationApiControllerTests.testAddShouldReturn201Created] INFO  o.e.m.c.i.p.WorkspaceClassifierResolverManager - Resolving P/WeatherApiCommon: com.weatherapi:weather-api-common:1.0.0 with classifier null to /WeatherApiCommon/target/classes
2024-05-17 15:27:08,585 [Worker-112: Launching LocationApiControllerTests.testAddShouldReturn201Created] INFO  o.e.m.c.i.p.WorkspaceClassifierResolverManager - Resolving P/WeatherApiCommon: com.weatherapi:weather-api-common:1.0.0 with classifier null to /WeatherApiCommon/target/classes
2024-05-19 14:42:25,052 [ForkJoinPool.commonPool-worker-7] INFO  o.s.s.s.o.s.c.s.PostProcessorRegistrationDelegate$BeanPostProcessorChecker - Bean 'sonarLintSpringAppConfig' of type [org.sonarsource.sonarlint.core.spring.SonarLintSpringAppConfig$$EnhancerBySpringCGLIB$$cd05aa4a] is not eligible for getting processed by all BeanPostProcessors (for example: not eligible for auto-proxying)
2024-05-19 14:42:25,131 [ForkJoinPool.commonPool-worker-7] INFO  o.s.s.s.o.s.c.s.PostProcessorRegistrationDelegate$BeanPostProcessorChecker - Bean 'provideClientEventBus' of type [com.google.common.eventbus.AsyncEventBus] is not eligible for getting processed by all BeanPostProcessors (for example: not eligible for auto-proxying)
2024-05-19 14:42:28,264 [Worker-8: Loading available Gradle versions] INFO  o.e.b.c.i.u.g.PublishedGradleVersions - Gradle version information cache is out-of-date. Trying to update.
2024-05-19 14:45:51,492 [Worker-14: Launching WeatherApiService - WeatherApiServiceApplication] INFO  o.a.m.s.f.DefaultMavenResourcesFiltering - Copying 1 resource from src\main\resources to target\classes
2024-05-19 14:45:51,529 [Worker-14: Launching WeatherApiService - WeatherApiServiceApplication] INFO  o.a.m.s.f.DefaultMavenResourcesFiltering - Copying 0 resource from src\main\resources to target\classes
2024-05-19 14:45:51,534 [Worker-14: Launching WeatherApiService - WeatherApiServiceApplication] INFO  o.a.m.s.f.DefaultMavenResourcesFiltering - skip non existing resourceDirectory D:\project-java-spring\RestApiCourse\WeatherAPIs\WeatherApiProject\WeatherApiCommon\src\test\resources
2024-05-19 14:45:53,474 [Worker-14: Launching WeatherApiService - WeatherApiServiceApplication] INFO  o.e.m.c.i.p.WorkspaceClassifierResolverManager - Resolving P/WeatherApiCommon: com.weatherapi:weather-api-common:1.0.0 with classifier  to /WeatherApiCommon/target/classes
2024-05-19 14:45:53,594 [Worker-14: Launching WeatherApiService - WeatherApiServiceApplication] INFO  o.a.m.s.f.DefaultMavenResourcesFiltering - Copying 1 resource from src\main\resources to target\classes
2024-05-19 14:45:53,616 [Worker-14: Launching WeatherApiService - WeatherApiServiceApplication] INFO  o.a.m.s.f.DefaultMavenResourcesFiltering - Copying 0 resource from src\main\resources to target\classes
2024-05-19 14:45:53,622 [Worker-14: Launching WeatherApiService - WeatherApiServiceApplication] INFO  o.a.m.s.f.DefaultMavenResourcesFiltering - skip non existing resourceDirectory D:\project-java-spring\RestApiCourse\WeatherAPIs\WeatherApiProject\WeatherApiService\src\test\resources
2024-05-19 14:45:53,845 [Worker-14: Launching WeatherApiService - WeatherApiServiceApplication] INFO  o.e.m.c.i.p.WorkspaceClassifierResolverManager - Resolving P/WeatherApiCommon: com.weatherapi:weather-api-common:1.0.0 with classifier null to /WeatherApiCommon/target/classes
2024-05-19 14:45:53,929 [Worker-14: Launching WeatherApiService - WeatherApiServiceApplication] INFO  o.e.m.c.i.p.WorkspaceClassifierResolverManager - Resolving P/WeatherApiCommon: com.weatherapi:weather-api-common:1.0.0 with classifier null to /WeatherApiCommon/target/classes
2024-05-19 14:45:54,007 [Worker-14: Launching WeatherApiService - WeatherApiServiceApplication] INFO  o.e.m.c.i.p.WorkspaceClassifierResolverManager - Resolving P/WeatherApiCommon: com.weatherapi:weather-api-common:1.0.0 with classifier null to /WeatherApiCommon/target/classes
2024-05-19 15:54:55,190 [Worker-18: Launching WeatherApiService - WeatherApiServiceApplication] INFO  o.a.m.s.f.DefaultMavenResourcesFiltering - Copying 1 resource from src\main\resources to target\classes
2024-05-19 15:54:55,278 [Worker-18: Launching WeatherApiService - WeatherApiServiceApplication] INFO  o.a.m.s.f.DefaultMavenResourcesFiltering - Copying 0 resource from src\main\resources to target\classes
2024-05-19 15:54:55,283 [Worker-18: Launching WeatherApiService - WeatherApiServiceApplication] INFO  o.a.m.s.f.DefaultMavenResourcesFiltering - skip non existing resourceDirectory D:\project-java-spring\RestApiCourse\WeatherAPIs\WeatherApiProject\WeatherApiService\src\test\resources
2024-05-19 15:54:55,561 [Worker-18: Launching WeatherApiService - WeatherApiServiceApplication] INFO  o.e.m.c.i.p.WorkspaceClassifierResolverManager - Resolving P/WeatherApiCommon: com.weatherapi:weather-api-common:1.0.0 with classifier null to /WeatherApiCommon/target/classes
2024-05-19 15:54:55,675 [Worker-18: Launching WeatherApiService - WeatherApiServiceApplication] INFO  o.e.m.c.i.p.WorkspaceClassifierResolverManager - Resolving P/WeatherApiCommon: com.weatherapi:weather-api-common:1.0.0 with classifier null to /WeatherApiCommon/target/classes
2024-05-19 15:54:55,787 [Worker-18: Launching WeatherApiService - WeatherApiServiceApplication] INFO  o.e.m.c.i.p.WorkspaceClassifierResolverManager - Resolving P/WeatherApiCommon: com.weatherapi:weather-api-common:1.0.0 with classifier null to /WeatherApiCommon/target/classes
2024-05-19 16:48:13,676 [Worker-48: Launching LocationRepositoryTests.testListSuccess] INFO  o.a.m.s.f.DefaultMavenResourcesFiltering - Copying 1 resource from src\main\resources to target\classes
2024-05-19 16:48:13,754 [Worker-48: Launching LocationRepositoryTests.testListSuccess] INFO  o.a.m.s.f.DefaultMavenResourcesFiltering - Copying 0 resource from src\main\resources to target\classes
2024-05-19 16:48:13,758 [Worker-48: Launching LocationRepositoryTests.testListSuccess] INFO  o.a.m.s.f.DefaultMavenResourcesFiltering - skip non existing resourceDirectory D:\project-java-spring\RestApiCourse\WeatherAPIs\WeatherApiProject\WeatherApiCommon\src\test\resources
2024-05-19 16:48:13,896 [Worker-48: Launching LocationRepositoryTests.testListSuccess] INFO  o.a.m.s.f.DefaultMavenResourcesFiltering - Copying 0 resource from src\main\resources to target\classes
2024-05-19 16:48:13,896 [Worker-48: Launching LocationRepositoryTests.testListSuccess] INFO  o.a.m.s.f.DefaultMavenResourcesFiltering - Copying 0 resource from src\main\resources to target\classes
2024-05-19 16:48:13,899 [Worker-48: Launching LocationRepositoryTests.testListSuccess] INFO  o.a.m.s.f.DefaultMavenResourcesFiltering - skip non existing resourceDirectory D:\project-java-spring\RestApiCourse\WeatherAPIs\WeatherApiProject\WeatherApiService\src\test\resources
2024-05-19 16:48:14,190 [Worker-48: Launching LocationRepositoryTests.testListSuccess] INFO  o.e.m.c.i.p.WorkspaceClassifierResolverManager - Resolving P/WeatherApiCommon: com.weatherapi:weather-api-common:1.0.0 with classifier null to /WeatherApiCommon/target/classes
2024-05-19 16:48:14,349 [Worker-48: Launching LocationRepositoryTests.testListSuccess] INFO  o.e.m.c.i.p.WorkspaceClassifierResolverManager - Resolving P/WeatherApiCommon: com.weatherapi:weather-api-common:1.0.0 with classifier null to /WeatherApiCommon/target/classes
2024-05-19 17:04:13,216 [Worker-55: Launching LocationApiControllerTests.testListShouldReturn204NoContent] INFO  o.a.m.s.f.DefaultMavenResourcesFiltering - Copying 1 resource from src\main\resources to target\classes
2024-05-19 17:04:13,293 [Worker-55: Launching LocationApiControllerTests.testListShouldReturn204NoContent] INFO  o.a.m.s.f.DefaultMavenResourcesFiltering - Copying 0 resource from src\main\resources to target\classes
2024-05-19 17:04:13,303 [Worker-55: Launching LocationApiControllerTests.testListShouldReturn204NoContent] INFO  o.a.m.s.f.DefaultMavenResourcesFiltering - skip non existing resourceDirectory D:\project-java-spring\RestApiCourse\WeatherAPIs\WeatherApiProject\WeatherApiService\src\test\resources
2024-05-19 17:04:13,615 [Worker-55: Launching LocationApiControllerTests.testListShouldReturn204NoContent] INFO  o.e.m.c.i.p.WorkspaceClassifierResolverManager - Resolving P/WeatherApiCommon: com.weatherapi:weather-api-common:1.0.0 with classifier null to /WeatherApiCommon/target/classes
2024-05-19 17:04:13,946 [Worker-55: Launching LocationApiControllerTests.testListShouldReturn204NoContent] INFO  o.e.m.c.i.p.WorkspaceClassifierResolverManager - Resolving P/WeatherApiCommon: com.weatherapi:weather-api-common:1.0.0 with classifier null to /WeatherApiCommon/target/classes
2024-05-19 17:45:27,569 [Worker-60: Launching LocationApiControllerTests.testListShouldReturn200OK] INFO  o.a.m.s.f.DefaultMavenResourcesFiltering - Copying 0 resource from src\main\resources to target\classes
2024-05-19 17:45:27,582 [Worker-60: Launching LocationApiControllerTests.testListShouldReturn200OK] INFO  o.a.m.s.f.DefaultMavenResourcesFiltering - Copying 0 resource from src\main\resources to target\classes
2024-05-19 17:45:27,587 [Worker-60: Launching LocationApiControllerTests.testListShouldReturn200OK] INFO  o.a.m.s.f.DefaultMavenResourcesFiltering - skip non existing resourceDirectory D:\project-java-spring\RestApiCourse\WeatherAPIs\WeatherApiProject\WeatherApiService\src\test\resources
2024-05-19 17:45:28,479 [Worker-60: Launching LocationApiControllerTests.testListShouldReturn200OK] INFO  o.e.m.c.i.p.WorkspaceClassifierResolverManager - Resolving P/WeatherApiCommon: com.weatherapi:weather-api-common:1.0.0 with classifier null to /WeatherApiCommon/target/classes
2024-05-19 17:45:28,767 [Worker-60: Launching LocationApiControllerTests.testListShouldReturn200OK] INFO  o.e.m.c.i.p.WorkspaceClassifierResolverManager - Resolving P/WeatherApiCommon: com.weatherapi:weather-api-common:1.0.0 with classifier null to /WeatherApiCommon/target/classes
2024-05-19 17:50:18,907 [Worker-70: Launching LocationApiControllerTests.testListShouldReturn200OK] INFO  o.a.m.s.f.DefaultMavenResourcesFiltering - Copying 0 resource from src\main\resources to target\classes
2024-05-19 17:50:18,912 [Worker-70: Launching LocationApiControllerTests.testListShouldReturn200OK] INFO  o.a.m.s.f.DefaultMavenResourcesFiltering - Copying 0 resource from src\main\resources to target\classes
2024-05-19 17:50:18,921 [Worker-70: Launching LocationApiControllerTests.testListShouldReturn200OK] INFO  o.a.m.s.f.DefaultMavenResourcesFiltering - skip non existing resourceDirectory D:\project-java-spring\RestApiCourse\WeatherAPIs\WeatherApiProject\WeatherApiService\src\test\resources
2024-05-19 17:50:19,219 [Worker-70: Launching LocationApiControllerTests.testListShouldReturn200OK] INFO  o.e.m.c.i.p.WorkspaceClassifierResolverManager - Resolving P/WeatherApiCommon: com.weatherapi:weather-api-common:1.0.0 with classifier null to /WeatherApiCommon/target/classes
2024-05-19 17:50:19,359 [Worker-70: Launching LocationApiControllerTests.testListShouldReturn200OK] INFO  o.e.m.c.i.p.WorkspaceClassifierResolverManager - Resolving P/WeatherApiCommon: com.weatherapi:weather-api-common:1.0.0 with classifier null to /WeatherApiCommon/target/classes
2024-05-19 17:50:38,994 [Worker-68: Launching LocationApiControllerTests.testListShouldReturn200OK] INFO  o.a.m.s.f.DefaultMavenResourcesFiltering - Copying 0 resource from src\main\resources to target\classes
2024-05-19 17:50:38,994 [Worker-68: Launching LocationApiControllerTests.testListShouldReturn200OK] INFO  o.a.m.s.f.DefaultMavenResourcesFiltering - Copying 0 resource from src\main\resources to target\classes
2024-05-19 17:50:38,996 [Worker-68: Launching LocationApiControllerTests.testListShouldReturn200OK] INFO  o.a.m.s.f.DefaultMavenResourcesFiltering - skip non existing resourceDirectory D:\project-java-spring\RestApiCourse\WeatherAPIs\WeatherApiProject\WeatherApiService\src\test\resources
2024-05-19 17:50:39,132 [Worker-68: Launching LocationApiControllerTests.testListShouldReturn200OK] INFO  o.e.m.c.i.p.WorkspaceClassifierResolverManager - Resolving P/WeatherApiCommon: com.weatherapi:weather-api-common:1.0.0 with classifier null to /WeatherApiCommon/target/classes
2024-05-19 17:50:39,257 [Worker-68: Launching LocationApiControllerTests.testListShouldReturn200OK] INFO  o.e.m.c.i.p.WorkspaceClassifierResolverManager - Resolving P/WeatherApiCommon: com.weatherapi:weather-api-common:1.0.0 with classifier null to /WeatherApiCommon/target/classes
2024-05-19 17:50:51,022 [Worker-68: Launching LocationApiControllerTests.testListShouldReturn200OK] INFO  o.a.m.s.f.DefaultMavenResourcesFiltering - Copying 0 resource from src\main\resources to target\classes
2024-05-19 17:50:51,022 [Worker-68: Launching LocationApiControllerTests.testListShouldReturn200OK] INFO  o.a.m.s.f.DefaultMavenResourcesFiltering - Copying 0 resource from src\main\resources to target\classes
2024-05-19 17:50:51,024 [Worker-68: Launching LocationApiControllerTests.testListShouldReturn200OK] INFO  o.a.m.s.f.DefaultMavenResourcesFiltering - skip non existing resourceDirectory D:\project-java-spring\RestApiCourse\WeatherAPIs\WeatherApiProject\WeatherApiService\src\test\resources
2024-05-19 17:50:51,121 [Worker-68: Launching LocationApiControllerTests.testListShouldReturn200OK] INFO  o.e.m.c.i.p.WorkspaceClassifierResolverManager - Resolving P/WeatherApiCommon: com.weatherapi:weather-api-common:1.0.0 with classifier null to /WeatherApiCommon/target/classes
2024-05-19 17:50:51,227 [Worker-68: Launching LocationApiControllerTests.testListShouldReturn200OK] INFO  o.e.m.c.i.p.WorkspaceClassifierResolverManager - Resolving P/WeatherApiCommon: com.weatherapi:weather-api-common:1.0.0 with classifier null to /WeatherApiCommon/target/classes
2024-05-19 17:52:00,473 [Worker-60: Launching LocationApiControllerTests.testListShouldReturn200OK] INFO  o.a.m.s.f.DefaultMavenResourcesFiltering - Copying 0 resource from src\main\resources to target\classes
2024-05-19 17:52:00,474 [Worker-60: Launching LocationApiControllerTests.testListShouldReturn200OK] INFO  o.a.m.s.f.DefaultMavenResourcesFiltering - Copying 0 resource from src\main\resources to target\classes
2024-05-19 17:52:00,482 [Worker-60: Launching LocationApiControllerTests.testListShouldReturn200OK] INFO  o.a.m.s.f.DefaultMavenResourcesFiltering - skip non existing resourceDirectory D:\project-java-spring\RestApiCourse\WeatherAPIs\WeatherApiProject\WeatherApiService\src\test\resources
2024-05-19 17:52:00,609 [Worker-60: Launching LocationApiControllerTests.testListShouldReturn200OK] INFO  o.e.m.c.i.p.WorkspaceClassifierResolverManager - Resolving P/WeatherApiCommon: com.weatherapi:weather-api-common:1.0.0 with classifier null to /WeatherApiCommon/target/classes
2024-05-19 17:52:00,728 [Worker-60: Launching LocationApiControllerTests.testListShouldReturn200OK] INFO  o.e.m.c.i.p.WorkspaceClassifierResolverManager - Resolving P/WeatherApiCommon: com.weatherapi:weather-api-common:1.0.0 with classifier null to /WeatherApiCommon/target/classes
2024-05-19 18:09:52,708 [Worker-71: Launching WeatherApiService - WeatherApiServiceApplication] INFO  o.e.m.c.i.p.WorkspaceClassifierResolverManager - Resolving P/WeatherApiCommon: com.weatherapi:weather-api-common:1.0.0 with classifier null to /WeatherApiCommon/target/classes
2024-05-19 18:09:52,858 [Worker-71: Launching WeatherApiService - WeatherApiServiceApplication] INFO  o.e.m.c.i.p.WorkspaceClassifierResolverManager - Resolving P/WeatherApiCommon: com.weatherapi:weather-api-common:1.0.0 with classifier null to /WeatherApiCommon/target/classes
2024-05-19 18:09:52,990 [Worker-71: Launching WeatherApiService - WeatherApiServiceApplication] INFO  o.e.m.c.i.p.WorkspaceClassifierResolverManager - Resolving P/WeatherApiCommon: com.weatherapi:weather-api-common:1.0.0 with classifier null to /WeatherApiCommon/target/classes
2024-05-19 18:12:33,381 [Worker-75: Launching WeatherApiService - WeatherApiServiceApplication] INFO  o.a.m.s.f.DefaultMavenResourcesFiltering - Copying 1 resource from src\main\resources to target\classes
2024-05-19 18:12:33,594 [Worker-75: Launching WeatherApiService - WeatherApiServiceApplication] INFO  o.a.m.s.f.DefaultMavenResourcesFiltering - Copying 0 resource from src\main\resources to target\classes
2024-05-19 18:12:33,617 [Worker-75: Launching WeatherApiService - WeatherApiServiceApplication] INFO  o.a.m.s.f.DefaultMavenResourcesFiltering - skip non existing resourceDirectory D:\project-java-spring\RestApiCourse\WeatherAPIs\WeatherApiProject\WeatherApiService\src\test\resources
2024-05-19 18:12:33,750 [Worker-75: Launching WeatherApiService - WeatherApiServiceApplication] INFO  o.e.m.c.i.p.WorkspaceClassifierResolverManager - Resolving P/WeatherApiCommon: com.weatherapi:weather-api-common:1.0.0 with classifier null to /WeatherApiCommon/target/classes
2024-05-19 18:12:33,815 [Worker-75: Launching WeatherApiService - WeatherApiServiceApplication] INFO  o.e.m.c.i.p.WorkspaceClassifierResolverManager - Resolving P/WeatherApiCommon: com.weatherapi:weather-api-common:1.0.0 with classifier null to /WeatherApiCommon/target/classes
2024-05-19 18:12:33,889 [Worker-75: Launching WeatherApiService - WeatherApiServiceApplication] INFO  o.e.m.c.i.p.WorkspaceClassifierResolverManager - Resolving P/WeatherApiCommon: com.weatherapi:weather-api-common:1.0.0 with classifier null to /WeatherApiCommon/target/classes
2024-05-19 18:13:24,109 [Worker-80: Launching WeatherApiService - WeatherApiServiceApplication] INFO  o.a.m.s.f.DefaultMavenResourcesFiltering - Copying 1 resource from src\main\resources to target\classes
2024-05-19 18:13:24,188 [Worker-80: Launching WeatherApiService - WeatherApiServiceApplication] INFO  o.a.m.s.f.DefaultMavenResourcesFiltering - Copying 0 resource from src\main\resources to target\classes
2024-05-19 18:13:24,190 [Worker-80: Launching WeatherApiService - WeatherApiServiceApplication] INFO  o.a.m.s.f.DefaultMavenResourcesFiltering - skip non existing resourceDirectory D:\project-java-spring\RestApiCourse\WeatherAPIs\WeatherApiProject\WeatherApiService\src\test\resources
2024-05-19 18:13:24,342 [Worker-80: Launching WeatherApiService - WeatherApiServiceApplication] INFO  o.e.m.c.i.p.WorkspaceClassifierResolverManager - Resolving P/WeatherApiCommon: com.weatherapi:weather-api-common:1.0.0 with classifier null to /WeatherApiCommon/target/classes
2024-05-19 18:13:24,441 [Worker-80: Launching WeatherApiService - WeatherApiServiceApplication] INFO  o.e.m.c.i.p.WorkspaceClassifierResolverManager - Resolving P/WeatherApiCommon: com.weatherapi:weather-api-common:1.0.0 with classifier null to /WeatherApiCommon/target/classes
2024-05-19 18:13:24,539 [Worker-80: Launching WeatherApiService - WeatherApiServiceApplication] INFO  o.e.m.c.i.p.WorkspaceClassifierResolverManager - Resolving P/WeatherApiCommon: com.weatherapi:weather-api-common:1.0.0 with classifier null to /WeatherApiCommon/target/classes
2024-05-19 18:17:45,821 [Worker-79: Launching WeatherApiService - WeatherApiServiceApplication] INFO  o.a.m.s.f.DefaultMavenResourcesFiltering - Copying 1 resource from src\main\resources to target\classes
2024-05-19 18:17:45,853 [Worker-79: Launching WeatherApiService - WeatherApiServiceApplication] INFO  o.a.m.s.f.DefaultMavenResourcesFiltering - Copying 0 resource from src\main\resources to target\classes
2024-05-19 18:17:45,863 [Worker-79: Launching WeatherApiService - WeatherApiServiceApplication] INFO  o.a.m.s.f.DefaultMavenResourcesFiltering - skip non existing resourceDirectory D:\project-java-spring\RestApiCourse\WeatherAPIs\WeatherApiProject\WeatherApiService\src\test\resources
2024-05-19 18:17:46,223 [Worker-79: Launching WeatherApiService - WeatherApiServiceApplication] INFO  o.e.m.c.i.p.WorkspaceClassifierResolverManager - Resolving P/WeatherApiCommon: com.weatherapi:weather-api-common:1.0.0 with classifier null to /WeatherApiCommon/target/classes
2024-05-19 18:17:46,337 [Worker-79: Launching WeatherApiService - WeatherApiServiceApplication] INFO  o.e.m.c.i.p.WorkspaceClassifierResolverManager - Resolving P/WeatherApiCommon: com.weatherapi:weather-api-common:1.0.0 with classifier null to /WeatherApiCommon/target/classes
2024-05-19 18:17:46,474 [Worker-79: Launching WeatherApiService - WeatherApiServiceApplication] INFO  o.e.m.c.i.p.WorkspaceClassifierResolverManager - Resolving P/WeatherApiCommon: com.weatherapi:weather-api-common:1.0.0 with classifier null to /WeatherApiCommon/target/classes
2024-05-20 09:01:55,172 [ForkJoinPool.commonPool-worker-4] INFO  o.s.s.s.o.s.c.s.PostProcessorRegistrationDelegate$BeanPostProcessorChecker - Bean 'sonarLintSpringAppConfig' of type [org.sonarsource.sonarlint.core.spring.SonarLintSpringAppConfig$$EnhancerBySpringCGLIB$$b0f3eeed] is not eligible for getting processed by all BeanPostProcessors (for example: not eligible for auto-proxying)
2024-05-20 09:01:55,257 [ForkJoinPool.commonPool-worker-4] INFO  o.s.s.s.o.s.c.s.PostProcessorRegistrationDelegate$BeanPostProcessorChecker - Bean 'provideClientEventBus' of type [com.google.common.eventbus.AsyncEventBus] is not eligible for getting processed by all BeanPostProcessors (for example: not eligible for auto-proxying)
2024-05-20 09:01:58,440 [Worker-12: Loading available Gradle versions] INFO  o.e.b.c.i.u.g.PublishedGradleVersions - Gradle version information cache is up-to-date. Trying to read.
2024-05-20 09:25:02,693 [Worker-3: Loading available Gradle versions] INFO  o.e.b.c.i.u.g.PublishedGradleVersions - Gradle version information cache is up-to-date. Trying to read.
2024-05-20 09:25:04,381 [ForkJoinPool.commonPool-worker-5] INFO  o.s.s.s.o.s.c.s.PostProcessorRegistrationDelegate$BeanPostProcessorChecker - Bean 'sonarLintSpringAppConfig' of type [org.sonarsource.sonarlint.core.spring.SonarLintSpringAppConfig$$EnhancerBySpringCGLIB$$a622e3e8] is not eligible for getting processed by all BeanPostProcessors (for example: not eligible for auto-proxying)
2024-05-20 09:25:04,514 [ForkJoinPool.commonPool-worker-5] INFO  o.s.s.s.o.s.c.s.PostProcessorRegistrationDelegate$BeanPostProcessorChecker - Bean 'provideClientEventBus' of type [com.google.common.eventbus.AsyncEventBus] is not eligible for getting processed by all BeanPostProcessors (for example: not eligible for auto-proxying)
2024-05-20 10:08:22,464 [Worker-26: Launching LocationRepositoryTests.testGetNotFound] INFO  o.a.m.s.f.DefaultMavenResourcesFiltering - Copying 1 resource from src\main\resources to target\classes
2024-05-20 10:08:22,507 [Worker-26: Launching LocationRepositoryTests.testGetNotFound] INFO  o.a.m.s.f.DefaultMavenResourcesFiltering - Copying 0 resource from src\main\resources to target\classes
2024-05-20 10:08:22,512 [Worker-26: Launching LocationRepositoryTests.testGetNotFound] INFO  o.a.m.s.f.DefaultMavenResourcesFiltering - skip non existing resourceDirectory D:\project-java-spring\RestApiCourse\WeatherAPIs\WeatherApiProject\WeatherApiCommon\src\test\resources
2024-05-20 10:08:24,430 [Worker-26: Launching LocationRepositoryTests.testGetNotFound] INFO  o.e.m.c.i.p.WorkspaceClassifierResolverManager - Resolving P/WeatherApiCommon: com.weatherapi:weather-api-common:1.0.0 with classifier  to /WeatherApiCommon/target/classes
2024-05-20 10:08:24,521 [Worker-26: Launching LocationRepositoryTests.testGetNotFound] INFO  o.a.m.s.f.DefaultMavenResourcesFiltering - Copying 1 resource from src\main\resources to target\classes
2024-05-20 10:08:24,541 [Worker-26: Launching LocationRepositoryTests.testGetNotFound] INFO  o.a.m.s.f.DefaultMavenResourcesFiltering - Copying 0 resource from src\main\resources to target\classes
2024-05-20 10:08:24,544 [Worker-26: Launching LocationRepositoryTests.testGetNotFound] INFO  o.a.m.s.f.DefaultMavenResourcesFiltering - skip non existing resourceDirectory D:\project-java-spring\RestApiCourse\WeatherAPIs\WeatherApiProject\WeatherApiService\src\test\resources
2024-05-20 10:08:25,110 [Worker-26: Launching LocationRepositoryTests.testGetNotFound] INFO  o.e.m.c.i.p.WorkspaceClassifierResolverManager - Resolving P/WeatherApiCommon: com.weatherapi:weather-api-common:1.0.0 with classifier null to /WeatherApiCommon/target/classes
2024-05-20 10:08:25,308 [Worker-26: Launching LocationRepositoryTests.testGetNotFound] INFO  o.e.m.c.i.p.WorkspaceClassifierResolverManager - Resolving P/WeatherApiCommon: com.weatherapi:weather-api-common:1.0.0 with classifier null to /WeatherApiCommon/target/classes
2024-05-21 09:35:57,720 [ForkJoinPool.commonPool-worker-1] INFO  o.s.s.s.o.s.c.s.PostProcessorRegistrationDelegate$BeanPostProcessorChecker - Bean 'sonarLintSpringAppConfig' of type [org.sonarsource.sonarlint.core.spring.SonarLintSpringAppConfig$$EnhancerBySpringCGLIB$$f68a2c45] is not eligible for getting processed by all BeanPostProcessors (for example: not eligible for auto-proxying)
2024-05-21 09:35:58,526 [ForkJoinPool.commonPool-worker-1] INFO  o.s.s.s.o.s.c.s.PostProcessorRegistrationDelegate$BeanPostProcessorChecker - Bean 'provideClientEventBus' of type [com.google.common.eventbus.AsyncEventBus] is not eligible for getting processed by all BeanPostProcessors (for example: not eligible for auto-proxying)
2024-05-21 09:36:04,467 [Worker-11: Loading available Gradle versions] INFO  o.e.b.c.i.u.g.PublishedGradleVersions - Gradle version information cache is up-to-date. Trying to read.
2024-05-21 09:39:38,425 [Worker-1: Launching LocationRepositoryTests.testGetSuccess] INFO  o.e.m.c.i.p.WorkspaceClassifierResolverManager - Resolving P/WeatherApiCommon: com.weatherapi:weather-api-common:1.0.0 with classifier  to /WeatherApiCommon/target/classes
2024-05-21 09:39:39,409 [Worker-1: Launching LocationRepositoryTests.testGetSuccess] INFO  o.a.m.s.f.DefaultMavenResourcesFiltering - Copying 1 resource from src\main\resources to target\classes
2024-05-21 09:39:39,539 [Worker-1: Launching LocationRepositoryTests.testGetSuccess] INFO  o.a.m.s.f.DefaultMavenResourcesFiltering - Copying 0 resource from src\main\resources to target\classes
2024-05-21 09:39:39,542 [Worker-1: Launching LocationRepositoryTests.testGetSuccess] INFO  o.a.m.s.f.DefaultMavenResourcesFiltering - skip non existing resourceDirectory D:\project-java-spring\RestApiCourse\WeatherAPIs\WeatherApiProject\WeatherApiService\src\test\resources
2024-05-21 09:39:40,655 [Worker-1: Launching LocationRepositoryTests.testGetSuccess] INFO  o.e.m.c.i.p.WorkspaceClassifierResolverManager - Resolving P/WeatherApiCommon: com.weatherapi:weather-api-common:1.0.0 with classifier null to /WeatherApiCommon/target/classes
2024-05-21 09:39:40,818 [Worker-1: Launching LocationRepositoryTests.testGetSuccess] INFO  o.e.m.c.i.p.WorkspaceClassifierResolverManager - Resolving P/WeatherApiCommon: com.weatherapi:weather-api-common:1.0.0 with classifier null to /WeatherApiCommon/target/classes
2024-05-21 10:19:18,532 [Worker-30: Launching LocationApiControllerTests.testGetShouldReturn405MethodNotAllowed] INFO  o.a.m.s.f.DefaultMavenResourcesFiltering - Copying 1 resource from src\main\resources to target\classes
2024-05-21 10:19:18,616 [Worker-30: Launching LocationApiControllerTests.testGetShouldReturn405MethodNotAllowed] INFO  o.a.m.s.f.DefaultMavenResourcesFiltering - Copying 0 resource from src\main\resources to target\classes
2024-05-21 10:19:18,619 [Worker-30: Launching LocationApiControllerTests.testGetShouldReturn405MethodNotAllowed] INFO  o.a.m.s.f.DefaultMavenResourcesFiltering - skip non existing resourceDirectory D:\project-java-spring\RestApiCourse\WeatherAPIs\WeatherApiProject\WeatherApiService\src\test\resources
2024-05-21 10:19:18,894 [Worker-30: Launching LocationApiControllerTests.testGetShouldReturn405MethodNotAllowed] INFO  o.e.m.c.i.p.WorkspaceClassifierResolverManager - Resolving P/WeatherApiCommon: com.weatherapi:weather-api-common:1.0.0 with classifier null to /WeatherApiCommon/target/classes
2024-05-21 10:19:19,010 [Worker-30: Launching LocationApiControllerTests.testGetShouldReturn405MethodNotAllowed] INFO  o.e.m.c.i.p.WorkspaceClassifierResolverManager - Resolving P/WeatherApiCommon: com.weatherapi:weather-api-common:1.0.0 with classifier null to /WeatherApiCommon/target/classes
2024-05-21 10:22:10,150 [Worker-34: Launching LocationApiControllerTests.testGetShouldReturn404NotFound] INFO  o.a.m.s.f.DefaultMavenResourcesFiltering - Copying 0 resource from src\main\resources to target\classes
2024-05-21 10:22:10,150 [Worker-34: Launching LocationApiControllerTests.testGetShouldReturn404NotFound] INFO  o.a.m.s.f.DefaultMavenResourcesFiltering - Copying 0 resource from src\main\resources to target\classes
2024-05-21 10:22:10,153 [Worker-34: Launching LocationApiControllerTests.testGetShouldReturn404NotFound] INFO  o.a.m.s.f.DefaultMavenResourcesFiltering - skip non existing resourceDirectory D:\project-java-spring\RestApiCourse\WeatherAPIs\WeatherApiProject\WeatherApiService\src\test\resources
2024-05-21 10:22:10,380 [Worker-34: Launching LocationApiControllerTests.testGetShouldReturn404NotFound] INFO  o.e.m.c.i.p.WorkspaceClassifierResolverManager - Resolving P/WeatherApiCommon: com.weatherapi:weather-api-common:1.0.0 with classifier null to /WeatherApiCommon/target/classes
2024-05-21 10:22:10,495 [Worker-34: Launching LocationApiControllerTests.testGetShouldReturn404NotFound] INFO  o.e.m.c.i.p.WorkspaceClassifierResolverManager - Resolving P/WeatherApiCommon: com.weatherapi:weather-api-common:1.0.0 with classifier null to /WeatherApiCommon/target/classes
2024-05-21 10:29:05,335 [Worker-32: Launching LocationApiControllerTests.testGetShouldReturn200OK] INFO  o.a.m.s.f.DefaultMavenResourcesFiltering - Copying 0 resource from src\main\resources to target\classes
2024-05-21 10:29:05,337 [Worker-32: Launching LocationApiControllerTests.testGetShouldReturn200OK] INFO  o.a.m.s.f.DefaultMavenResourcesFiltering - Copying 0 resource from src\main\resources to target\classes
2024-05-21 10:29:05,342 [Worker-32: Launching LocationApiControllerTests.testGetShouldReturn200OK] INFO  o.a.m.s.f.DefaultMavenResourcesFiltering - skip non existing resourceDirectory D:\project-java-spring\RestApiCourse\WeatherAPIs\WeatherApiProject\WeatherApiService\src\test\resources
2024-05-21 10:29:05,616 [Worker-32: Launching LocationApiControllerTests.testGetShouldReturn200OK] INFO  o.e.m.c.i.p.WorkspaceClassifierResolverManager - Resolving P/WeatherApiCommon: com.weatherapi:weather-api-common:1.0.0 with classifier null to /WeatherApiCommon/target/classes
2024-05-21 10:29:05,726 [Worker-32: Launching LocationApiControllerTests.testGetShouldReturn200OK] INFO  o.e.m.c.i.p.WorkspaceClassifierResolverManager - Resolving P/WeatherApiCommon: com.weatherapi:weather-api-common:1.0.0 with classifier null to /WeatherApiCommon/target/classes
2024-05-21 10:30:32,819 [Worker-28: Launching Rerun testGetShouldReturn200OK()] INFO  o.e.m.c.i.p.WorkspaceClassifierResolverManager - Resolving P/WeatherApiCommon: com.weatherapi:weather-api-common:1.0.0 with classifier null to /WeatherApiCommon/target/classes
2024-05-21 10:30:32,943 [Worker-28: Launching Rerun testGetShouldReturn200OK()] INFO  o.e.m.c.i.p.WorkspaceClassifierResolverManager - Resolving P/WeatherApiCommon: com.weatherapi:weather-api-common:1.0.0 with classifier null to /WeatherApiCommon/target/classes
2024-05-21 10:54:20,901 [Worker-28: Launching LocationApiControllerTests.testGetShouldReturn200OK] INFO  o.e.m.c.i.p.WorkspaceClassifierResolverManager - Resolving P/WeatherApiCommon: com.weatherapi:weather-api-common:1.0.0 with classifier null to /WeatherApiCommon/target/classes
2024-05-21 10:54:21,139 [Worker-28: Launching LocationApiControllerTests.testGetShouldReturn200OK] INFO  o.e.m.c.i.p.WorkspaceClassifierResolverManager - Resolving P/WeatherApiCommon: com.weatherapi:weather-api-common:1.0.0 with classifier null to /WeatherApiCommon/target/classes
2024-05-21 10:56:25,594 [Worker-36: Launching LocationApiControllerTests.testGetShouldReturn200OK] INFO  o.a.m.s.f.DefaultMavenResourcesFiltering - Copying 0 resource from src\main\resources to target\classes
2024-05-21 10:56:25,600 [Worker-36: Launching LocationApiControllerTests.testGetShouldReturn200OK] INFO  o.a.m.s.f.DefaultMavenResourcesFiltering - Copying 0 resource from src\main\resources to target\classes
2024-05-21 10:56:25,604 [Worker-36: Launching LocationApiControllerTests.testGetShouldReturn200OK] INFO  o.a.m.s.f.DefaultMavenResourcesFiltering - skip non existing resourceDirectory D:\project-java-spring\RestApiCourse\WeatherAPIs\WeatherApiProject\WeatherApiService\src\test\resources
2024-05-21 10:56:25,922 [Worker-36: Launching LocationApiControllerTests.testGetShouldReturn200OK] INFO  o.e.m.c.i.p.WorkspaceClassifierResolverManager - Resolving P/WeatherApiCommon: com.weatherapi:weather-api-common:1.0.0 with classifier null to /WeatherApiCommon/target/classes
2024-05-21 10:56:26,116 [Worker-36: Launching LocationApiControllerTests.testGetShouldReturn200OK] INFO  o.e.m.c.i.p.WorkspaceClassifierResolverManager - Resolving P/WeatherApiCommon: com.weatherapi:weather-api-common:1.0.0 with classifier null to /WeatherApiCommon/target/classes
2024-05-21 10:57:21,579 [Worker-43: Launching LocationApiControllerTests.testGetShouldReturn200OK] INFO  o.a.m.s.f.DefaultMavenResourcesFiltering - Copying 0 resource from src\main\resources to target\classes
2024-05-21 10:57:21,584 [Worker-43: Launching LocationApiControllerTests.testGetShouldReturn200OK] INFO  o.a.m.s.f.DefaultMavenResourcesFiltering - Copying 0 resource from src\main\resources to target\classes
2024-05-21 10:57:21,586 [Worker-43: Launching LocationApiControllerTests.testGetShouldReturn200OK] INFO  o.a.m.s.f.DefaultMavenResourcesFiltering - skip non existing resourceDirectory D:\project-java-spring\RestApiCourse\WeatherAPIs\WeatherApiProject\WeatherApiService\src\test\resources
2024-05-21 10:57:21,766 [Worker-43: Launching LocationApiControllerTests.testGetShouldReturn200OK] INFO  o.e.m.c.i.p.WorkspaceClassifierResolverManager - Resolving P/WeatherApiCommon: com.weatherapi:weather-api-common:1.0.0 with classifier null to /WeatherApiCommon/target/classes
2024-05-21 10:57:21,901 [Worker-43: Launching LocationApiControllerTests.testGetShouldReturn200OK] INFO  o.e.m.c.i.p.WorkspaceClassifierResolverManager - Resolving P/WeatherApiCommon: com.weatherapi:weather-api-common:1.0.0 with classifier null to /WeatherApiCommon/target/classes
2024-05-21 10:59:14,070 [Worker-45: Launching WeatherApiService - WeatherApiServiceApplication] INFO  o.e.m.c.i.p.WorkspaceClassifierResolverManager - Resolving P/WeatherApiCommon: com.weatherapi:weather-api-common:1.0.0 with classifier null to /WeatherApiCommon/target/classes
2024-05-21 10:59:14,206 [Worker-45: Launching WeatherApiService - WeatherApiServiceApplication] INFO  o.e.m.c.i.p.WorkspaceClassifierResolverManager - Resolving P/WeatherApiCommon: com.weatherapi:weather-api-common:1.0.0 with classifier null to /WeatherApiCommon/target/classes
2024-05-21 10:59:14,331 [Worker-45: Launching WeatherApiService - WeatherApiServiceApplication] INFO  o.e.m.c.i.p.WorkspaceClassifierResolverManager - Resolving P/WeatherApiCommon: com.weatherapi:weather-api-common:1.0.0 with classifier null to /WeatherApiCommon/target/classes
2024-05-21 14:21:33,280 [Worker-5: Loading available Gradle versions] INFO  o.e.b.c.i.u.g.PublishedGradleVersions - Gradle version information cache is up-to-date. Trying to read.
2024-05-21 14:21:40,784 [ForkJoinPool.commonPool-worker-6] INFO  o.s.s.s.o.s.c.s.PostProcessorRegistrationDelegate$BeanPostProcessorChecker - Bean 'sonarLintSpringAppConfig' of type [org.sonarsource.sonarlint.core.spring.SonarLintSpringAppConfig$$EnhancerBySpringCGLIB$$dfa96213] is not eligible for getting processed by all BeanPostProcessors (for example: not eligible for auto-proxying)
2024-05-21 14:21:40,988 [ForkJoinPool.commonPool-worker-6] INFO  o.s.s.s.o.s.c.s.PostProcessorRegistrationDelegate$BeanPostProcessorChecker - Bean 'provideClientEventBus' of type [com.google.common.eventbus.AsyncEventBus] is not eligible for getting processed by all BeanPostProcessors (for example: not eligible for auto-proxying)
2024-05-21 15:51:00,179 [Worker-39: Launching LocationApiControllerTests.testUpdateShouldReturn404NotFound] INFO  o.e.m.c.i.p.WorkspaceClassifierResolverManager - Resolving P/WeatherApiCommon: com.weatherapi:weather-api-common:1.0.0 with classifier  to /WeatherApiCommon/target/classes
2024-05-21 15:51:01,885 [Worker-39: Launching LocationApiControllerTests.testUpdateShouldReturn404NotFound] INFO  o.a.m.s.f.DefaultMavenResourcesFiltering - Copying 1 resource from src\main\resources to target\classes
2024-05-21 15:51:02,064 [Worker-39: Launching LocationApiControllerTests.testUpdateShouldReturn404NotFound] INFO  o.a.m.s.f.DefaultMavenResourcesFiltering - Copying 0 resource from src\main\resources to target\classes
2024-05-21 15:51:02,067 [Worker-39: Launching LocationApiControllerTests.testUpdateShouldReturn404NotFound] INFO  o.a.m.s.f.DefaultMavenResourcesFiltering - skip non existing resourceDirectory D:\project-java-spring\RestApiCourse\WeatherAPIs\WeatherApiProject\WeatherApiService\src\test\resources
2024-05-21 15:51:03,394 [Worker-39: Launching LocationApiControllerTests.testUpdateShouldReturn404NotFound] INFO  o.e.m.c.i.p.WorkspaceClassifierResolverManager - Resolving P/WeatherApiCommon: com.weatherapi:weather-api-common:1.0.0 with classifier null to /WeatherApiCommon/target/classes
2024-05-21 15:51:03,572 [Worker-39: Launching LocationApiControllerTests.testUpdateShouldReturn404NotFound] INFO  o.e.m.c.i.p.WorkspaceClassifierResolverManager - Resolving P/WeatherApiCommon: com.weatherapi:weather-api-common:1.0.0 with classifier null to /WeatherApiCommon/target/classes
2024-05-21 15:53:20,393 [Worker-44: Launching LocationApiControllerTests.testUpdateShouldReturn404NotFound] INFO  o.a.m.s.f.DefaultMavenResourcesFiltering - Copying 0 resource from src\main\resources to target\classes
2024-05-21 15:53:20,399 [Worker-44: Launching LocationApiControllerTests.testUpdateShouldReturn404NotFound] INFO  o.a.m.s.f.DefaultMavenResourcesFiltering - Copying 0 resource from src\main\resources to target\classes
2024-05-21 15:53:20,407 [Worker-44: Launching LocationApiControllerTests.testUpdateShouldReturn404NotFound] INFO  o.a.m.s.f.DefaultMavenResourcesFiltering - skip non existing resourceDirectory D:\project-java-spring\RestApiCourse\WeatherAPIs\WeatherApiProject\WeatherApiService\src\test\resources
2024-05-21 15:53:20,839 [Worker-44: Launching LocationApiControllerTests.testUpdateShouldReturn404NotFound] INFO  o.e.m.c.i.p.WorkspaceClassifierResolverManager - Resolving P/WeatherApiCommon: com.weatherapi:weather-api-common:1.0.0 with classifier null to /WeatherApiCommon/target/classes
2024-05-21 15:53:21,181 [Worker-44: Launching LocationApiControllerTests.testUpdateShouldReturn404NotFound] INFO  o.e.m.c.i.p.WorkspaceClassifierResolverManager - Resolving P/WeatherApiCommon: com.weatherapi:weather-api-common:1.0.0 with classifier null to /WeatherApiCommon/target/classes
2024-05-21 15:55:41,526 [Worker-46: Launching LocationApiControllerTests.testUpdateShouldReturn400BadRequest] INFO  o.a.m.s.f.DefaultMavenResourcesFiltering - Copying 0 resource from src\main\resources to target\classes
2024-05-21 15:55:41,531 [Worker-46: Launching LocationApiControllerTests.testUpdateShouldReturn400BadRequest] INFO  o.a.m.s.f.DefaultMavenResourcesFiltering - Copying 0 resource from src\main\resources to target\classes
2024-05-21 15:55:41,536 [Worker-46: Launching LocationApiControllerTests.testUpdateShouldReturn400BadRequest] INFO  o.a.m.s.f.DefaultMavenResourcesFiltering - skip non existing resourceDirectory D:\project-java-spring\RestApiCourse\WeatherAPIs\WeatherApiProject\WeatherApiService\src\test\resources
2024-05-21 15:55:41,930 [Worker-46: Launching LocationApiControllerTests.testUpdateShouldReturn400BadRequest] INFO  o.e.m.c.i.p.WorkspaceClassifierResolverManager - Resolving P/WeatherApiCommon: com.weatherapi:weather-api-common:1.0.0 with classifier null to /WeatherApiCommon/target/classes
2024-05-21 15:55:42,176 [Worker-46: Launching LocationApiControllerTests.testUpdateShouldReturn400BadRequest] INFO  o.e.m.c.i.p.WorkspaceClassifierResolverManager - Resolving P/WeatherApiCommon: com.weatherapi:weather-api-common:1.0.0 with classifier null to /WeatherApiCommon/target/classes
2024-05-21 15:56:10,926 [Worker-46: Launching LocationApiControllerTests.testUpdateShouldReturn404NotFound] INFO  o.e.m.c.i.p.WorkspaceClassifierResolverManager - Resolving P/WeatherApiCommon: com.weatherapi:weather-api-common:1.0.0 with classifier null to /WeatherApiCommon/target/classes
2024-05-21 15:56:11,133 [Worker-46: Launching LocationApiControllerTests.testUpdateShouldReturn404NotFound] INFO  o.e.m.c.i.p.WorkspaceClassifierResolverManager - Resolving P/WeatherApiCommon: com.weatherapi:weather-api-common:1.0.0 with classifier null to /WeatherApiCommon/target/classes
2024-05-21 15:57:30,705 [Worker-47: Launching LocationApiControllerTests.testUpdateShouldReturn404NotFound] INFO  o.a.m.s.f.DefaultMavenResourcesFiltering - Copying 0 resource from src\main\resources to target\classes
2024-05-21 15:57:30,708 [Worker-47: Launching LocationApiControllerTests.testUpdateShouldReturn404NotFound] INFO  o.a.m.s.f.DefaultMavenResourcesFiltering - Copying 0 resource from src\main\resources to target\classes
2024-05-21 15:57:30,713 [Worker-47: Launching LocationApiControllerTests.testUpdateShouldReturn404NotFound] INFO  o.a.m.s.f.DefaultMavenResourcesFiltering - skip non existing resourceDirectory D:\project-java-spring\RestApiCourse\WeatherAPIs\WeatherApiProject\WeatherApiService\src\test\resources
2024-05-21 15:57:31,122 [Worker-47: Launching LocationApiControllerTests.testUpdateShouldReturn404NotFound] INFO  o.e.m.c.i.p.WorkspaceClassifierResolverManager - Resolving P/WeatherApiCommon: com.weatherapi:weather-api-common:1.0.0 with classifier null to /WeatherApiCommon/target/classes
2024-05-21 15:57:31,420 [Worker-47: Launching LocationApiControllerTests.testUpdateShouldReturn404NotFound] INFO  o.e.m.c.i.p.WorkspaceClassifierResolverManager - Resolving P/WeatherApiCommon: com.weatherapi:weather-api-common:1.0.0 with classifier null to /WeatherApiCommon/target/classes
2024-05-21 16:02:35,977 [Worker-44: Launching LocationApiControllerTests.testPutShouldReturn200OK] INFO  o.a.m.s.f.DefaultMavenResourcesFiltering - Copying 0 resource from src\main\resources to target\classes
2024-05-21 16:02:35,980 [Worker-44: Launching LocationApiControllerTests.testPutShouldReturn200OK] INFO  o.a.m.s.f.DefaultMavenResourcesFiltering - Copying 0 resource from src\main\resources to target\classes
2024-05-21 16:02:35,984 [Worker-44: Launching LocationApiControllerTests.testPutShouldReturn200OK] INFO  o.a.m.s.f.DefaultMavenResourcesFiltering - skip non existing resourceDirectory D:\project-java-spring\RestApiCourse\WeatherAPIs\WeatherApiProject\WeatherApiService\src\test\resources
2024-05-21 16:02:36,404 [Worker-44: Launching LocationApiControllerTests.testPutShouldReturn200OK] INFO  o.e.m.c.i.p.WorkspaceClassifierResolverManager - Resolving P/WeatherApiCommon: com.weatherapi:weather-api-common:1.0.0 with classifier null to /WeatherApiCommon/target/classes
2024-05-21 16:02:36,598 [Worker-44: Launching LocationApiControllerTests.testPutShouldReturn200OK] INFO  o.e.m.c.i.p.WorkspaceClassifierResolverManager - Resolving P/WeatherApiCommon: com.weatherapi:weather-api-common:1.0.0 with classifier null to /WeatherApiCommon/target/classes
2024-05-21 16:04:20,037 [Worker-47: Launching LocationApiControllerTests.testListShouldReturn200OK] INFO  o.a.m.s.f.DefaultMavenResourcesFiltering - Copying 0 resource from src\main\resources to target\classes
2024-05-21 16:04:20,043 [Worker-47: Launching LocationApiControllerTests.testListShouldReturn200OK] INFO  o.a.m.s.f.DefaultMavenResourcesFiltering - Copying 0 resource from src\main\resources to target\classes
2024-05-21 16:04:20,047 [Worker-47: Launching LocationApiControllerTests.testListShouldReturn200OK] INFO  o.a.m.s.f.DefaultMavenResourcesFiltering - skip non existing resourceDirectory D:\project-java-spring\RestApiCourse\WeatherAPIs\WeatherApiProject\WeatherApiService\src\test\resources
2024-05-21 16:04:20,368 [Worker-47: Launching LocationApiControllerTests.testListShouldReturn200OK] INFO  o.e.m.c.i.p.WorkspaceClassifierResolverManager - Resolving P/WeatherApiCommon: com.weatherapi:weather-api-common:1.0.0 with classifier null to /WeatherApiCommon/target/classes
2024-05-21 16:04:20,500 [Worker-47: Launching LocationApiControllerTests.testListShouldReturn200OK] INFO  o.e.m.c.i.p.WorkspaceClassifierResolverManager - Resolving P/WeatherApiCommon: com.weatherapi:weather-api-common:1.0.0 with classifier null to /WeatherApiCommon/target/classes
2024-05-21 16:05:18,308 [Worker-42: Launching LocationApiControllerTests.testPutShouldReturn200OK] INFO  o.e.m.c.i.p.WorkspaceClassifierResolverManager - Resolving P/WeatherApiCommon: com.weatherapi:weather-api-common:1.0.0 with classifier null to /WeatherApiCommon/target/classes
2024-05-21 16:05:18,419 [Worker-42: Launching LocationApiControllerTests.testPutShouldReturn200OK] INFO  o.e.m.c.i.p.WorkspaceClassifierResolverManager - Resolving P/WeatherApiCommon: com.weatherapi:weather-api-common:1.0.0 with classifier null to /WeatherApiCommon/target/classes
2024-05-21 16:06:08,548 [Worker-39: Launching LocationApiControllerTests.testPutShouldReturn200OK] INFO  o.a.m.s.f.DefaultMavenResourcesFiltering - Copying 0 resource from src\main\resources to target\classes
2024-05-21 16:06:08,551 [Worker-39: Launching LocationApiControllerTests.testPutShouldReturn200OK] INFO  o.a.m.s.f.DefaultMavenResourcesFiltering - Copying 0 resource from src\main\resources to target\classes
2024-05-21 16:06:08,558 [Worker-39: Launching LocationApiControllerTests.testPutShouldReturn200OK] INFO  o.a.m.s.f.DefaultMavenResourcesFiltering - skip non existing resourceDirectory D:\project-java-spring\RestApiCourse\WeatherAPIs\WeatherApiProject\WeatherApiService\src\test\resources
2024-05-21 16:06:08,812 [Worker-39: Launching LocationApiControllerTests.testPutShouldReturn200OK] INFO  o.e.m.c.i.p.WorkspaceClassifierResolverManager - Resolving P/WeatherApiCommon: com.weatherapi:weather-api-common:1.0.0 with classifier null to /WeatherApiCommon/target/classes
2024-05-21 16:06:09,047 [Worker-39: Launching LocationApiControllerTests.testPutShouldReturn200OK] INFO  o.e.m.c.i.p.WorkspaceClassifierResolverManager - Resolving P/WeatherApiCommon: com.weatherapi:weather-api-common:1.0.0 with classifier null to /WeatherApiCommon/target/classes
2024-05-21 16:09:14,064 [Worker-44: Launching WeatherApiService - WeatherApiServiceApplication] INFO  o.e.m.c.i.p.WorkspaceClassifierResolverManager - Resolving P/WeatherApiCommon: com.weatherapi:weather-api-common:1.0.0 with classifier null to /WeatherApiCommon/target/classes
2024-05-21 16:09:14,159 [Worker-44: Launching WeatherApiService - WeatherApiServiceApplication] INFO  o.e.m.c.i.p.WorkspaceClassifierResolverManager - Resolving P/WeatherApiCommon: com.weatherapi:weather-api-common:1.0.0 with classifier null to /WeatherApiCommon/target/classes
2024-05-21 16:09:14,245 [Worker-44: Launching WeatherApiService - WeatherApiServiceApplication] INFO  o.e.m.c.i.p.WorkspaceClassifierResolverManager - Resolving P/WeatherApiCommon: com.weatherapi:weather-api-common:1.0.0 with classifier null to /WeatherApiCommon/target/classes
2024-05-21 20:47:54,349 [ForkJoinPool.commonPool-worker-4] INFO  o.s.s.s.o.s.c.s.PostProcessorRegistrationDelegate$BeanPostProcessorChecker - Bean 'sonarLintSpringAppConfig' of type [org.sonarsource.sonarlint.core.spring.SonarLintSpringAppConfig$$EnhancerBySpringCGLIB$$920266c3] is not eligible for getting processed by all BeanPostProcessors (for example: not eligible for auto-proxying)
2024-05-21 20:47:54,423 [ForkJoinPool.commonPool-worker-4] INFO  o.s.s.s.o.s.c.s.PostProcessorRegistrationDelegate$BeanPostProcessorChecker - Bean 'provideClientEventBus' of type [com.google.common.eventbus.AsyncEventBus] is not eligible for getting processed by all BeanPostProcessors (for example: not eligible for auto-proxying)
2024-05-21 20:47:56,243 [Worker-13: Loading available Gradle versions] INFO  o.e.b.c.i.u.g.PublishedGradleVersions - Gradle version information cache is out-of-date. Trying to update.
2024-05-21 21:03:32,756 [Worker-21: Launching LocationRepositoryTests.testTrashSuccess] INFO  o.e.m.c.i.p.WorkspaceClassifierResolverManager - Resolving P/WeatherApiCommon: com.weatherapi:weather-api-common:1.0.0 with classifier  to /WeatherApiCommon/target/classes
2024-05-21 21:03:33,071 [Worker-21: Launching LocationRepositoryTests.testTrashSuccess] INFO  o.a.m.s.f.DefaultMavenResourcesFiltering - Copying 1 resource from src\main\resources to target\classes
2024-05-21 21:03:33,097 [Worker-21: Launching LocationRepositoryTests.testTrashSuccess] INFO  o.a.m.s.f.DefaultMavenResourcesFiltering - Copying 0 resource from src\main\resources to target\classes
2024-05-21 21:03:33,100 [Worker-21: Launching LocationRepositoryTests.testTrashSuccess] INFO  o.a.m.s.f.DefaultMavenResourcesFiltering - skip non existing resourceDirectory D:\project-java-spring\RestApiCourse\WeatherAPIs\WeatherApiProject\WeatherApiService\src\test\resources
2024-05-21 21:03:33,586 [Worker-21: Launching LocationRepositoryTests.testTrashSuccess] INFO  o.e.m.c.i.p.WorkspaceClassifierResolverManager - Resolving P/WeatherApiCommon: com.weatherapi:weather-api-common:1.0.0 with classifier null to /WeatherApiCommon/target/classes
2024-05-21 21:03:33,712 [Worker-21: Launching LocationRepositoryTests.testTrashSuccess] INFO  o.e.m.c.i.p.WorkspaceClassifierResolverManager - Resolving P/WeatherApiCommon: com.weatherapi:weather-api-common:1.0.0 with classifier null to /WeatherApiCommon/target/classes
2024-05-21 21:04:41,643 [Worker-22: Launching LocationRepositoryTests.testTrashSuccess] INFO  o.e.m.c.i.p.WorkspaceClassifierResolverManager - Resolving P/WeatherApiCommon: com.weatherapi:weather-api-common:1.0.0 with classifier null to /WeatherApiCommon/target/classes
2024-05-21 21:04:41,765 [Worker-22: Launching LocationRepositoryTests.testTrashSuccess] INFO  o.e.m.c.i.p.WorkspaceClassifierResolverManager - Resolving P/WeatherApiCommon: com.weatherapi:weather-api-common:1.0.0 with classifier null to /WeatherApiCommon/target/classes
2024-05-21 21:06:12,772 [Worker-23: Launching LocationRepositoryTests.testTrashSuccess] INFO  o.e.m.c.i.p.WorkspaceClassifierResolverManager - Resolving P/WeatherApiCommon: com.weatherapi:weather-api-common:1.0.0 with classifier null to /WeatherApiCommon/target/classes
2024-05-21 21:06:12,860 [Worker-23: Launching LocationRepositoryTests.testTrashSuccess] INFO  o.e.m.c.i.p.WorkspaceClassifierResolverManager - Resolving P/WeatherApiCommon: com.weatherapi:weather-api-common:1.0.0 with classifier null to /WeatherApiCommon/target/classes
2024-05-21 21:08:23,232 [Worker-25: Launching LocationRepositoryTests.testTrashSuccess] INFO  o.a.m.s.f.DefaultMavenResourcesFiltering - Copying 1 resource from src\main\resources to target\classes
2024-05-21 21:08:23,253 [Worker-25: Launching LocationRepositoryTests.testTrashSuccess] INFO  o.a.m.s.f.DefaultMavenResourcesFiltering - Copying 0 resource from src\main\resources to target\classes
2024-05-21 21:08:23,256 [Worker-25: Launching LocationRepositoryTests.testTrashSuccess] INFO  o.a.m.s.f.DefaultMavenResourcesFiltering - skip non existing resourceDirectory D:\project-java-spring\RestApiCourse\WeatherAPIs\WeatherApiProject\WeatherApiService\src\test\resources
2024-05-21 21:08:23,362 [Worker-25: Launching LocationRepositoryTests.testTrashSuccess] INFO  o.e.m.c.i.p.WorkspaceClassifierResolverManager - Resolving P/WeatherApiCommon: com.weatherapi:weather-api-common:1.0.0 with classifier null to /WeatherApiCommon/target/classes
2024-05-21 21:08:23,477 [Worker-25: Launching LocationRepositoryTests.testTrashSuccess] INFO  o.e.m.c.i.p.WorkspaceClassifierResolverManager - Resolving P/WeatherApiCommon: com.weatherapi:weather-api-common:1.0.0 with classifier null to /WeatherApiCommon/target/classes
2024-05-21 21:10:22,116 [Worker-21: Launching LocationRepositoryTests.testTrashSuccess] INFO  o.a.m.s.f.DefaultMavenResourcesFiltering - Copying 1 resource from src\main\resources to target\classes
2024-05-21 21:10:22,139 [Worker-21: Launching LocationRepositoryTests.testTrashSuccess] INFO  o.a.m.s.f.DefaultMavenResourcesFiltering - Copying 0 resource from src\main\resources to target\classes
2024-05-21 21:10:22,142 [Worker-21: Launching LocationRepositoryTests.testTrashSuccess] INFO  o.a.m.s.f.DefaultMavenResourcesFiltering - skip non existing resourceDirectory D:\project-java-spring\RestApiCourse\WeatherAPIs\WeatherApiProject\WeatherApiService\src\test\resources
2024-05-21 21:10:22,286 [Worker-21: Launching LocationRepositoryTests.testTrashSuccess] INFO  o.e.m.c.i.p.WorkspaceClassifierResolverManager - Resolving P/WeatherApiCommon: com.weatherapi:weather-api-common:1.0.0 with classifier null to /WeatherApiCommon/target/classes
2024-05-21 21:10:22,433 [Worker-21: Launching LocationRepositoryTests.testTrashSuccess] INFO  o.e.m.c.i.p.WorkspaceClassifierResolverManager - Resolving P/WeatherApiCommon: com.weatherapi:weather-api-common:1.0.0 with classifier null to /WeatherApiCommon/target/classes
2024-05-21 21:10:45,752 [Worker-23: Launching LocationRepositoryTests.testTrashSuccess] INFO  o.a.m.s.f.DefaultMavenResourcesFiltering - Copying 0 resource from src\main\resources to target\classes
2024-05-21 21:10:45,752 [Worker-23: Launching LocationRepositoryTests.testTrashSuccess] INFO  o.a.m.s.f.DefaultMavenResourcesFiltering - Copying 0 resource from src\main\resources to target\classes
2024-05-21 21:10:45,754 [Worker-23: Launching LocationRepositoryTests.testTrashSuccess] INFO  o.a.m.s.f.DefaultMavenResourcesFiltering - skip non existing resourceDirectory D:\project-java-spring\RestApiCourse\WeatherAPIs\WeatherApiProject\WeatherApiService\src\test\resources
2024-05-21 21:10:45,889 [Worker-23: Launching LocationRepositoryTests.testTrashSuccess] INFO  o.e.m.c.i.p.WorkspaceClassifierResolverManager - Resolving P/WeatherApiCommon: com.weatherapi:weather-api-common:1.0.0 with classifier null to /WeatherApiCommon/target/classes
2024-05-21 21:10:46,047 [Worker-23: Launching LocationRepositoryTests.testTrashSuccess] INFO  o.e.m.c.i.p.WorkspaceClassifierResolverManager - Resolving P/WeatherApiCommon: com.weatherapi:weather-api-common:1.0.0 with classifier null to /WeatherApiCommon/target/classes
2024-05-21 21:12:09,001 [Worker-17: Launching LocationRepositoryTests.testTrashSuccess] INFO  o.a.m.s.f.DefaultMavenResourcesFiltering - Copying 0 resource from src\main\resources to target\classes
2024-05-21 21:12:09,001 [Worker-17: Launching LocationRepositoryTests.testTrashSuccess] INFO  o.a.m.s.f.DefaultMavenResourcesFiltering - Copying 0 resource from src\main\resources to target\classes
2024-05-21 21:12:09,004 [Worker-17: Launching LocationRepositoryTests.testTrashSuccess] INFO  o.a.m.s.f.DefaultMavenResourcesFiltering - skip non existing resourceDirectory D:\project-java-spring\RestApiCourse\WeatherAPIs\WeatherApiProject\WeatherApiService\src\test\resources
2024-05-21 21:12:09,117 [Worker-17: Launching LocationRepositoryTests.testTrashSuccess] INFO  o.e.m.c.i.p.WorkspaceClassifierResolverManager - Resolving P/WeatherApiCommon: com.weatherapi:weather-api-common:1.0.0 with classifier null to /WeatherApiCommon/target/classes
2024-05-21 21:12:09,241 [Worker-17: Launching LocationRepositoryTests.testTrashSuccess] INFO  o.e.m.c.i.p.WorkspaceClassifierResolverManager - Resolving P/WeatherApiCommon: com.weatherapi:weather-api-common:1.0.0 with classifier null to /WeatherApiCommon/target/classes
2024-05-21 21:13:17,039 [Worker-23: Launching LocationRepositoryTests.testTrashSuccess] INFO  o.a.m.s.f.DefaultMavenResourcesFiltering - Copying 0 resource from src\main\resources to target\classes
2024-05-21 21:13:17,040 [Worker-23: Launching LocationRepositoryTests.testTrashSuccess] INFO  o.a.m.s.f.DefaultMavenResourcesFiltering - Copying 0 resource from src\main\resources to target\classes
2024-05-21 21:13:17,041 [Worker-23: Launching LocationRepositoryTests.testTrashSuccess] INFO  o.a.m.s.f.DefaultMavenResourcesFiltering - skip non existing resourceDirectory D:\project-java-spring\RestApiCourse\WeatherAPIs\WeatherApiProject\WeatherApiService\src\test\resources
2024-05-21 21:13:17,164 [Worker-23: Launching LocationRepositoryTests.testTrashSuccess] INFO  o.e.m.c.i.p.WorkspaceClassifierResolverManager - Resolving P/WeatherApiCommon: com.weatherapi:weather-api-common:1.0.0 with classifier null to /WeatherApiCommon/target/classes
2024-05-21 21:13:17,270 [Worker-23: Launching LocationRepositoryTests.testTrashSuccess] INFO  o.e.m.c.i.p.WorkspaceClassifierResolverManager - Resolving P/WeatherApiCommon: com.weatherapi:weather-api-common:1.0.0 with classifier null to /WeatherApiCommon/target/classes
2024-05-21 21:17:56,289 [Worker-17: Launching LocationRepositoryTests.testTrashSuccess] INFO  o.a.m.s.f.DefaultMavenResourcesFiltering - Copying 1 resource from src\main\resources to target\classes
2024-05-21 21:17:56,378 [Worker-17: Launching LocationRepositoryTests.testTrashSuccess] INFO  o.a.m.s.f.DefaultMavenResourcesFiltering - Copying 0 resource from src\main\resources to target\classes
2024-05-21 21:17:56,381 [Worker-17: Launching LocationRepositoryTests.testTrashSuccess] INFO  o.a.m.s.f.DefaultMavenResourcesFiltering - skip non existing resourceDirectory D:\project-java-spring\RestApiCourse\WeatherAPIs\WeatherApiProject\WeatherApiService\src\test\resources
2024-05-21 21:17:56,574 [Worker-17: Launching LocationRepositoryTests.testTrashSuccess] INFO  o.e.m.c.i.p.WorkspaceClassifierResolverManager - Resolving P/WeatherApiCommon: com.weatherapi:weather-api-common:1.0.0 with classifier null to /WeatherApiCommon/target/classes
2024-05-21 21:17:56,713 [Worker-17: Launching LocationRepositoryTests.testTrashSuccess] INFO  o.e.m.c.i.p.WorkspaceClassifierResolverManager - Resolving P/WeatherApiCommon: com.weatherapi:weather-api-common:1.0.0 with classifier null to /WeatherApiCommon/target/classes
2024-05-21 21:37:14,788 [Worker-37: Launching LocationApiControllerTests.testDeleteShouldReturn404NotFound] INFO  o.a.m.s.f.DefaultMavenResourcesFiltering - Copying 1 resource from src\main\resources to target\classes
2024-05-21 21:37:14,854 [Worker-37: Launching LocationApiControllerTests.testDeleteShouldReturn404NotFound] INFO  o.a.m.s.f.DefaultMavenResourcesFiltering - Copying 0 resource from src\main\resources to target\classes
2024-05-21 21:37:14,862 [Worker-37: Launching LocationApiControllerTests.testDeleteShouldReturn404NotFound] INFO  o.a.m.s.f.DefaultMavenResourcesFiltering - skip non existing resourceDirectory D:\project-java-spring\RestApiCourse\WeatherAPIs\WeatherApiProject\WeatherApiService\src\test\resources
2024-05-21 21:37:15,147 [Worker-37: Launching LocationApiControllerTests.testDeleteShouldReturn404NotFound] INFO  o.e.m.c.i.p.WorkspaceClassifierResolverManager - Resolving P/WeatherApiCommon: com.weatherapi:weather-api-common:1.0.0 with classifier null to /WeatherApiCommon/target/classes
2024-05-21 21:37:15,327 [Worker-37: Launching LocationApiControllerTests.testDeleteShouldReturn404NotFound] INFO  o.e.m.c.i.p.WorkspaceClassifierResolverManager - Resolving P/WeatherApiCommon: com.weatherapi:weather-api-common:1.0.0 with classifier null to /WeatherApiCommon/target/classes
2024-05-21 21:37:34,880 [Worker-30: Launching LocationApiControllerTests.testDeleteShouldReturn404NotFound] INFO  o.a.m.s.f.DefaultMavenResourcesFiltering - Copying 0 resource from src\main\resources to target\classes
2024-05-21 21:37:34,881 [Worker-30: Launching LocationApiControllerTests.testDeleteShouldReturn404NotFound] INFO  o.a.m.s.f.DefaultMavenResourcesFiltering - Copying 0 resource from src\main\resources to target\classes
2024-05-21 21:37:34,883 [Worker-30: Launching LocationApiControllerTests.testDeleteShouldReturn404NotFound] INFO  o.a.m.s.f.DefaultMavenResourcesFiltering - skip non existing resourceDirectory D:\project-java-spring\RestApiCourse\WeatherAPIs\WeatherApiProject\WeatherApiService\src\test\resources
2024-05-21 21:37:35,003 [Worker-30: Launching LocationApiControllerTests.testDeleteShouldReturn404NotFound] INFO  o.e.m.c.i.p.WorkspaceClassifierResolverManager - Resolving P/WeatherApiCommon: com.weatherapi:weather-api-common:1.0.0 with classifier null to /WeatherApiCommon/target/classes
2024-05-21 21:37:35,116 [Worker-30: Launching LocationApiControllerTests.testDeleteShouldReturn404NotFound] INFO  o.e.m.c.i.p.WorkspaceClassifierResolverManager - Resolving P/WeatherApiCommon: com.weatherapi:weather-api-common:1.0.0 with classifier null to /WeatherApiCommon/target/classes
2024-05-21 21:39:29,961 [Worker-38: Launching LocationApiControllerTests.testDeleteShouldReturn204NoContent] INFO  o.a.m.s.f.DefaultMavenResourcesFiltering - Copying 0 resource from src\main\resources to target\classes
2024-05-21 21:39:29,962 [Worker-38: Launching LocationApiControllerTests.testDeleteShouldReturn204NoContent] INFO  o.a.m.s.f.DefaultMavenResourcesFiltering - Copying 0 resource from src\main\resources to target\classes
2024-05-21 21:39:29,964 [Worker-38: Launching LocationApiControllerTests.testDeleteShouldReturn204NoContent] INFO  o.a.m.s.f.DefaultMavenResourcesFiltering - skip non existing resourceDirectory D:\project-java-spring\RestApiCourse\WeatherAPIs\WeatherApiProject\WeatherApiService\src\test\resources
2024-05-21 21:39:30,060 [Worker-38: Launching LocationApiControllerTests.testDeleteShouldReturn204NoContent] INFO  o.e.m.c.i.p.WorkspaceClassifierResolverManager - Resolving P/WeatherApiCommon: com.weatherapi:weather-api-common:1.0.0 with classifier null to /WeatherApiCommon/target/classes
2024-05-21 21:39:30,170 [Worker-38: Launching LocationApiControllerTests.testDeleteShouldReturn204NoContent] INFO  o.e.m.c.i.p.WorkspaceClassifierResolverManager - Resolving P/WeatherApiCommon: com.weatherapi:weather-api-common:1.0.0 with classifier null to /WeatherApiCommon/target/classes
2024-05-21 21:40:28,415 [Worker-30: Launching LocationApiControllerTests.testDeleteShouldReturn204NoContent] INFO  o.a.m.s.f.DefaultMavenResourcesFiltering - Copying 0 resource from src\main\resources to target\classes
2024-05-21 21:40:28,416 [Worker-30: Launching LocationApiControllerTests.testDeleteShouldReturn204NoContent] INFO  o.a.m.s.f.DefaultMavenResourcesFiltering - Copying 0 resource from src\main\resources to target\classes
2024-05-21 21:40:28,419 [Worker-30: Launching LocationApiControllerTests.testDeleteShouldReturn204NoContent] INFO  o.a.m.s.f.DefaultMavenResourcesFiltering - skip non existing resourceDirectory D:\project-java-spring\RestApiCourse\WeatherAPIs\WeatherApiProject\WeatherApiService\src\test\resources
2024-05-21 21:40:28,550 [Worker-30: Launching LocationApiControllerTests.testDeleteShouldReturn204NoContent] INFO  o.e.m.c.i.p.WorkspaceClassifierResolverManager - Resolving P/WeatherApiCommon: com.weatherapi:weather-api-common:1.0.0 with classifier null to /WeatherApiCommon/target/classes
2024-05-21 21:40:28,676 [Worker-30: Launching LocationApiControllerTests.testDeleteShouldReturn204NoContent] INFO  o.e.m.c.i.p.WorkspaceClassifierResolverManager - Resolving P/WeatherApiCommon: com.weatherapi:weather-api-common:1.0.0 with classifier null to /WeatherApiCommon/target/classes
2024-05-21 21:43:56,907 [Worker-33: Launching LocationApiControllerTests.testDeleteShouldReturn404NotFound] INFO  o.a.m.s.f.DefaultMavenResourcesFiltering - Copying 1 resource from src\main\resources to target\classes
2024-05-21 21:43:57,087 [Worker-33: Launching LocationApiControllerTests.testDeleteShouldReturn404NotFound] INFO  o.a.m.s.f.DefaultMavenResourcesFiltering - Copying 0 resource from src\main\resources to target\classes
2024-05-21 21:43:57,088 [Worker-33: Launching LocationApiControllerTests.testDeleteShouldReturn404NotFound] INFO  o.a.m.s.f.DefaultMavenResourcesFiltering - skip non existing resourceDirectory D:\project-java-spring\RestApiCourse\WeatherAPIs\WeatherApiProject\WeatherApiService\src\test\resources
2024-05-21 21:43:57,407 [Worker-33: Launching LocationApiControllerTests.testDeleteShouldReturn404NotFound] INFO  o.e.m.c.i.p.WorkspaceClassifierResolverManager - Resolving P/WeatherApiCommon: com.weatherapi:weather-api-common:1.0.0 with classifier null to /WeatherApiCommon/target/classes
2024-05-21 21:43:57,530 [Worker-33: Launching LocationApiControllerTests.testDeleteShouldReturn404NotFound] INFO  o.e.m.c.i.p.WorkspaceClassifierResolverManager - Resolving P/WeatherApiCommon: com.weatherapi:weather-api-common:1.0.0 with classifier null to /WeatherApiCommon/target/classes
2024-05-21 21:44:09,496 [Worker-36: Launching LocationApiControllerTests.testDeleteShouldReturn204NoContent] INFO  o.e.m.c.i.p.WorkspaceClassifierResolverManager - Resolving P/WeatherApiCommon: com.weatherapi:weather-api-common:1.0.0 with classifier null to /WeatherApiCommon/target/classes
2024-05-21 21:44:09,613 [Worker-36: Launching LocationApiControllerTests.testDeleteShouldReturn204NoContent] INFO  o.e.m.c.i.p.WorkspaceClassifierResolverManager - Resolving P/WeatherApiCommon: com.weatherapi:weather-api-common:1.0.0 with classifier null to /WeatherApiCommon/target/classes
2024-05-21 21:47:43,766 [Worker-32: Launching WeatherApiService - WeatherApiServiceApplication] INFO  o.e.m.c.i.p.WorkspaceClassifierResolverManager - Resolving P/WeatherApiCommon: com.weatherapi:weather-api-common:1.0.0 with classifier null to /WeatherApiCommon/target/classes
2024-05-21 21:47:43,876 [Worker-32: Launching WeatherApiService - WeatherApiServiceApplication] INFO  o.e.m.c.i.p.WorkspaceClassifierResolverManager - Resolving P/WeatherApiCommon: com.weatherapi:weather-api-common:1.0.0 with classifier null to /WeatherApiCommon/target/classes
2024-05-21 21:47:43,979 [Worker-32: Launching WeatherApiService - WeatherApiServiceApplication] INFO  o.e.m.c.i.p.WorkspaceClassifierResolverManager - Resolving P/WeatherApiCommon: com.weatherapi:weather-api-common:1.0.0 with classifier null to /WeatherApiCommon/target/classes
2024-05-21 21:51:56,645 [Worker-44: Launching LocationRepositoryTests.testTrashSuccess] INFO  o.a.m.s.f.DefaultMavenResourcesFiltering - Copying 1 resource from src\main\resources to target\classes
2024-05-21 21:51:56,811 [Worker-44: Launching LocationRepositoryTests.testTrashSuccess] INFO  o.a.m.s.f.DefaultMavenResourcesFiltering - Copying 0 resource from src\main\resources to target\classes
2024-05-21 21:51:56,815 [Worker-44: Launching LocationRepositoryTests.testTrashSuccess] INFO  o.a.m.s.f.DefaultMavenResourcesFiltering - skip non existing resourceDirectory D:\project-java-spring\RestApiCourse\WeatherAPIs\WeatherApiProject\WeatherApiService\src\test\resources
2024-05-21 21:51:57,049 [Worker-44: Launching LocationRepositoryTests.testTrashSuccess] INFO  o.e.m.c.i.p.WorkspaceClassifierResolverManager - Resolving P/WeatherApiCommon: com.weatherapi:weather-api-common:1.0.0 with classifier null to /WeatherApiCommon/target/classes
2024-05-21 21:51:57,221 [Worker-44: Launching LocationRepositoryTests.testTrashSuccess] INFO  o.e.m.c.i.p.WorkspaceClassifierResolverManager - Resolving P/WeatherApiCommon: com.weatherapi:weather-api-common:1.0.0 with classifier null to /WeatherApiCommon/target/classes
2024-05-21 21:52:50,494 [Worker-37: Launching WeatherApiService - WeatherApiServiceApplication] INFO  o.e.m.c.i.p.WorkspaceClassifierResolverManager - Resolving P/WeatherApiCommon: com.weatherapi:weather-api-common:1.0.0 with classifier null to /WeatherApiCommon/target/classes
2024-05-21 21:52:50,562 [Worker-37: Launching WeatherApiService - WeatherApiServiceApplication] INFO  o.e.m.c.i.p.WorkspaceClassifierResolverManager - Resolving P/WeatherApiCommon: com.weatherapi:weather-api-common:1.0.0 with classifier null to /WeatherApiCommon/target/classes
2024-05-21 21:52:50,668 [Worker-37: Launching WeatherApiService - WeatherApiServiceApplication] INFO  o.e.m.c.i.p.WorkspaceClassifierResolverManager - Resolving P/WeatherApiCommon: com.weatherapi:weather-api-common:1.0.0 with classifier null to /WeatherApiCommon/target/classes
2024-05-22 09:50:25,946 [ForkJoinPool.commonPool-worker-1] INFO  o.s.s.s.o.s.c.s.PostProcessorRegistrationDelegate$BeanPostProcessorChecker - Bean 'sonarLintSpringAppConfig' of type [org.sonarsource.sonarlint.core.spring.SonarLintSpringAppConfig$$EnhancerBySpringCGLIB$$36a1596e] is not eligible for getting processed by all BeanPostProcessors (for example: not eligible for auto-proxying)
2024-05-22 09:50:26,109 [ForkJoinPool.commonPool-worker-1] INFO  o.s.s.s.o.s.c.s.PostProcessorRegistrationDelegate$BeanPostProcessorChecker - Bean 'provideClientEventBus' of type [com.google.common.eventbus.AsyncEventBus] is not eligible for getting processed by all BeanPostProcessors (for example: not eligible for auto-proxying)
2024-05-22 09:50:28,208 [Worker-1: Loading available Gradle versions] INFO  o.e.b.c.i.u.g.PublishedGradleVersions - Gradle version information cache is up-to-date. Trying to read.
2024-05-22 10:30:50,791 [ForkJoinPool.commonPool-worker-4] INFO  o.s.s.s.o.s.c.s.PostProcessorRegistrationDelegate$BeanPostProcessorChecker - Bean 'sonarLintSpringAppConfig' of type [org.sonarsource.sonarlint.core.spring.SonarLintSpringAppConfig$$EnhancerBySpringCGLIB$$7edd5629] is not eligible for getting processed by all BeanPostProcessors (for example: not eligible for auto-proxying)
2024-05-22 10:30:51,084 [ForkJoinPool.commonPool-worker-4] INFO  o.s.s.s.o.s.c.s.PostProcessorRegistrationDelegate$BeanPostProcessorChecker - Bean 'provideClientEventBus' of type [com.google.common.eventbus.AsyncEventBus] is not eligible for getting processed by all BeanPostProcessors (for example: not eligible for auto-proxying)
2024-05-22 10:30:53,140 [Worker-12: Loading available Gradle versions] INFO  o.e.b.c.i.u.g.PublishedGradleVersions - Gradle version information cache is up-to-date. Trying to read.
2024-05-22 13:35:49,932 [Worker-42: Check for devtools] INFO  o.e.m.c.i.p.WorkspaceClassifierResolverManager - Resolving P/WeatherApiCommon: com.weatherapi:weather-api-common:1.0.0 with classifier  to /WeatherApiCommon/target/classes
2024-05-22 14:02:36,505 [Worker-52: Launching WeatherApiService - WeatherApiServiceApplication] INFO  o.a.m.s.f.DefaultMavenResourcesFiltering - Copying 1 resource from src\main\resources to target\classes
2024-05-22 14:02:36,548 [Worker-52: Launching WeatherApiService - WeatherApiServiceApplication] INFO  o.a.m.s.f.DefaultMavenResourcesFiltering - Copying 0 resource from src\main\resources to target\classes
2024-05-22 14:02:36,552 [Worker-52: Launching WeatherApiService - WeatherApiServiceApplication] INFO  o.a.m.s.f.DefaultMavenResourcesFiltering - skip non existing resourceDirectory D:\project-java-spring\RestApiCourse\WeatherAPIs\WeatherApiProject\WeatherApiCommon\src\test\resources
2024-05-22 14:02:38,869 [Worker-52: Launching WeatherApiService - WeatherApiServiceApplication] INFO  o.a.m.s.f.DefaultMavenResourcesFiltering - Copying 1 resource from src\main\resources to target\classes
2024-05-22 14:02:38,895 [Worker-52: Launching WeatherApiService - WeatherApiServiceApplication] INFO  o.a.m.s.f.DefaultMavenResourcesFiltering - Copying 0 resource from src\main\resources to target\classes
2024-05-22 14:02:38,899 [Worker-52: Launching WeatherApiService - WeatherApiServiceApplication] INFO  o.a.m.s.f.DefaultMavenResourcesFiltering - skip non existing resourceDirectory D:\project-java-spring\RestApiCourse\WeatherAPIs\WeatherApiProject\WeatherApiService\src\test\resources
2024-05-22 14:02:39,371 [Worker-52: Launching WeatherApiService - WeatherApiServiceApplication] INFO  o.e.m.c.i.p.WorkspaceClassifierResolverManager - Resolving P/WeatherApiCommon: com.weatherapi:weather-api-common:1.0.0 with classifier null to /WeatherApiCommon/target/classes
2024-05-22 14:02:39,463 [Worker-52: Launching WeatherApiService - WeatherApiServiceApplication] INFO  o.e.m.c.i.p.WorkspaceClassifierResolverManager - Resolving P/WeatherApiCommon: com.weatherapi:weather-api-common:1.0.0 with classifier null to /WeatherApiCommon/target/classes
2024-05-22 14:02:39,555 [Worker-52: Launching WeatherApiService - WeatherApiServiceApplication] INFO  o.e.m.c.i.p.WorkspaceClassifierResolverManager - Resolving P/WeatherApiCommon: com.weatherapi:weather-api-common:1.0.0 with classifier null to /WeatherApiCommon/target/classes
2024-05-22 14:11:02,339 [Worker-62: Launching WeatherApiService - WeatherApiServiceApplication] INFO  o.a.m.s.f.DefaultMavenResourcesFiltering - Copying 1 resource from src\main\resources to target\classes
2024-05-22 14:11:02,474 [Worker-62: Launching WeatherApiService - WeatherApiServiceApplication] INFO  o.a.m.s.f.DefaultMavenResourcesFiltering - Copying 0 resource from src\main\resources to target\classes
2024-05-22 14:11:02,478 [Worker-62: Launching WeatherApiService - WeatherApiServiceApplication] INFO  o.a.m.s.f.DefaultMavenResourcesFiltering - skip non existing resourceDirectory D:\project-java-spring\RestApiCourse\WeatherAPIs\WeatherApiProject\WeatherApiService\src\test\resources
2024-05-22 14:11:02,876 [Worker-62: Launching WeatherApiService - WeatherApiServiceApplication] INFO  o.e.m.c.i.p.WorkspaceClassifierResolverManager - Resolving P/WeatherApiCommon: com.weatherapi:weather-api-common:1.0.0 with classifier null to /WeatherApiCommon/target/classes
2024-05-22 14:11:03,059 [Worker-62: Launching WeatherApiService - WeatherApiServiceApplication] INFO  o.e.m.c.i.p.WorkspaceClassifierResolverManager - Resolving P/WeatherApiCommon: com.weatherapi:weather-api-common:1.0.0 with classifier null to /WeatherApiCommon/target/classes
2024-05-22 14:11:03,240 [Worker-62: Launching WeatherApiService - WeatherApiServiceApplication] INFO  o.e.m.c.i.p.WorkspaceClassifierResolverManager - Resolving P/WeatherApiCommon: com.weatherapi:weather-api-common:1.0.0 with classifier null to /WeatherApiCommon/target/classes
2024-05-22 14:29:01,837 [Worker-68: Launching WeatherApiService - WeatherApiServiceApplication] INFO  o.e.m.c.i.p.WorkspaceClassifierResolverManager - Resolving P/WeatherApiCommon: com.weatherapi:weather-api-common:1.0.0 with classifier null to /WeatherApiCommon/target/classes
2024-05-22 14:29:01,962 [Worker-68: Launching WeatherApiService - WeatherApiServiceApplication] INFO  o.e.m.c.i.p.WorkspaceClassifierResolverManager - Resolving P/WeatherApiCommon: com.weatherapi:weather-api-common:1.0.0 with classifier null to /WeatherApiCommon/target/classes
2024-05-22 14:29:02,083 [Worker-68: Launching WeatherApiService - WeatherApiServiceApplication] INFO  o.e.m.c.i.p.WorkspaceClassifierResolverManager - Resolving P/WeatherApiCommon: com.weatherapi:weather-api-common:1.0.0 with classifier null to /WeatherApiCommon/target/classes
2024-05-22 14:38:01,837 [Worker-75: Launching WeatherApiService - WeatherApiServiceApplication] INFO  o.a.m.s.f.DefaultMavenResourcesFiltering - Copying 1 resource from src\main\resources to target\classes
2024-05-22 14:38:02,025 [Worker-75: Launching WeatherApiService - WeatherApiServiceApplication] INFO  o.a.m.s.f.DefaultMavenResourcesFiltering - Copying 0 resource from src\main\resources to target\classes
2024-05-22 14:38:02,029 [Worker-75: Launching WeatherApiService - WeatherApiServiceApplication] INFO  o.a.m.s.f.DefaultMavenResourcesFiltering - skip non existing resourceDirectory D:\project-java-spring\RestApiCourse\WeatherAPIs\WeatherApiProject\WeatherApiService\src\test\resources
2024-05-22 14:38:02,379 [Worker-75: Launching WeatherApiService - WeatherApiServiceApplication] INFO  o.e.m.c.i.p.WorkspaceClassifierResolverManager - Resolving P/WeatherApiCommon: com.weatherapi:weather-api-common:1.0.0 with classifier null to /WeatherApiCommon/target/classes
2024-05-22 14:38:02,514 [Worker-75: Launching WeatherApiService - WeatherApiServiceApplication] INFO  o.e.m.c.i.p.WorkspaceClassifierResolverManager - Resolving P/WeatherApiCommon: com.weatherapi:weather-api-common:1.0.0 with classifier null to /WeatherApiCommon/target/classes
2024-05-22 14:38:02,603 [Worker-75: Launching WeatherApiService - WeatherApiServiceApplication] INFO  o.e.m.c.i.p.WorkspaceClassifierResolverManager - Resolving P/WeatherApiCommon: com.weatherapi:weather-api-common:1.0.0 with classifier null to /WeatherApiCommon/target/classes
2024-05-22 14:39:09,213 [Worker-73: Launching WeatherApiService - WeatherApiServiceApplication] INFO  o.a.m.s.f.DefaultMavenResourcesFiltering - Copying 1 resource from src\main\resources to target\classes
2024-05-22 14:39:09,281 [Worker-73: Launching WeatherApiService - WeatherApiServiceApplication] INFO  o.a.m.s.f.DefaultMavenResourcesFiltering - Copying 0 resource from src\main\resources to target\classes
2024-05-22 14:39:09,283 [Worker-73: Launching WeatherApiService - WeatherApiServiceApplication] INFO  o.a.m.s.f.DefaultMavenResourcesFiltering - skip non existing resourceDirectory D:\project-java-spring\RestApiCourse\WeatherAPIs\WeatherApiProject\WeatherApiService\src\test\resources
2024-05-22 14:39:09,498 [Worker-73: Launching WeatherApiService - WeatherApiServiceApplication] INFO  o.e.m.c.i.p.WorkspaceClassifierResolverManager - Resolving P/WeatherApiCommon: com.weatherapi:weather-api-common:1.0.0 with classifier null to /WeatherApiCommon/target/classes
2024-05-22 14:39:09,599 [Worker-73: Launching WeatherApiService - WeatherApiServiceApplication] INFO  o.e.m.c.i.p.WorkspaceClassifierResolverManager - Resolving P/WeatherApiCommon: com.weatherapi:weather-api-common:1.0.0 with classifier null to /WeatherApiCommon/target/classes
2024-05-22 14:39:09,681 [Worker-73: Launching WeatherApiService - WeatherApiServiceApplication] INFO  o.e.m.c.i.p.WorkspaceClassifierResolverManager - Resolving P/WeatherApiCommon: com.weatherapi:weather-api-common:1.0.0 with classifier null to /WeatherApiCommon/target/classes
2024-05-22 14:47:32,494 [Worker-78: Launching WeatherApiService - WeatherApiServiceApplication] INFO  o.a.m.s.f.DefaultMavenResourcesFiltering - Copying 1 resource from src\main\resources to target\classes
2024-05-22 14:47:32,571 [Worker-78: Launching WeatherApiService - WeatherApiServiceApplication] INFO  o.a.m.s.f.DefaultMavenResourcesFiltering - Copying 0 resource from src\main\resources to target\classes
2024-05-22 14:47:32,659 [Worker-78: Launching WeatherApiService - WeatherApiServiceApplication] INFO  o.a.m.s.f.DefaultMavenResourcesFiltering - skip non existing resourceDirectory D:\project-java-spring\RestApiCourse\WeatherAPIs\WeatherApiProject\WeatherApiService\src\test\resources
2024-05-22 14:47:34,148 [Worker-78: Launching WeatherApiService - WeatherApiServiceApplication] INFO  o.e.m.c.i.p.WorkspaceClassifierResolverManager - Resolving P/WeatherApiCommon: com.weatherapi:weather-api-common:1.0.0 with classifier null to /WeatherApiCommon/target/classes
2024-05-22 14:47:34,618 [Worker-78: Launching WeatherApiService - WeatherApiServiceApplication] INFO  o.e.m.c.i.p.WorkspaceClassifierResolverManager - Resolving P/WeatherApiCommon: com.weatherapi:weather-api-common:1.0.0 with classifier null to /WeatherApiCommon/target/classes
2024-05-22 14:47:34,961 [Worker-78: Launching WeatherApiService - WeatherApiServiceApplication] INFO  o.e.m.c.i.p.WorkspaceClassifierResolverManager - Resolving P/WeatherApiCommon: com.weatherapi:weather-api-common:1.0.0 with classifier null to /WeatherApiCommon/target/classes
2024-05-22 15:13:14,087 [Worker-97: Launching WeatherApiService - WeatherApiServiceApplication] INFO  o.a.m.s.f.DefaultMavenResourcesFiltering - Copying 1 resource from src\main\resources to target\classes
2024-05-22 15:13:14,297 [Worker-97: Launching WeatherApiService - WeatherApiServiceApplication] INFO  o.a.m.s.f.DefaultMavenResourcesFiltering - Copying 0 resource from src\main\resources to target\classes
2024-05-22 15:13:14,301 [Worker-97: Launching WeatherApiService - WeatherApiServiceApplication] INFO  o.a.m.s.f.DefaultMavenResourcesFiltering - skip non existing resourceDirectory D:\project-java-spring\RestApiCourse\WeatherAPIs\WeatherApiProject\WeatherApiService\src\test\resources
2024-05-22 15:13:15,224 [Worker-97: Launching WeatherApiService - WeatherApiServiceApplication] INFO  o.e.m.c.i.p.WorkspaceClassifierResolverManager - Resolving P/WeatherApiCommon: com.weatherapi:weather-api-common:1.0.0 with classifier null to /WeatherApiCommon/target/classes
2024-05-22 15:13:15,310 [Worker-97: Launching WeatherApiService - WeatherApiServiceApplication] INFO  o.e.m.c.i.p.WorkspaceClassifierResolverManager - Resolving P/WeatherApiCommon: com.weatherapi:weather-api-common:1.0.0 with classifier null to /WeatherApiCommon/target/classes
2024-05-22 15:13:15,384 [Worker-97: Launching WeatherApiService - WeatherApiServiceApplication] INFO  o.e.m.c.i.p.WorkspaceClassifierResolverManager - Resolving P/WeatherApiCommon: com.weatherapi:weather-api-common:1.0.0 with classifier null to /WeatherApiCommon/target/classes
2024-05-23 00:06:07,814 [Worker-7: Loading available Gradle versions] INFO  o.e.b.c.i.u.g.PublishedGradleVersions - Gradle version information cache is out-of-date. Trying to update.
2024-05-23 00:06:10,306 [ForkJoinPool.commonPool-worker-2] INFO  o.s.s.s.o.s.c.s.PostProcessorRegistrationDelegate$BeanPostProcessorChecker - Bean 'sonarLintSpringAppConfig' of type [org.sonarsource.sonarlint.core.spring.SonarLintSpringAppConfig$$EnhancerBySpringCGLIB$$314b44f9] is not eligible for getting processed by all BeanPostProcessors (for example: not eligible for auto-proxying)
2024-05-23 00:06:10,425 [ForkJoinPool.commonPool-worker-2] INFO  o.s.s.s.o.s.c.s.PostProcessorRegistrationDelegate$BeanPostProcessorChecker - Bean 'provideClientEventBus' of type [com.google.common.eventbus.AsyncEventBus] is not eligible for getting processed by all BeanPostProcessors (for example: not eligible for auto-proxying)
2024-05-23 00:30:21,324 [Worker-26: Launching WeatherApiService - WeatherApiServiceApplication] INFO  o.e.m.c.i.p.WorkspaceClassifierResolverManager - Resolving P/WeatherApiCommon: com.weatherapi:weather-api-common:1.0.0 with classifier  to /WeatherApiCommon/target/classes
2024-05-23 00:30:22,316 [Worker-26: Launching WeatherApiService - WeatherApiServiceApplication] INFO  o.a.m.s.f.DefaultMavenResourcesFiltering - Copying 1 resource from src\main\resources to target\classes
2024-05-23 00:30:22,357 [Worker-26: Launching WeatherApiService - WeatherApiServiceApplication] INFO  o.a.m.s.f.DefaultMavenResourcesFiltering - Copying 0 resource from src\main\resources to target\classes
2024-05-23 00:30:22,363 [Worker-26: Launching WeatherApiService - WeatherApiServiceApplication] INFO  o.a.m.s.f.DefaultMavenResourcesFiltering - skip non existing resourceDirectory D:\project-java-spring\RestApiCourse\WeatherAPIs\WeatherApiProject\WeatherApiService\src\test\resources
2024-05-23 00:30:23,457 [Worker-26: Launching WeatherApiService - WeatherApiServiceApplication] INFO  o.e.m.c.i.p.WorkspaceClassifierResolverManager - Resolving P/WeatherApiCommon: com.weatherapi:weather-api-common:1.0.0 with classifier null to /WeatherApiCommon/target/classes
2024-05-23 00:30:23,534 [Worker-26: Launching WeatherApiService - WeatherApiServiceApplication] INFO  o.e.m.c.i.p.WorkspaceClassifierResolverManager - Resolving P/WeatherApiCommon: com.weatherapi:weather-api-common:1.0.0 with classifier null to /WeatherApiCommon/target/classes
2024-05-23 00:30:23,627 [Worker-26: Launching WeatherApiService - WeatherApiServiceApplication] INFO  o.e.m.c.i.p.WorkspaceClassifierResolverManager - Resolving P/WeatherApiCommon: com.weatherapi:weather-api-common:1.0.0 with classifier null to /WeatherApiCommon/target/classes
2024-05-23 00:31:47,776 [Worker-26: Building] INFO  o.a.m.s.f.DefaultMavenResourcesFiltering - Copying 1 resource from src\main\resources to target\classes
2024-05-23 00:31:47,828 [Worker-26: Building] INFO  o.a.m.s.f.DefaultMavenResourcesFiltering - Copying 0 resource from src\main\resources to target\classes
2024-05-23 00:31:47,831 [Worker-26: Building] INFO  o.a.m.s.f.DefaultMavenResourcesFiltering - skip non existing resourceDirectory D:\project-java-spring\RestApiCourse\WeatherAPIs\WeatherApiProject\WeatherApiService\src\test\resources
2024-05-23 00:32:03,142 [Worker-32: Building] INFO  o.a.m.s.f.DefaultMavenResourcesFiltering - Copying 1 resource from src\main\resources to target\classes
2024-05-23 00:32:03,167 [Worker-32: Building] INFO  o.a.m.s.f.DefaultMavenResourcesFiltering - Copying 0 resource from src\main\resources to target\classes
2024-05-23 00:32:03,170 [Worker-32: Building] INFO  o.a.m.s.f.DefaultMavenResourcesFiltering - skip non existing resourceDirectory D:\project-java-spring\RestApiCourse\WeatherAPIs\WeatherApiProject\WeatherApiService\src\test\resources
2024-05-23 00:36:33,063 [Worker-32: Building] INFO  o.a.m.s.f.DefaultMavenResourcesFiltering - Copying 1 resource from src\main\resources to target\classes
2024-05-23 00:36:33,101 [Worker-32: Building] INFO  o.a.m.s.f.DefaultMavenResourcesFiltering - Copying 0 resource from src\main\resources to target\classes
2024-05-23 00:36:33,105 [Worker-32: Building] INFO  o.a.m.s.f.DefaultMavenResourcesFiltering - skip non existing resourceDirectory D:\project-java-spring\RestApiCourse\WeatherAPIs\WeatherApiProject\WeatherApiService\src\test\resources
2024-05-23 00:44:30,509 [Worker-28: Building] INFO  o.a.m.s.f.DefaultMavenResourcesFiltering - Copying 1 resource from src\main\resources to target\classes
2024-05-23 00:44:30,526 [Worker-28: Building] INFO  o.a.m.s.f.DefaultMavenResourcesFiltering - Copying 0 resource from src\main\resources to target\classes
2024-05-23 00:44:30,529 [Worker-28: Building] INFO  o.a.m.s.f.DefaultMavenResourcesFiltering - skip non existing resourceDirectory D:\project-java-spring\RestApiCourse\WeatherAPIs\WeatherApiProject\WeatherApiService\src\test\resources
2024-05-23 00:45:39,725 [Worker-31: Launching WeatherApiService - WeatherApiServiceApplication] INFO  o.e.m.c.i.p.WorkspaceClassifierResolverManager - Resolving P/WeatherApiCommon: com.weatherapi:weather-api-common:1.0.0 with classifier null to /WeatherApiCommon/target/classes
2024-05-23 00:45:39,798 [Worker-31: Launching WeatherApiService - WeatherApiServiceApplication] INFO  o.e.m.c.i.p.WorkspaceClassifierResolverManager - Resolving P/WeatherApiCommon: com.weatherapi:weather-api-common:1.0.0 with classifier null to /WeatherApiCommon/target/classes
2024-05-23 00:45:39,868 [Worker-31: Launching WeatherApiService - WeatherApiServiceApplication] INFO  o.e.m.c.i.p.WorkspaceClassifierResolverManager - Resolving P/WeatherApiCommon: com.weatherapi:weather-api-common:1.0.0 with classifier null to /WeatherApiCommon/target/classes
2024-05-23 00:48:12,915 [Worker-29: Building] INFO  o.a.m.s.f.DefaultMavenResourcesFiltering - Copying 1 resource from src\main\resources to target\classes
2024-05-23 00:48:12,979 [Worker-29: Building] INFO  o.a.m.s.f.DefaultMavenResourcesFiltering - Copying 0 resource from src\main\resources to target\classes
2024-05-23 00:48:12,984 [Worker-29: Building] INFO  o.a.m.s.f.DefaultMavenResourcesFiltering - skip non existing resourceDirectory D:\project-java-spring\RestApiCourse\WeatherAPIs\WeatherApiProject\WeatherApiCommon\src\test\resources
2024-05-23 00:50:29,443 [Worker-26: Building] INFO  o.a.m.s.f.DefaultMavenResourcesFiltering - Copying 1 resource from src\main\resources to target\classes
2024-05-23 00:50:29,512 [Worker-26: Building] INFO  o.a.m.s.f.DefaultMavenResourcesFiltering - Copying 0 resource from src\main\resources to target\classes
2024-05-23 00:50:29,515 [Worker-26: Building] INFO  o.a.m.s.f.DefaultMavenResourcesFiltering - skip non existing resourceDirectory D:\project-java-spring\RestApiCourse\WeatherAPIs\WeatherApiProject\WeatherApiCommon\src\test\resources
2024-05-23 00:52:25,424 [Worker-33: Building] INFO  o.a.m.s.f.DefaultMavenResourcesFiltering - Copying 1 resource from src\main\resources to target\classes
2024-05-23 00:52:25,462 [Worker-33: Building] INFO  o.a.m.s.f.DefaultMavenResourcesFiltering - Copying 0 resource from src\main\resources to target\classes
2024-05-23 00:52:25,466 [Worker-33: Building] INFO  o.a.m.s.f.DefaultMavenResourcesFiltering - skip non existing resourceDirectory D:\project-java-spring\RestApiCourse\WeatherAPIs\WeatherApiProject\WeatherApiCommon\src\test\resources
2024-05-23 01:01:03,155 [Worker-38: Building] INFO  o.a.m.s.f.DefaultMavenResourcesFiltering - Copying 1 resource from src\main\resources to target\classes
2024-05-23 01:01:03,209 [Worker-38: Building] INFO  o.a.m.s.f.DefaultMavenResourcesFiltering - Copying 0 resource from src\main\resources to target\classes
2024-05-23 01:01:03,209 [Worker-38: Building] INFO  o.a.m.s.f.DefaultMavenResourcesFiltering - skip non existing resourceDirectory D:\project-java-spring\RestApiCourse\WeatherAPIs\WeatherApiProject\WeatherApiService\src\test\resources
2024-05-23 01:04:00,077 [Worker-41: Building] INFO  o.a.m.s.f.DefaultMavenResourcesFiltering - Copying 1 resource from src\main\resources to target\classes
2024-05-23 01:04:00,146 [Worker-41: Building] INFO  o.a.m.s.f.DefaultMavenResourcesFiltering - Copying 0 resource from src\main\resources to target\classes
2024-05-23 01:04:00,151 [Worker-41: Building] INFO  o.a.m.s.f.DefaultMavenResourcesFiltering - skip non existing resourceDirectory D:\project-java-spring\RestApiCourse\WeatherAPIs\WeatherApiProject\WeatherApiService\src\test\resources
2024-05-23 01:04:11,086 [Worker-39: Launching WeatherApiService - WeatherApiServiceApplication] INFO  o.e.m.c.i.p.WorkspaceClassifierResolverManager - Resolving P/WeatherApiCommon: com.weatherapi:weather-api-common:1.0.0 with classifier null to /WeatherApiCommon/target/classes
2024-05-23 01:04:11,155 [Worker-39: Launching WeatherApiService - WeatherApiServiceApplication] INFO  o.e.m.c.i.p.WorkspaceClassifierResolverManager - Resolving P/WeatherApiCommon: com.weatherapi:weather-api-common:1.0.0 with classifier null to /WeatherApiCommon/target/classes
2024-05-23 01:04:11,215 [Worker-39: Launching WeatherApiService - WeatherApiServiceApplication] INFO  o.e.m.c.i.p.WorkspaceClassifierResolverManager - Resolving P/WeatherApiCommon: com.weatherapi:weather-api-common:1.0.0 with classifier null to /WeatherApiCommon/target/classes
2024-05-23 16:51:20,147 [Worker-11: Loading available Gradle versions] INFO  o.e.b.c.i.u.g.PublishedGradleVersions - Gradle version information cache is up-to-date. Trying to read.
2024-05-23 16:51:21,551 [ForkJoinPool.commonPool-worker-3] INFO  o.s.s.s.o.s.c.s.PostProcessorRegistrationDelegate$BeanPostProcessorChecker - Bean 'sonarLintSpringAppConfig' of type [org.sonarsource.sonarlint.core.spring.SonarLintSpringAppConfig$$EnhancerBySpringCGLIB$$a66491dc] is not eligible for getting processed by all BeanPostProcessors (for example: not eligible for auto-proxying)
2024-05-23 16:51:21,636 [ForkJoinPool.commonPool-worker-3] INFO  o.s.s.s.o.s.c.s.PostProcessorRegistrationDelegate$BeanPostProcessorChecker - Bean 'provideClientEventBus' of type [com.google.common.eventbus.AsyncEventBus] is not eligible for getting processed by all BeanPostProcessors (for example: not eligible for auto-proxying)
2024-05-23 19:28:50,192 [Worker-40: Launching LocationApiControllerTests.testValidateRequestBody] INFO  o.a.m.s.f.DefaultMavenResourcesFiltering - Copying 1 resource from src\main\resources to target\classes
2024-05-23 19:28:50,224 [Worker-40: Launching LocationApiControllerTests.testValidateRequestBody] INFO  o.a.m.s.f.DefaultMavenResourcesFiltering - Copying 0 resource from src\main\resources to target\classes
2024-05-23 19:28:50,229 [Worker-40: Launching LocationApiControllerTests.testValidateRequestBody] INFO  o.a.m.s.f.DefaultMavenResourcesFiltering - skip non existing resourceDirectory D:\project-java-spring\RestApiCourse\WeatherAPIs\WeatherApiProject\WeatherApiCommon\src\test\resources
2024-05-23 19:28:51,939 [Worker-40: Launching LocationApiControllerTests.testValidateRequestBody] INFO  o.e.m.c.i.p.WorkspaceClassifierResolverManager - Resolving P/WeatherApiCommon: com.weatherapi:weather-api-common:1.0.0 with classifier  to /WeatherApiCommon/target/classes
2024-05-23 19:28:52,037 [Worker-40: Launching LocationApiControllerTests.testValidateRequestBody] INFO  o.a.m.s.f.DefaultMavenResourcesFiltering - Copying 1 resource from src\main\resources to target\classes
2024-05-23 19:28:52,055 [Worker-40: Launching LocationApiControllerTests.testValidateRequestBody] INFO  o.a.m.s.f.DefaultMavenResourcesFiltering - Copying 0 resource from src\main\resources to target\classes
2024-05-23 19:28:52,059 [Worker-40: Launching LocationApiControllerTests.testValidateRequestBody] INFO  o.a.m.s.f.DefaultMavenResourcesFiltering - skip non existing resourceDirectory D:\project-java-spring\RestApiCourse\WeatherAPIs\WeatherApiProject\WeatherApiService\src\test\resources
2024-05-23 19:28:53,024 [Worker-40: Launching LocationApiControllerTests.testValidateRequestBody] INFO  o.e.m.c.i.p.WorkspaceClassifierResolverManager - Resolving P/WeatherApiCommon: com.weatherapi:weather-api-common:1.0.0 with classifier null to /WeatherApiCommon/target/classes
2024-05-23 19:28:53,175 [Worker-40: Launching LocationApiControllerTests.testValidateRequestBody] INFO  o.e.m.c.i.p.WorkspaceClassifierResolverManager - Resolving P/WeatherApiCommon: com.weatherapi:weather-api-common:1.0.0 with classifier null to /WeatherApiCommon/target/classes
2024-05-23 19:30:00,660 [Worker-46: Launching LocationApiControllerTests.testValidateRequestBody] INFO  o.a.m.s.f.DefaultMavenResourcesFiltering - Copying 0 resource from src\main\resources to target\classes
2024-05-23 19:30:00,660 [Worker-46: Launching LocationApiControllerTests.testValidateRequestBody] INFO  o.a.m.s.f.DefaultMavenResourcesFiltering - Copying 0 resource from src\main\resources to target\classes
2024-05-23 19:30:00,664 [Worker-46: Launching LocationApiControllerTests.testValidateRequestBody] INFO  o.a.m.s.f.DefaultMavenResourcesFiltering - skip non existing resourceDirectory D:\project-java-spring\RestApiCourse\WeatherAPIs\WeatherApiProject\WeatherApiService\src\test\resources
2024-05-23 19:30:00,800 [Worker-46: Launching LocationApiControllerTests.testValidateRequestBody] INFO  o.e.m.c.i.p.WorkspaceClassifierResolverManager - Resolving P/WeatherApiCommon: com.weatherapi:weather-api-common:1.0.0 with classifier null to /WeatherApiCommon/target/classes
2024-05-23 19:30:00,905 [Worker-46: Launching LocationApiControllerTests.testValidateRequestBody] INFO  o.e.m.c.i.p.WorkspaceClassifierResolverManager - Resolving P/WeatherApiCommon: com.weatherapi:weather-api-common:1.0.0 with classifier null to /WeatherApiCommon/target/classes
2024-05-23 19:44:07,756 [Worker-50: Launching Rerun LocationApiControllerTests] INFO  o.a.m.s.f.DefaultMavenResourcesFiltering - Copying 1 resource from src\main\resources to target\classes
2024-05-23 19:44:07,916 [Worker-50: Launching Rerun LocationApiControllerTests] INFO  o.a.m.s.f.DefaultMavenResourcesFiltering - Copying 0 resource from src\main\resources to target\classes
2024-05-23 19:44:07,918 [Worker-50: Launching Rerun LocationApiControllerTests] INFO  o.a.m.s.f.DefaultMavenResourcesFiltering - skip non existing resourceDirectory D:\project-java-spring\RestApiCourse\WeatherAPIs\WeatherApiProject\WeatherApiCommon\src\test\resources
2024-05-23 19:44:08,126 [Worker-50: Launching Rerun LocationApiControllerTests] INFO  o.a.m.s.f.DefaultMavenResourcesFiltering - Copying 0 resource from src\main\resources to target\classes
2024-05-23 19:44:08,126 [Worker-50: Launching Rerun LocationApiControllerTests] INFO  o.a.m.s.f.DefaultMavenResourcesFiltering - Copying 0 resource from src\main\resources to target\classes
2024-05-23 19:44:08,128 [Worker-50: Launching Rerun LocationApiControllerTests] INFO  o.a.m.s.f.DefaultMavenResourcesFiltering - skip non existing resourceDirectory D:\project-java-spring\RestApiCourse\WeatherAPIs\WeatherApiProject\WeatherApiService\src\test\resources
2024-05-23 19:44:08,426 [Worker-50: Launching Rerun LocationApiControllerTests] INFO  o.e.m.c.i.p.WorkspaceClassifierResolverManager - Resolving P/WeatherApiCommon: com.weatherapi:weather-api-common:1.0.0 with classifier null to /WeatherApiCommon/target/classes
2024-05-23 19:44:08,560 [Worker-50: Launching Rerun LocationApiControllerTests] INFO  o.e.m.c.i.p.WorkspaceClassifierResolverManager - Resolving P/WeatherApiCommon: com.weatherapi:weather-api-common:1.0.0 with classifier null to /WeatherApiCommon/target/classes
2024-05-23 19:44:29,528 [Worker-42: Launching LocationApiControllerTests.testValidateRequestBody] INFO  o.e.m.c.i.p.WorkspaceClassifierResolverManager - Resolving P/WeatherApiCommon: com.weatherapi:weather-api-common:1.0.0 with classifier null to /WeatherApiCommon/target/classes
2024-05-23 19:44:29,632 [Worker-42: Launching LocationApiControllerTests.testValidateRequestBody] INFO  o.e.m.c.i.p.WorkspaceClassifierResolverManager - Resolving P/WeatherApiCommon: com.weatherapi:weather-api-common:1.0.0 with classifier null to /WeatherApiCommon/target/classes
2024-05-23 19:45:00,173 [Worker-50: Launching LocationApiControllerTests.testValidateRequestBody] INFO  o.a.m.s.f.DefaultMavenResourcesFiltering - Copying 1 resource from src\main\resources to target\classes
2024-05-23 19:45:00,213 [Worker-50: Launching LocationApiControllerTests.testValidateRequestBody] INFO  o.a.m.s.f.DefaultMavenResourcesFiltering - Copying 0 resource from src\main\resources to target\classes
2024-05-23 19:45:00,216 [Worker-50: Launching LocationApiControllerTests.testValidateRequestBody] INFO  o.a.m.s.f.DefaultMavenResourcesFiltering - skip non existing resourceDirectory D:\project-java-spring\RestApiCourse\WeatherAPIs\WeatherApiProject\WeatherApiCommon\src\test\resources
2024-05-23 19:45:00,454 [Worker-50: Launching LocationApiControllerTests.testValidateRequestBody] INFO  o.e.m.c.i.p.WorkspaceClassifierResolverManager - Resolving P/WeatherApiCommon: com.weatherapi:weather-api-common:1.0.0 with classifier null to /WeatherApiCommon/target/classes
2024-05-23 19:45:00,555 [Worker-50: Launching LocationApiControllerTests.testValidateRequestBody] INFO  o.e.m.c.i.p.WorkspaceClassifierResolverManager - Resolving P/WeatherApiCommon: com.weatherapi:weather-api-common:1.0.0 with classifier null to /WeatherApiCommon/target/classes
2024-05-23 19:46:40,952 [Worker-54: Launching WeatherApiService - WeatherApiServiceApplication] INFO  o.e.m.c.i.p.WorkspaceClassifierResolverManager - Resolving P/WeatherApiCommon: com.weatherapi:weather-api-common:1.0.0 with classifier null to /WeatherApiCommon/target/classes
2024-05-23 19:46:41,050 [Worker-54: Launching WeatherApiService - WeatherApiServiceApplication] INFO  o.e.m.c.i.p.WorkspaceClassifierResolverManager - Resolving P/WeatherApiCommon: com.weatherapi:weather-api-common:1.0.0 with classifier null to /WeatherApiCommon/target/classes
2024-05-23 19:46:41,143 [Worker-54: Launching WeatherApiService - WeatherApiServiceApplication] INFO  o.e.m.c.i.p.WorkspaceClassifierResolverManager - Resolving P/WeatherApiCommon: com.weatherapi:weather-api-common:1.0.0 with classifier null to /WeatherApiCommon/target/classes
2024-05-23 19:47:35,472 [Worker-50: Launching WeatherApiService - WeatherApiServiceApplication] INFO  o.e.m.c.i.p.WorkspaceClassifierResolverManager - Resolving P/WeatherApiCommon: com.weatherapi:weather-api-common:1.0.0 with classifier null to /WeatherApiCommon/target/classes
2024-05-23 19:47:35,720 [Worker-50: Launching WeatherApiService - WeatherApiServiceApplication] INFO  o.e.m.c.i.p.WorkspaceClassifierResolverManager - Resolving P/WeatherApiCommon: com.weatherapi:weather-api-common:1.0.0 with classifier null to /WeatherApiCommon/target/classes
2024-05-23 19:47:35,806 [Worker-50: Launching WeatherApiService - WeatherApiServiceApplication] INFO  o.e.m.c.i.p.WorkspaceClassifierResolverManager - Resolving P/WeatherApiCommon: com.weatherapi:weather-api-common:1.0.0 with classifier null to /WeatherApiCommon/target/classes
2024-05-23 19:58:06,314 [Worker-60: Launching LocationApiControllerTests.testValidateRequestBodyLocationCodeLength] INFO  o.a.m.s.f.DefaultMavenResourcesFiltering - Copying 1 resource from src\main\resources to target\classes
2024-05-23 19:58:06,442 [Worker-60: Launching LocationApiControllerTests.testValidateRequestBodyLocationCodeLength] INFO  o.a.m.s.f.DefaultMavenResourcesFiltering - Copying 0 resource from src\main\resources to target\classes
2024-05-23 19:58:06,444 [Worker-60: Launching LocationApiControllerTests.testValidateRequestBodyLocationCodeLength] INFO  o.a.m.s.f.DefaultMavenResourcesFiltering - skip non existing resourceDirectory D:\project-java-spring\RestApiCourse\WeatherAPIs\WeatherApiProject\WeatherApiCommon\src\test\resources
2024-05-23 19:58:06,679 [Worker-60: Launching LocationApiControllerTests.testValidateRequestBodyLocationCodeLength] INFO  o.a.m.s.f.DefaultMavenResourcesFiltering - Copying 0 resource from src\main\resources to target\classes
2024-05-23 19:58:06,679 [Worker-60: Launching LocationApiControllerTests.testValidateRequestBodyLocationCodeLength] INFO  o.a.m.s.f.DefaultMavenResourcesFiltering - Copying 0 resource from src\main\resources to target\classes
2024-05-23 19:58:06,684 [Worker-60: Launching LocationApiControllerTests.testValidateRequestBodyLocationCodeLength] INFO  o.a.m.s.f.DefaultMavenResourcesFiltering - skip non existing resourceDirectory D:\project-java-spring\RestApiCourse\WeatherAPIs\WeatherApiProject\WeatherApiService\src\test\resources
2024-05-23 19:58:07,044 [Worker-60: Launching LocationApiControllerTests.testValidateRequestBodyLocationCodeLength] INFO  o.e.m.c.i.p.WorkspaceClassifierResolverManager - Resolving P/WeatherApiCommon: com.weatherapi:weather-api-common:1.0.0 with classifier null to /WeatherApiCommon/target/classes
2024-05-23 19:58:07,306 [Worker-60: Launching LocationApiControllerTests.testValidateRequestBodyLocationCodeLength] INFO  o.e.m.c.i.p.WorkspaceClassifierResolverManager - Resolving P/WeatherApiCommon: com.weatherapi:weather-api-common:1.0.0 with classifier null to /WeatherApiCommon/target/classes
2024-05-23 19:59:11,197 [Worker-56: Launching WeatherApiService - WeatherApiServiceApplication] INFO  o.e.m.c.i.p.WorkspaceClassifierResolverManager - Resolving P/WeatherApiCommon: com.weatherapi:weather-api-common:1.0.0 with classifier null to /WeatherApiCommon/target/classes
2024-05-23 19:59:11,280 [Worker-56: Launching WeatherApiService - WeatherApiServiceApplication] INFO  o.e.m.c.i.p.WorkspaceClassifierResolverManager - Resolving P/WeatherApiCommon: com.weatherapi:weather-api-common:1.0.0 with classifier null to /WeatherApiCommon/target/classes
2024-05-23 19:59:11,362 [Worker-56: Launching WeatherApiService - WeatherApiServiceApplication] INFO  o.e.m.c.i.p.WorkspaceClassifierResolverManager - Resolving P/WeatherApiCommon: com.weatherapi:weather-api-common:1.0.0 with classifier null to /WeatherApiCommon/target/classes
2024-05-23 20:11:03,324 [Worker-61: Launching WeatherApiService - WeatherApiServiceApplication] INFO  o.a.m.s.f.DefaultMavenResourcesFiltering - Copying 1 resource from src\main\resources to target\classes
2024-05-23 20:11:03,468 [Worker-61: Launching WeatherApiService - WeatherApiServiceApplication] INFO  o.a.m.s.f.DefaultMavenResourcesFiltering - Copying 0 resource from src\main\resources to target\classes
2024-05-23 20:11:03,470 [Worker-61: Launching WeatherApiService - WeatherApiServiceApplication] INFO  o.a.m.s.f.DefaultMavenResourcesFiltering - skip non existing resourceDirectory D:\project-java-spring\RestApiCourse\WeatherAPIs\WeatherApiProject\WeatherApiCommon\src\test\resources
2024-05-23 20:11:03,848 [Worker-61: Launching WeatherApiService - WeatherApiServiceApplication] INFO  o.e.m.c.i.p.WorkspaceClassifierResolverManager - Resolving P/WeatherApiCommon: com.weatherapi:weather-api-common:1.0.0 with classifier null to /WeatherApiCommon/target/classes
2024-05-23 20:11:03,926 [Worker-61: Launching WeatherApiService - WeatherApiServiceApplication] INFO  o.e.m.c.i.p.WorkspaceClassifierResolverManager - Resolving P/WeatherApiCommon: com.weatherapi:weather-api-common:1.0.0 with classifier null to /WeatherApiCommon/target/classes
2024-05-23 20:11:04,000 [Worker-61: Launching WeatherApiService - WeatherApiServiceApplication] INFO  o.e.m.c.i.p.WorkspaceClassifierResolverManager - Resolving P/WeatherApiCommon: com.weatherapi:weather-api-common:1.0.0 with classifier null to /WeatherApiCommon/target/classes
2024-05-23 20:28:07,400 [Worker-61: Launching LocationApiControllerTests.testValidateRequestBodyAllFieldInvalid] INFO  o.a.m.s.f.DefaultMavenResourcesFiltering - Copying 1 resource from src\main\resources to target\classes
2024-05-23 20:28:07,546 [Worker-61: Launching LocationApiControllerTests.testValidateRequestBodyAllFieldInvalid] INFO  o.a.m.s.f.DefaultMavenResourcesFiltering - Copying 0 resource from src\main\resources to target\classes
2024-05-23 20:28:07,549 [Worker-61: Launching LocationApiControllerTests.testValidateRequestBodyAllFieldInvalid] INFO  o.a.m.s.f.DefaultMavenResourcesFiltering - skip non existing resourceDirectory D:\project-java-spring\RestApiCourse\WeatherAPIs\WeatherApiProject\WeatherApiCommon\src\test\resources
2024-05-23 20:28:07,892 [Worker-61: Launching LocationApiControllerTests.testValidateRequestBodyAllFieldInvalid] INFO  o.a.m.s.f.DefaultMavenResourcesFiltering - Copying 1 resource from src\main\resources to target\classes
2024-05-23 20:28:08,085 [Worker-61: Launching LocationApiControllerTests.testValidateRequestBodyAllFieldInvalid] INFO  o.a.m.s.f.DefaultMavenResourcesFiltering - Copying 0 resource from src\main\resources to target\classes
2024-05-23 20:28:08,089 [Worker-61: Launching LocationApiControllerTests.testValidateRequestBodyAllFieldInvalid] INFO  o.a.m.s.f.DefaultMavenResourcesFiltering - skip non existing resourceDirectory D:\project-java-spring\RestApiCourse\WeatherAPIs\WeatherApiProject\WeatherApiService\src\test\resources
2024-05-23 20:28:08,512 [Worker-61: Launching LocationApiControllerTests.testValidateRequestBodyAllFieldInvalid] INFO  o.e.m.c.i.p.WorkspaceClassifierResolverManager - Resolving P/WeatherApiCommon: com.weatherapi:weather-api-common:1.0.0 with classifier null to /WeatherApiCommon/target/classes
2024-05-23 20:28:08,688 [Worker-61: Launching LocationApiControllerTests.testValidateRequestBodyAllFieldInvalid] INFO  o.e.m.c.i.p.WorkspaceClassifierResolverManager - Resolving P/WeatherApiCommon: com.weatherapi:weather-api-common:1.0.0 with classifier null to /WeatherApiCommon/target/classes
2024-05-24 09:20:50,834 [ForkJoinPool.commonPool-worker-5] INFO  o.s.s.s.o.s.c.s.PostProcessorRegistrationDelegate$BeanPostProcessorChecker - Bean 'sonarLintSpringAppConfig' of type [org.sonarsource.sonarlint.core.spring.SonarLintSpringAppConfig$$EnhancerBySpringCGLIB$$64e0b81b] is not eligible for getting processed by all BeanPostProcessors (for example: not eligible for auto-proxying)
2024-05-24 09:20:50,941 [ForkJoinPool.commonPool-worker-5] INFO  o.s.s.s.o.s.c.s.PostProcessorRegistrationDelegate$BeanPostProcessorChecker - Bean 'provideClientEventBus' of type [com.google.common.eventbus.AsyncEventBus] is not eligible for getting processed by all BeanPostProcessors (for example: not eligible for auto-proxying)
2024-05-24 09:20:53,936 [Worker-11: Loading available Gradle versions] INFO  o.e.b.c.i.u.g.PublishedGradleVersions - Gradle version information cache is out-of-date. Trying to update.
2024-05-24 09:23:19,461 [Worker-5: Launching LocationApiControllerTests.testValidateRequestBodyAllFieldInvalid] INFO  o.e.m.c.i.p.WorkspaceClassifierResolverManager - Resolving P/WeatherApiCommon: com.weatherapi:weather-api-common:1.0.0 with classifier  to /WeatherApiCommon/target/classes
2024-05-24 09:23:19,947 [Worker-5: Launching LocationApiControllerTests.testValidateRequestBodyAllFieldInvalid] INFO  o.e.m.c.i.p.WorkspaceClassifierResolverManager - Resolving P/WeatherApiCommon: com.weatherapi:weather-api-common:1.0.0 with classifier null to /WeatherApiCommon/target/classes
2024-05-24 09:23:20,143 [Worker-5: Launching LocationApiControllerTests.testValidateRequestBodyAllFieldInvalid] INFO  o.e.m.c.i.p.WorkspaceClassifierResolverManager - Resolving P/WeatherApiCommon: com.weatherapi:weather-api-common:1.0.0 with classifier null to /WeatherApiCommon/target/classes
2024-05-24 09:37:42,407 [Worker-18: Launching LocationApiControllerTests.testValidateRequestBodyAllFieldInvalid] INFO  o.a.m.s.f.DefaultMavenResourcesFiltering - Copying 1 resource from src\main\resources to target\classes
2024-05-24 09:37:42,560 [Worker-18: Launching LocationApiControllerTests.testValidateRequestBodyAllFieldInvalid] INFO  o.a.m.s.f.DefaultMavenResourcesFiltering - Copying 0 resource from src\main\resources to target\classes
2024-05-24 09:37:42,566 [Worker-18: Launching LocationApiControllerTests.testValidateRequestBodyAllFieldInvalid] INFO  o.a.m.s.f.DefaultMavenResourcesFiltering - skip non existing resourceDirectory D:\project-java-spring\RestApiCourse\WeatherAPIs\WeatherApiProject\WeatherApiService\src\test\resources
2024-05-24 09:37:44,275 [Worker-18: Launching LocationApiControllerTests.testValidateRequestBodyAllFieldInvalid] INFO  o.e.m.c.i.p.WorkspaceClassifierResolverManager - Resolving P/WeatherApiCommon: com.weatherapi:weather-api-common:1.0.0 with classifier null to /WeatherApiCommon/target/classes
2024-05-24 09:37:44,504 [Worker-18: Launching LocationApiControllerTests.testValidateRequestBodyAllFieldInvalid] INFO  o.e.m.c.i.p.WorkspaceClassifierResolverManager - Resolving P/WeatherApiCommon: com.weatherapi:weather-api-common:1.0.0 with classifier null to /WeatherApiCommon/target/classes
2024-05-24 09:43:00,111 [Worker-23: Launching LocationApiControllerTests.testValidateRequestBodyAllFieldInvalid] INFO  o.a.m.s.f.DefaultMavenResourcesFiltering - Copying 1 resource from src\main\resources to target\classes
2024-05-24 09:43:00,241 [Worker-23: Launching LocationApiControllerTests.testValidateRequestBodyAllFieldInvalid] INFO  o.a.m.s.f.DefaultMavenResourcesFiltering - Copying 0 resource from src\main\resources to target\classes
2024-05-24 09:43:00,247 [Worker-23: Launching LocationApiControllerTests.testValidateRequestBodyAllFieldInvalid] INFO  o.a.m.s.f.DefaultMavenResourcesFiltering - skip non existing resourceDirectory D:\project-java-spring\RestApiCourse\WeatherAPIs\WeatherApiProject\WeatherApiCommon\src\test\resources
2024-05-24 09:43:02,334 [Worker-23: Launching LocationApiControllerTests.testValidateRequestBodyAllFieldInvalid] INFO  o.a.m.s.f.DefaultMavenResourcesFiltering - Copying 0 resource from src\main\resources to target\classes
2024-05-24 09:43:02,334 [Worker-23: Launching LocationApiControllerTests.testValidateRequestBodyAllFieldInvalid] INFO  o.a.m.s.f.DefaultMavenResourcesFiltering - Copying 0 resource from src\main\resources to target\classes
2024-05-24 09:43:02,337 [Worker-23: Launching LocationApiControllerTests.testValidateRequestBodyAllFieldInvalid] INFO  o.a.m.s.f.DefaultMavenResourcesFiltering - skip non existing resourceDirectory D:\project-java-spring\RestApiCourse\WeatherAPIs\WeatherApiProject\WeatherApiService\src\test\resources
2024-05-24 09:43:02,552 [Worker-23: Launching LocationApiControllerTests.testValidateRequestBodyAllFieldInvalid] INFO  o.e.m.c.i.p.WorkspaceClassifierResolverManager - Resolving P/WeatherApiCommon: com.weatherapi:weather-api-common:1.0.0 with classifier null to /WeatherApiCommon/target/classes
2024-05-24 09:43:02,677 [Worker-23: Launching LocationApiControllerTests.testValidateRequestBodyAllFieldInvalid] INFO  o.e.m.c.i.p.WorkspaceClassifierResolverManager - Resolving P/WeatherApiCommon: com.weatherapi:weather-api-common:1.0.0 with classifier null to /WeatherApiCommon/target/classes
2024-05-24 09:46:12,333 [Worker-0: Launching WeatherApiService - WeatherApiServiceApplication] INFO  o.e.m.c.i.p.WorkspaceClassifierResolverManager - Resolving P/WeatherApiCommon: com.weatherapi:weather-api-common:1.0.0 with classifier null to /WeatherApiCommon/target/classes
2024-05-24 09:46:12,417 [Worker-0: Launching WeatherApiService - WeatherApiServiceApplication] INFO  o.e.m.c.i.p.WorkspaceClassifierResolverManager - Resolving P/WeatherApiCommon: com.weatherapi:weather-api-common:1.0.0 with classifier null to /WeatherApiCommon/target/classes
2024-05-24 09:46:12,498 [Worker-0: Launching WeatherApiService - WeatherApiServiceApplication] INFO  o.e.m.c.i.p.WorkspaceClassifierResolverManager - Resolving P/WeatherApiCommon: com.weatherapi:weather-api-common:1.0.0 with classifier null to /WeatherApiCommon/target/classes
2024-05-24 09:55:15,880 [Worker-2: Loading available Gradle versions] INFO  o.e.b.c.i.u.g.PublishedGradleVersions - Gradle version information cache is up-to-date. Trying to read.
2024-05-24 09:55:17,485 [ForkJoinPool.commonPool-worker-4] INFO  o.s.s.s.o.s.c.s.PostProcessorRegistrationDelegate$BeanPostProcessorChecker - Bean 'sonarLintSpringAppConfig' of type [org.sonarsource.sonarlint.core.spring.SonarLintSpringAppConfig$$EnhancerBySpringCGLIB$$73bc5ce] is not eligible for getting processed by all BeanPostProcessors (for example: not eligible for auto-proxying)
2024-05-24 09:55:17,556 [ForkJoinPool.commonPool-worker-4] INFO  o.s.s.s.o.s.c.s.PostProcessorRegistrationDelegate$BeanPostProcessorChecker - Bean 'provideClientEventBus' of type [com.google.common.eventbus.AsyncEventBus] is not eligible for getting processed by all BeanPostProcessors (for example: not eligible for auto-proxying)
2024-05-24 15:39:26,988 [Worker-6: Loading available Gradle versions] INFO  o.e.b.c.i.u.g.PublishedGradleVersions - Gradle version information cache is up-to-date. Trying to read.
2024-05-24 15:39:29,744 [ForkJoinPool.commonPool-worker-5] INFO  o.s.s.s.o.s.c.s.PostProcessorRegistrationDelegate$BeanPostProcessorChecker - Bean 'sonarLintSpringAppConfig' of type [org.sonarsource.sonarlint.core.spring.SonarLintSpringAppConfig$$EnhancerBySpringCGLIB$$13b7fe23] is not eligible for getting processed by all BeanPostProcessors (for example: not eligible for auto-proxying)
2024-05-24 15:39:29,821 [ForkJoinPool.commonPool-worker-5] INFO  o.s.s.s.o.s.c.s.PostProcessorRegistrationDelegate$BeanPostProcessorChecker - Bean 'provideClientEventBus' of type [com.google.common.eventbus.AsyncEventBus] is not eligible for getting processed by all BeanPostProcessors (for example: not eligible for auto-proxying)
2024-05-27 09:02:06,740 [Worker-8: Loading available Gradle versions] INFO  o.e.b.c.i.u.g.PublishedGradleVersions - Gradle version information cache is out-of-date. Trying to update.
2024-05-27 09:02:08,027 [ForkJoinPool.commonPool-worker-3] INFO  o.s.s.s.o.s.c.s.PostProcessorRegistrationDelegate$BeanPostProcessorChecker - Bean 'sonarLintSpringAppConfig' of type [org.sonarsource.sonarlint.core.spring.SonarLintSpringAppConfig$$EnhancerBySpringCGLIB$$14fc3db4] is not eligible for getting processed by all BeanPostProcessors (for example: not eligible for auto-proxying)
2024-05-27 09:02:08,099 [ForkJoinPool.commonPool-worker-3] INFO  o.s.s.s.o.s.c.s.PostProcessorRegistrationDelegate$BeanPostProcessorChecker - Bean 'provideClientEventBus' of type [com.google.common.eventbus.AsyncEventBus] is not eligible for getting processed by all BeanPostProcessors (for example: not eligible for auto-proxying)
2024-05-27 09:26:27,717 [Worker-25: https://sourceforge.net/projects/jasperstudio/files/updatesite/6.3.0/p2.index] INFO  o.a.h.c.h.i.c.HttpRequestRetryExec - Recoverable I/O exception (java.net.SocketException) caught when processing request to {s}->https://sourceforge.net:443
2024-05-27 09:26:28,437 [Worker-26: https://sourceforge.net/projects/jasperstudio/files/updatesite/6.3.0/p2.index] INFO  o.a.h.c.h.i.c.HttpRequestRetryExec - Recoverable I/O exception (java.net.SocketException) caught when processing request to {s}->https://sourceforge.net:443
2024-05-27 09:26:28,623 [Worker-22: https://sourceforge.net/projects/jasperstudio/files/updatesite/6.3.0/content.jar] INFO  o.a.h.c.h.i.c.HttpRequestRetryExec - Recoverable I/O exception (java.net.SocketException) caught when processing request to {s}->https://sourceforge.net:443
2024-05-27 09:26:28,814 [Worker-26: https://sourceforge.net/projects/jasperstudio/files/updatesite/6.3.0/content.xml] INFO  o.a.h.c.h.i.c.HttpRequestRetryExec - Recoverable I/O exception (java.net.SocketException) caught when processing request to {s}->https://sourceforge.net:443
2024-05-27 09:26:45,537 [Worker-25: https://sourceforge.net/projects/ireport/files/iReport/iReport-5.6.0/iReport-5.6.0-windows-installer.exe/download/p2.index] INFO  o.a.h.c.h.i.c.HttpRequestRetryExec - Recoverable I/O exception (java.net.SocketException) caught when processing request to {s}->https://sourceforge.net:443
2024-05-27 09:26:45,868 [Worker-5: https://sourceforge.net/projects/ireport/files/iReport/iReport-5.6.0/iReport-5.6.0-windows-installer.exe/download/p2.index] INFO  o.a.h.c.h.i.c.HttpRequestRetryExec - Recoverable I/O exception (java.net.SocketException) caught when processing request to {s}->https://sourceforge.net:443
2024-05-27 09:26:46,012 [Worker-26: https://sourceforge.net/projects/ireport/files/iReport/iReport-5.6.0/iReport-5.6.0-windows-installer.exe/download/content.jar] INFO  o.a.h.c.h.i.c.HttpRequestRetryExec - Recoverable I/O exception (java.net.SocketException) caught when processing request to {s}->https://sourceforge.net:443
2024-05-27 09:26:46,137 [Worker-25: https://sourceforge.net/projects/ireport/files/iReport/iReport-5.6.0/iReport-5.6.0-windows-installer.exe/download/content.xml] INFO  o.a.h.c.h.i.c.HttpRequestRetryExec - Recoverable I/O exception (java.net.SocketException) caught when processing request to {s}->https://sourceforge.net:443
2024-05-27 09:28:13,640 [Worker-23: http://sourceforge.net/projects/ireport/files/ireport/5.6.0/content.jar] INFO  o.a.h.c.h.i.c.HttpRequestRetryExec - Recoverable I/O exception (org.apache.hc.core5.http.NoHttpResponseException) caught when processing request to {}->http://sourceforge.net:80
2024-05-27 09:28:13,781 [Worker-26: http://sourceforge.net/projects/ireport/files/ireport/5.6.0/content.jar] INFO  o.a.h.c.h.i.c.HttpRequestRetryExec - Recoverable I/O exception (org.apache.hc.core5.http.NoHttpResponseException) caught when processing request to {}->http://sourceforge.net:80
2024-05-27 09:29:13,835 [Worker-27: https://sourceforge.net/projects/ireport/files/iReport/iReport-5.6.0/p2.index] INFO  o.a.h.c.h.i.c.HttpRequestRetryExec - Recoverable I/O exception (java.net.SocketException) caught when processing request to {s}->https://sourceforge.net:443
2024-05-27 09:29:14,179 [Worker-6: https://sourceforge.net/projects/ireport/files/iReport/iReport-5.6.0/p2.index] INFO  o.a.h.c.h.i.c.HttpRequestRetryExec - Recoverable I/O exception (java.net.SocketException) caught when processing request to {s}->https://sourceforge.net:443
2024-05-27 09:29:14,344 [Worker-22: https://sourceforge.net/projects/ireport/files/iReport/iReport-5.6.0/content.jar] INFO  o.a.h.c.h.i.c.HttpRequestRetryExec - Recoverable I/O exception (java.net.SocketException) caught when processing request to {s}->https://sourceforge.net:443
2024-05-27 09:29:14,495 [Worker-5: https://sourceforge.net/projects/ireport/files/iReport/iReport-5.6.0/content.xml] INFO  o.a.h.c.h.i.c.HttpRequestRetryExec - Recoverable I/O exception (java.net.SocketException) caught when processing request to {s}->https://sourceforge.net:443
2024-05-27 09:29:30,286 [Worker-25: https://sourceforge.net/projects/jasperstudio/files/updatesite/6.2.2/p2.index] INFO  o.a.h.c.h.i.c.HttpRequestRetryExec - Recoverable I/O exception (java.net.SocketException) caught when processing request to {s}->https://sourceforge.net:443
2024-05-27 09:29:30,664 [Worker-23: https://sourceforge.net/projects/jasperstudio/files/updatesite/6.2.2/p2.index] INFO  o.a.h.c.h.i.c.HttpRequestRetryExec - Recoverable I/O exception (java.net.SocketException) caught when processing request to {s}->https://sourceforge.net:443
2024-05-27 09:29:30,895 [Worker-26: https://sourceforge.net/projects/jasperstudio/files/updatesite/6.2.2/content.jar] INFO  o.a.h.c.h.i.c.HttpRequestRetryExec - Recoverable I/O exception (java.net.SocketException) caught when processing request to {s}->https://sourceforge.net:443
2024-05-27 09:29:31,040 [Worker-6: https://sourceforge.net/projects/jasperstudio/files/updatesite/6.2.2/content.xml] INFO  o.a.h.c.h.i.c.HttpRequestRetryExec - Recoverable I/O exception (java.net.SocketException) caught when processing request to {s}->https://sourceforge.net:443
2024-05-27 09:30:05,506 [Worker-22: https://sourceforge.net/projects/sapnweclipse/files/updates/p2.index] INFO  o.a.h.c.h.i.c.HttpRequestRetryExec - Recoverable I/O exception (java.net.SocketException) caught when processing request to {s}->https://sourceforge.net:443
2024-05-27 09:30:06,099 [Worker-5: https://sourceforge.net/projects/sapnweclipse/files/updates/p2.index] INFO  o.a.h.c.h.i.c.HttpRequestRetryExec - Recoverable I/O exception (java.net.SocketException) caught when processing request to {s}->https://sourceforge.net:443
2024-05-27 09:30:06,468 [Worker-27: https://sourceforge.net/projects/sapnweclipse/files/updates/site.xml] INFO  o.a.h.c.h.i.c.HttpRequestRetryExec - Recoverable I/O exception (java.net.SocketException) caught when processing request to {s}->https://sourceforge.net:443
2024-05-27 09:30:06,875 [Worker-6: https://sourceforge.net/projects/sapnweclipse/files/updates/site.xml] INFO  o.a.h.c.h.i.c.HttpRequestRetryExec - Recoverable I/O exception (java.net.SocketException) caught when processing request to {s}->https://sourceforge.net:443
2024-05-27 09:30:12,724 [Worker-25: http://sourceforge.net/projects/jasperstudio/files/updatesite/6.2.2/content.jar] INFO  o.a.h.c.h.i.c.HttpRequestRetryExec - Recoverable I/O exception (org.apache.hc.core5.http.NoHttpResponseException) caught when processing request to {}->http://sourceforge.net:80
2024-05-27 09:30:12,843 [Worker-23: http://sourceforge.net/projects/jasperstudio/files/updatesite/6.2.2/content.jar] INFO  o.a.h.c.h.i.c.HttpRequestRetryExec - Recoverable I/O exception (org.apache.hc.core5.http.NoHttpResponseException) caught when processing request to {}->http://sourceforge.net:80
2024-05-27 09:35:25,306 [Worker-6: https://sourceforge.net/projects/jasperstudio/files/updatesite/6.3.0/p2.index] INFO  o.a.h.c.h.i.c.HttpRequestRetryExec - Recoverable I/O exception (java.net.SocketException) caught when processing request to {s}->https://sourceforge.net:443
2024-05-27 09:35:25,806 [Worker-22: https://sourceforge.net/projects/jasperstudio/files/updatesite/6.3.0/p2.index] INFO  o.a.h.c.h.i.c.HttpRequestRetryExec - Recoverable I/O exception (java.net.SocketException) caught when processing request to {s}->https://sourceforge.net:443
2024-05-27 09:35:25,929 [Worker-25: https://sourceforge.net/projects/jasperstudio/files/updatesite/6.3.0/content.jar] INFO  o.a.h.c.h.i.c.HttpRequestRetryExec - Recoverable I/O exception (java.net.SocketException) caught when processing request to {s}->https://sourceforge.net:443
2024-05-27 09:35:26,174 [Worker-5: https://sourceforge.net/projects/jasperstudio/files/updatesite/6.3.0/content.xml] INFO  o.a.h.c.h.i.c.HttpRequestRetryExec - Recoverable I/O exception (java.net.SocketException) caught when processing request to {s}->https://sourceforge.net:443
2024-05-27 09:35:26,282 [Worker-26: https://sourceforge.net/projects/ireport/files/iReport/iReport-5.6.0/iReport-5.6.0-windows-installer.exe/download/p2.index] INFO  o.a.h.c.h.i.c.HttpRequestRetryExec - Recoverable I/O exception (java.net.SocketException) caught when processing request to {s}->https://sourceforge.net:443
2024-05-27 09:35:26,773 [Worker-27: https://sourceforge.net/projects/ireport/files/iReport/iReport-5.6.0/iReport-5.6.0-windows-installer.exe/download/p2.index] INFO  o.a.h.c.h.i.c.HttpRequestRetryExec - Recoverable I/O exception (java.net.SocketException) caught when processing request to {s}->https://sourceforge.net:443
2024-05-27 09:35:26,975 [Worker-23: https://sourceforge.net/projects/ireport/files/iReport/iReport-5.6.0/iReport-5.6.0-windows-installer.exe/download/content.jar] INFO  o.a.h.c.h.i.c.HttpRequestRetryExec - Recoverable I/O exception (java.net.SocketException) caught when processing request to {s}->https://sourceforge.net:443
2024-05-27 09:35:27,108 [Worker-24: https://sourceforge.net/projects/ireport/files/iReport/iReport-5.6.0/iReport-5.6.0-windows-installer.exe/download/content.xml] INFO  o.a.h.c.h.i.c.HttpRequestRetryExec - Recoverable I/O exception (java.net.SocketException) caught when processing request to {s}->https://sourceforge.net:443
2024-05-27 09:35:27,376 [Worker-26: http://sourceforge.net/projects/ireport/files/ireport/5.6.0/content.jar] INFO  o.a.h.c.h.i.c.HttpRequestRetryExec - Recoverable I/O exception (org.apache.hc.core5.http.NoHttpResponseException) caught when processing request to {}->http://sourceforge.net:80
2024-05-27 09:35:27,439 [Worker-5: http://sourceforge.net/projects/ireport/files/ireport/5.6.0/content.jar] INFO  o.a.h.c.h.i.c.HttpRequestRetryExec - Recoverable I/O exception (org.apache.hc.core5.http.NoHttpResponseException) caught when processing request to {}->http://sourceforge.net:80
2024-05-27 09:35:27,544 [Worker-25: https://sourceforge.net/projects/ireport/files/iReport/iReport-5.6.0/p2.index] INFO  o.a.h.c.h.i.c.HttpRequestRetryExec - Recoverable I/O exception (java.net.SocketException) caught when processing request to {s}->https://sourceforge.net:443
2024-05-27 09:35:27,938 [Worker-27: https://sourceforge.net/projects/ireport/files/iReport/iReport-5.6.0/p2.index] INFO  o.a.h.c.h.i.c.HttpRequestRetryExec - Recoverable I/O exception (java.net.SocketException) caught when processing request to {s}->https://sourceforge.net:443
2024-05-27 09:35:28,062 [Worker-22: https://sourceforge.net/projects/ireport/files/iReport/iReport-5.6.0/content.jar] INFO  o.a.h.c.h.i.c.HttpRequestRetryExec - Recoverable I/O exception (java.net.SocketException) caught when processing request to {s}->https://sourceforge.net:443
2024-05-27 09:35:28,162 [Worker-26: https://sourceforge.net/projects/ireport/files/iReport/iReport-5.6.0/content.xml] INFO  o.a.h.c.h.i.c.HttpRequestRetryExec - Recoverable I/O exception (java.net.SocketException) caught when processing request to {s}->https://sourceforge.net:443
2024-05-27 09:35:28,397 [Worker-24: https://sourceforge.net/projects/jasperstudio/files/updatesite/6.2.2/p2.index] INFO  o.a.h.c.h.i.c.HttpRequestRetryExec - Recoverable I/O exception (java.net.SocketException) caught when processing request to {s}->https://sourceforge.net:443
2024-05-27 09:35:28,780 [Worker-23: https://sourceforge.net/projects/jasperstudio/files/updatesite/6.2.2/p2.index] INFO  o.a.h.c.h.i.c.HttpRequestRetryExec - Recoverable I/O exception (java.net.SocketException) caught when processing request to {s}->https://sourceforge.net:443
2024-05-27 09:35:28,845 [Worker-25: https://sourceforge.net/projects/jasperstudio/files/updatesite/6.2.2/content.jar] INFO  o.a.h.c.h.i.c.HttpRequestRetryExec - Recoverable I/O exception (java.net.SocketException) caught when processing request to {s}->https://sourceforge.net:443
2024-05-27 09:35:28,998 [Worker-6: https://sourceforge.net/projects/jasperstudio/files/updatesite/6.2.2/content.xml] INFO  o.a.h.c.h.i.c.HttpRequestRetryExec - Recoverable I/O exception (java.net.SocketException) caught when processing request to {s}->https://sourceforge.net:443
2024-05-27 09:35:29,204 [Worker-25: https://sourceforge.net/projects/sapnweclipse/files/updates/p2.index] INFO  o.a.h.c.h.i.c.HttpRequestRetryExec - Recoverable I/O exception (java.net.SocketException) caught when processing request to {s}->https://sourceforge.net:443
2024-05-27 09:35:29,564 [Worker-24: https://sourceforge.net/projects/sapnweclipse/files/updates/p2.index] INFO  o.a.h.c.h.i.c.HttpRequestRetryExec - Recoverable I/O exception (java.net.SocketException) caught when processing request to {s}->https://sourceforge.net:443
2024-05-27 09:35:29,673 [Worker-26: https://sourceforge.net/projects/sapnweclipse/files/updates/site.xml] INFO  o.a.h.c.h.i.c.HttpRequestRetryExec - Recoverable I/O exception (java.net.SocketException) caught when processing request to {s}->https://sourceforge.net:443
2024-05-27 09:35:30,022 [Worker-5: https://sourceforge.net/projects/sapnweclipse/files/updates/site.xml] INFO  o.a.h.c.h.i.c.HttpRequestRetryExec - Recoverable I/O exception (java.net.SocketException) caught when processing request to {s}->https://sourceforge.net:443
2024-05-27 09:35:30,130 [Worker-6: http://sourceforge.net/projects/jasperstudio/files/updatesite/6.2.2/content.jar] INFO  o.a.h.c.h.i.c.HttpRequestRetryExec - Recoverable I/O exception (org.apache.hc.core5.http.NoHttpResponseException) caught when processing request to {}->http://sourceforge.net:80
2024-05-27 09:35:30,220 [Worker-5: http://sourceforge.net/projects/jasperstudio/files/updatesite/6.2.2/content.jar] INFO  o.a.h.c.h.i.c.HttpRequestRetryExec - Recoverable I/O exception (org.apache.hc.core5.http.NoHttpResponseException) caught when processing request to {}->http://sourceforge.net:80
2024-05-27 09:42:20,859 [Worker-29: Launching LocationApiControllerTests.testValidateRequestBodyAllFieldInvalid] INFO  o.a.m.s.f.DefaultMavenResourcesFiltering - Copying 1 resource from src\main\resources to target\classes
2024-05-27 09:42:20,884 [Worker-29: Launching LocationApiControllerTests.testValidateRequestBodyAllFieldInvalid] INFO  o.a.m.s.f.DefaultMavenResourcesFiltering - Copying 0 resource from src\main\resources to target\classes
2024-05-27 09:42:20,889 [Worker-29: Launching LocationApiControllerTests.testValidateRequestBodyAllFieldInvalid] INFO  o.a.m.s.f.DefaultMavenResourcesFiltering - skip non existing resourceDirectory D:\project-java-spring\RestApiCourse\WeatherAPIs\WeatherApiProject\WeatherApiCommon\src\test\resources
2024-05-27 09:42:23,319 [Worker-29: Launching LocationApiControllerTests.testValidateRequestBodyAllFieldInvalid] INFO  o.e.m.c.i.p.WorkspaceClassifierResolverManager - Resolving P/WeatherApiCommon: com.weatherapi:weather-api-common:1.0.0 with classifier  to /WeatherApiCommon/target/classes
2024-05-27 09:42:23,431 [Worker-29: Launching LocationApiControllerTests.testValidateRequestBodyAllFieldInvalid] INFO  o.a.m.s.f.DefaultMavenResourcesFiltering - Copying 1 resource from src\main\resources to target\classes
2024-05-27 09:42:23,448 [Worker-29: Launching LocationApiControllerTests.testValidateRequestBodyAllFieldInvalid] INFO  o.a.m.s.f.DefaultMavenResourcesFiltering - Copying 0 resource from src\main\resources to target\classes
2024-05-27 09:42:23,453 [Worker-29: Launching LocationApiControllerTests.testValidateRequestBodyAllFieldInvalid] INFO  o.a.m.s.f.DefaultMavenResourcesFiltering - skip non existing resourceDirectory D:\project-java-spring\RestApiCourse\WeatherAPIs\WeatherApiProject\WeatherApiService\src\test\resources
2024-05-27 09:42:23,714 [Worker-29: Launching LocationApiControllerTests.testValidateRequestBodyAllFieldInvalid] INFO  o.e.m.c.i.p.WorkspaceClassifierResolverManager - Resolving P/WeatherApiCommon: com.weatherapi:weather-api-common:1.0.0 with classifier null to /WeatherApiCommon/target/classes
2024-05-27 09:42:23,979 [Worker-29: Launching LocationApiControllerTests.testValidateRequestBodyAllFieldInvalid] INFO  o.e.m.c.i.p.WorkspaceClassifierResolverManager - Resolving P/WeatherApiCommon: com.weatherapi:weather-api-common:1.0.0 with classifier null to /WeatherApiCommon/target/classes
2024-05-27 11:06:35,882 [ForkJoinPool.commonPool-worker-5] INFO  o.s.s.s.o.s.c.s.PostProcessorRegistrationDelegate$BeanPostProcessorChecker - Bean 'sonarLintSpringAppConfig' of type [org.sonarsource.sonarlint.core.spring.SonarLintSpringAppConfig$$EnhancerBySpringCGLIB$$b3134daa] is not eligible for getting processed by all BeanPostProcessors (for example: not eligible for auto-proxying)
2024-05-27 11:06:36,017 [ForkJoinPool.commonPool-worker-5] INFO  o.s.s.s.o.s.c.s.PostProcessorRegistrationDelegate$BeanPostProcessorChecker - Bean 'provideClientEventBus' of type [com.google.common.eventbus.AsyncEventBus] is not eligible for getting processed by all BeanPostProcessors (for example: not eligible for auto-proxying)
2024-05-27 11:06:41,118 [Worker-12: Loading available Gradle versions] INFO  o.e.b.c.i.u.g.PublishedGradleVersions - Gradle version information cache is up-to-date. Trying to read.
2024-05-27 12:13:50,060 [Worker-25: https://sourceforge.net/projects/jasperstudio/files/updatesite/6.3.0/p2.index] INFO  o.a.h.c.h.i.c.HttpRequestRetryExec - Recoverable I/O exception (java.net.SocketException) caught when processing request to {s}->https://sourceforge.net:443
2024-05-27 12:13:50,367 [Worker-27: https://sourceforge.net/projects/jasperstudio/files/updatesite/6.3.0/p2.index] INFO  o.a.h.c.h.i.c.HttpRequestRetryExec - Recoverable I/O exception (java.net.SocketException) caught when processing request to {s}->https://sourceforge.net:443
2024-05-27 12:13:50,493 [Worker-29: https://sourceforge.net/projects/jasperstudio/files/updatesite/6.3.0/content.jar] INFO  o.a.h.c.h.i.c.HttpRequestRetryExec - Recoverable I/O exception (java.net.SocketException) caught when processing request to {s}->https://sourceforge.net:443
2024-05-27 12:13:50,586 [Worker-28: https://sourceforge.net/projects/jasperstudio/files/updatesite/6.3.0/content.xml] INFO  o.a.h.c.h.i.c.HttpRequestRetryExec - Recoverable I/O exception (java.net.SocketException) caught when processing request to {s}->https://sourceforge.net:443
2024-05-27 12:14:09,128 [Worker-16: https://sourceforge.net/projects/ireport/files/iReport/iReport-5.6.0/iReport-5.6.0-windows-installer.exe/download/p2.index] INFO  o.a.h.c.h.i.c.HttpRequestRetryExec - Recoverable I/O exception (java.net.SocketException) caught when processing request to {s}->https://sourceforge.net:443
2024-05-27 12:14:09,441 [Worker-30: https://sourceforge.net/projects/ireport/files/iReport/iReport-5.6.0/iReport-5.6.0-windows-installer.exe/download/p2.index] INFO  o.a.h.c.h.i.c.HttpRequestRetryExec - Recoverable I/O exception (java.net.SocketException) caught when processing request to {s}->https://sourceforge.net:443
2024-05-27 12:14:09,519 [Worker-29: https://sourceforge.net/projects/ireport/files/iReport/iReport-5.6.0/iReport-5.6.0-windows-installer.exe/download/content.jar] INFO  o.a.h.c.h.i.c.HttpRequestRetryExec - Recoverable I/O exception (java.net.SocketException) caught when processing request to {s}->https://sourceforge.net:443
2024-05-27 12:14:09,613 [Worker-25: https://sourceforge.net/projects/ireport/files/iReport/iReport-5.6.0/iReport-5.6.0-windows-installer.exe/download/content.xml] INFO  o.a.h.c.h.i.c.HttpRequestRetryExec - Recoverable I/O exception (java.net.SocketException) caught when processing request to {s}->https://sourceforge.net:443
2024-05-27 12:15:40,084 [Worker-25: http://sourceforge.net/projects/ireport/files/ireport/5.6.0/content.jar] INFO  o.a.h.c.h.i.c.HttpRequestRetryExec - Recoverable I/O exception (org.apache.hc.core5.http.NoHttpResponseException) caught when processing request to {}->http://sourceforge.net:80
2024-05-27 12:15:40,128 [Worker-27: http://sourceforge.net/projects/ireport/files/ireport/5.6.0/content.jar] INFO  o.a.h.c.h.i.c.HttpRequestRetryExec - Recoverable I/O exception (org.apache.hc.core5.http.NoHttpResponseException) caught when processing request to {}->http://sourceforge.net:80
2024-05-27 12:16:36,442 [Worker-27: https://sourceforge.net/projects/ireport/files/iReport/iReport-5.6.0/p2.index] INFO  o.a.h.c.h.i.c.HttpRequestRetryExec - Recoverable I/O exception (java.net.SocketException) caught when processing request to {s}->https://sourceforge.net:443
2024-05-27 12:16:36,787 [Worker-32: https://sourceforge.net/projects/ireport/files/iReport/iReport-5.6.0/p2.index] INFO  o.a.h.c.h.i.c.HttpRequestRetryExec - Recoverable I/O exception (java.net.SocketException) caught when processing request to {s}->https://sourceforge.net:443
2024-05-27 12:16:36,912 [Worker-16: https://sourceforge.net/projects/ireport/files/iReport/iReport-5.6.0/content.jar] INFO  o.a.h.c.h.i.c.HttpRequestRetryExec - Recoverable I/O exception (java.net.SocketException) caught when processing request to {s}->https://sourceforge.net:443
2024-05-27 12:16:37,085 [Worker-29: https://sourceforge.net/projects/ireport/files/iReport/iReport-5.6.0/content.xml] INFO  o.a.h.c.h.i.c.HttpRequestRetryExec - Recoverable I/O exception (java.net.SocketException) caught when processing request to {s}->https://sourceforge.net:443
2024-05-27 12:16:51,707 [Worker-33: https://sourceforge.net/projects/jasperstudio/files/updatesite/6.2.2/p2.index] INFO  o.a.h.c.h.i.c.HttpRequestRetryExec - Recoverable I/O exception (java.net.SocketException) caught when processing request to {s}->https://sourceforge.net:443
2024-05-27 12:16:52,005 [Worker-29: https://sourceforge.net/projects/jasperstudio/files/updatesite/6.2.2/p2.index] INFO  o.a.h.c.h.i.c.HttpRequestRetryExec - Recoverable I/O exception (java.net.SocketException) caught when processing request to {s}->https://sourceforge.net:443
2024-05-27 12:16:52,083 [Worker-25: https://sourceforge.net/projects/jasperstudio/files/updatesite/6.2.2/content.jar] INFO  o.a.h.c.h.i.c.HttpRequestRetryExec - Recoverable I/O exception (java.net.SocketException) caught when processing request to {s}->https://sourceforge.net:443
2024-05-27 12:16:52,302 [Worker-33: https://sourceforge.net/projects/jasperstudio/files/updatesite/6.2.2/content.xml] INFO  o.a.h.c.h.i.c.HttpRequestRetryExec - Recoverable I/O exception (java.net.SocketException) caught when processing request to {s}->https://sourceforge.net:443
2024-05-27 12:17:21,697 [Worker-32: https://sourceforge.net/projects/sapnweclipse/files/updates/p2.index] INFO  o.a.h.c.h.i.c.HttpRequestRetryExec - Recoverable I/O exception (java.net.SocketException) caught when processing request to {s}->https://sourceforge.net:443
2024-05-27 12:17:21,949 [Worker-25: https://sourceforge.net/projects/sapnweclipse/files/updates/p2.index] INFO  o.a.h.c.h.i.c.HttpRequestRetryExec - Recoverable I/O exception (java.net.SocketException) caught when processing request to {s}->https://sourceforge.net:443
2024-05-27 12:17:22,011 [Worker-28: https://sourceforge.net/projects/sapnweclipse/files/updates/site.xml] INFO  o.a.h.c.h.i.c.HttpRequestRetryExec - Recoverable I/O exception (java.net.SocketException) caught when processing request to {s}->https://sourceforge.net:443
2024-05-27 12:17:22,277 [Worker-30: https://sourceforge.net/projects/sapnweclipse/files/updates/site.xml] INFO  o.a.h.c.h.i.c.HttpRequestRetryExec - Recoverable I/O exception (java.net.SocketException) caught when processing request to {s}->https://sourceforge.net:443
2024-05-27 12:17:29,004 [Worker-27: http://sourceforge.net/projects/jasperstudio/files/updatesite/6.2.2/content.jar] INFO  o.a.h.c.h.i.c.HttpRequestRetryExec - Recoverable I/O exception (org.apache.hc.core5.http.NoHttpResponseException) caught when processing request to {}->http://sourceforge.net:80
2024-05-27 12:17:29,036 [Worker-29: http://sourceforge.net/projects/jasperstudio/files/updatesite/6.2.2/content.jar] INFO  o.a.h.c.h.i.c.HttpRequestRetryExec - Recoverable I/O exception (org.apache.hc.core5.http.NoHttpResponseException) caught when processing request to {}->http://sourceforge.net:80
2024-05-27 12:22:08,673 [Worker-29: https://sourceforge.net/projects/jasperstudio/files/updatesite/6.3.0/p2.index] INFO  o.a.h.c.h.i.c.HttpRequestRetryExec - Recoverable I/O exception (java.net.SocketException) caught when processing request to {s}->https://sourceforge.net:443
2024-05-27 12:22:08,954 [Worker-31: https://sourceforge.net/projects/jasperstudio/files/updatesite/6.3.0/p2.index] INFO  o.a.h.c.h.i.c.HttpRequestRetryExec - Recoverable I/O exception (java.net.SocketException) caught when processing request to {s}->https://sourceforge.net:443
2024-05-27 12:22:09,033 [Worker-16: https://sourceforge.net/projects/jasperstudio/files/updatesite/6.3.0/content.jar] INFO  o.a.h.c.h.i.c.HttpRequestRetryExec - Recoverable I/O exception (java.net.SocketException) caught when processing request to {s}->https://sourceforge.net:443
2024-05-27 12:22:09,080 [Worker-27: https://sourceforge.net/projects/jasperstudio/files/updatesite/6.3.0/content.xml] INFO  o.a.h.c.h.i.c.HttpRequestRetryExec - Recoverable I/O exception (java.net.SocketException) caught when processing request to {s}->https://sourceforge.net:443
2024-05-27 12:22:09,174 [Worker-29: https://sourceforge.net/projects/ireport/files/iReport/iReport-5.6.0/iReport-5.6.0-windows-installer.exe/download/p2.index] INFO  o.a.h.c.h.i.c.HttpRequestRetryExec - Recoverable I/O exception (java.net.SocketException) caught when processing request to {s}->https://sourceforge.net:443
2024-05-27 12:22:09,502 [Worker-33: https://sourceforge.net/projects/ireport/files/iReport/iReport-5.6.0/iReport-5.6.0-windows-installer.exe/download/p2.index] INFO  o.a.h.c.h.i.c.HttpRequestRetryExec - Recoverable I/O exception (java.net.SocketException) caught when processing request to {s}->https://sourceforge.net:443
2024-05-27 12:22:09,572 [Worker-29: https://sourceforge.net/projects/ireport/files/iReport/iReport-5.6.0/iReport-5.6.0-windows-installer.exe/download/content.jar] INFO  o.a.h.c.h.i.c.HttpRequestRetryExec - Recoverable I/O exception (java.net.SocketException) caught when processing request to {s}->https://sourceforge.net:443
2024-05-27 12:22:09,674 [Worker-25: https://sourceforge.net/projects/ireport/files/iReport/iReport-5.6.0/iReport-5.6.0-windows-installer.exe/download/content.xml] INFO  o.a.h.c.h.i.c.HttpRequestRetryExec - Recoverable I/O exception (java.net.SocketException) caught when processing request to {s}->https://sourceforge.net:443
2024-05-27 12:22:09,785 [Worker-31: http://sourceforge.net/projects/ireport/files/ireport/5.6.0/content.jar] INFO  o.a.h.c.h.i.c.HttpRequestRetryExec - Recoverable I/O exception (org.apache.hc.core5.http.NoHttpResponseException) caught when processing request to {}->http://sourceforge.net:80
2024-05-27 12:22:09,832 [Worker-32: http://sourceforge.net/projects/ireport/files/ireport/5.6.0/content.jar] INFO  o.a.h.c.h.i.c.HttpRequestRetryExec - Recoverable I/O exception (org.apache.hc.core5.http.NoHttpResponseException) caught when processing request to {}->http://sourceforge.net:80
2024-05-27 12:22:09,895 [Worker-31: https://sourceforge.net/projects/ireport/files/iReport/iReport-5.6.0/p2.index] INFO  o.a.h.c.h.i.c.HttpRequestRetryExec - Recoverable I/O exception (java.net.SocketException) caught when processing request to {s}->https://sourceforge.net:443
2024-05-27 12:22:10,163 [Worker-27: https://sourceforge.net/projects/ireport/files/iReport/iReport-5.6.0/p2.index] INFO  o.a.h.c.h.i.c.HttpRequestRetryExec - Recoverable I/O exception (java.net.SocketException) caught when processing request to {s}->https://sourceforge.net:443
2024-05-27 12:22:10,225 [Worker-16: https://sourceforge.net/projects/ireport/files/iReport/iReport-5.6.0/content.jar] INFO  o.a.h.c.h.i.c.HttpRequestRetryExec - Recoverable I/O exception (java.net.SocketException) caught when processing request to {s}->https://sourceforge.net:443
2024-05-27 12:22:10,335 [Worker-28: https://sourceforge.net/projects/ireport/files/iReport/iReport-5.6.0/content.xml] INFO  o.a.h.c.h.i.c.HttpRequestRetryExec - Recoverable I/O exception (java.net.SocketException) caught when processing request to {s}->https://sourceforge.net:443
2024-05-27 12:22:10,445 [Worker-25: https://sourceforge.net/projects/jasperstudio/files/updatesite/6.2.2/p2.index] INFO  o.a.h.c.h.i.c.HttpRequestRetryExec - Recoverable I/O exception (java.net.SocketException) caught when processing request to {s}->https://sourceforge.net:443
2024-05-27 12:22:10,758 [Worker-28: https://sourceforge.net/projects/jasperstudio/files/updatesite/6.2.2/p2.index] INFO  o.a.h.c.h.i.c.HttpRequestRetryExec - Recoverable I/O exception (java.net.SocketException) caught when processing request to {s}->https://sourceforge.net:443
2024-05-27 12:22:10,852 [Worker-33: https://sourceforge.net/projects/jasperstudio/files/updatesite/6.2.2/content.jar] INFO  o.a.h.c.h.i.c.HttpRequestRetryExec - Recoverable I/O exception (java.net.SocketException) caught when processing request to {s}->https://sourceforge.net:443
2024-05-27 12:22:10,930 [Worker-27: https://sourceforge.net/projects/jasperstudio/files/updatesite/6.2.2/content.xml] INFO  o.a.h.c.h.i.c.HttpRequestRetryExec - Recoverable I/O exception (java.net.SocketException) caught when processing request to {s}->https://sourceforge.net:443
2024-05-27 12:22:10,993 [Worker-33: https://sourceforge.net/projects/sapnweclipse/files/updates/p2.index] INFO  o.a.h.c.h.i.c.HttpRequestRetryExec - Recoverable I/O exception (java.net.SocketException) caught when processing request to {s}->https://sourceforge.net:443
2024-05-27 12:22:11,290 [Worker-28: https://sourceforge.net/projects/sapnweclipse/files/updates/p2.index] INFO  o.a.h.c.h.i.c.HttpRequestRetryExec - Recoverable I/O exception (java.net.SocketException) caught when processing request to {s}->https://sourceforge.net:443
2024-05-27 12:22:11,384 [Worker-27: https://sourceforge.net/projects/sapnweclipse/files/updates/site.xml] INFO  o.a.h.c.h.i.c.HttpRequestRetryExec - Recoverable I/O exception (java.net.SocketException) caught when processing request to {s}->https://sourceforge.net:443
2024-05-27 12:22:11,650 [Worker-16: https://sourceforge.net/projects/sapnweclipse/files/updates/site.xml] INFO  o.a.h.c.h.i.c.HttpRequestRetryExec - Recoverable I/O exception (java.net.SocketException) caught when processing request to {s}->https://sourceforge.net:443
2024-05-27 12:22:11,743 [Worker-31: http://sourceforge.net/projects/jasperstudio/files/updatesite/6.2.2/content.jar] INFO  o.a.h.c.h.i.c.HttpRequestRetryExec - Recoverable I/O exception (org.apache.hc.core5.http.NoHttpResponseException) caught when processing request to {}->http://sourceforge.net:80
2024-05-27 12:22:11,775 [Worker-29: http://sourceforge.net/projects/jasperstudio/files/updatesite/6.2.2/content.jar] INFO  o.a.h.c.h.i.c.HttpRequestRetryExec - Recoverable I/O exception (org.apache.hc.core5.http.NoHttpResponseException) caught when processing request to {}->http://sourceforge.net:80
2024-05-28 20:13:47,241 [ForkJoinPool.commonPool-worker-3] INFO  o.s.s.s.o.s.c.s.PostProcessorRegistrationDelegate$BeanPostProcessorChecker - Bean 'sonarLintSpringAppConfig' of type [org.sonarsource.sonarlint.core.spring.SonarLintSpringAppConfig$$EnhancerBySpringCGLIB$$d59fe1d] is not eligible for getting processed by all BeanPostProcessors (for example: not eligible for auto-proxying)
2024-05-28 20:13:47,318 [ForkJoinPool.commonPool-worker-3] INFO  o.s.s.s.o.s.c.s.PostProcessorRegistrationDelegate$BeanPostProcessorChecker - Bean 'provideClientEventBus' of type [com.google.common.eventbus.AsyncEventBus] is not eligible for getting processed by all BeanPostProcessors (for example: not eligible for auto-proxying)
2024-05-28 20:13:48,509 [Worker-11: Loading available Gradle versions] INFO  o.e.b.c.i.u.g.PublishedGradleVersions - Gradle version information cache is up-to-date. Trying to read.
2024-05-29 15:14:12,033 [Worker-10: Loading available Gradle versions] INFO  o.e.b.c.i.u.g.PublishedGradleVersions - Gradle version information cache is out-of-date. Trying to update.
2024-05-29 15:14:18,866 [ForkJoinPool.commonPool-worker-2] INFO  o.s.s.s.o.s.c.s.PostProcessorRegistrationDelegate$BeanPostProcessorChecker - Bean 'sonarLintSpringAppConfig' of type [org.sonarsource.sonarlint.core.spring.SonarLintSpringAppConfig$$EnhancerBySpringCGLIB$$79f18402] is not eligible for getting processed by all BeanPostProcessors (for example: not eligible for auto-proxying)
2024-05-29 15:14:19,063 [ForkJoinPool.commonPool-worker-2] INFO  o.s.s.s.o.s.c.s.PostProcessorRegistrationDelegate$BeanPostProcessorChecker - Bean 'provideClientEventBus' of type [com.google.common.eventbus.AsyncEventBus] is not eligible for getting processed by all BeanPostProcessors (for example: not eligible for auto-proxying)
2024-05-29 16:00:26,850 [Worker-27: https://sourceforge.net/projects/jasperstudio/files/updatesite/6.3.0/p2.index] INFO  o.a.h.c.h.i.c.HttpRequestRetryExec - Recoverable I/O exception (java.net.SocketException) caught when processing request to {s}->https://sourceforge.net:443
2024-05-29 16:00:27,150 [Worker-23: https://sourceforge.net/projects/jasperstudio/files/updatesite/6.3.0/p2.index] INFO  o.a.h.c.h.i.c.HttpRequestRetryExec - Recoverable I/O exception (java.net.SocketException) caught when processing request to {s}->https://sourceforge.net:443
2024-05-29 16:00:27,220 [Worker-25: https://sourceforge.net/projects/jasperstudio/files/updatesite/6.3.0/content.jar] INFO  o.a.h.c.h.i.c.HttpRequestRetryExec - Recoverable I/O exception (java.net.SocketException) caught when processing request to {s}->https://sourceforge.net:443
2024-05-29 16:00:27,290 [Worker-17: https://sourceforge.net/projects/jasperstudio/files/updatesite/6.3.0/content.xml] INFO  o.a.h.c.h.i.c.HttpRequestRetryExec - Recoverable I/O exception (java.net.SocketException) caught when processing request to {s}->https://sourceforge.net:443
2024-05-29 16:00:42,422 [Worker-12: https://sourceforge.net/projects/ireport/files/iReport/iReport-5.6.0/iReport-5.6.0-windows-installer.exe/download/p2.index] INFO  o.a.h.c.h.i.c.HttpRequestRetryExec - Recoverable I/O exception (java.net.SocketException) caught when processing request to {s}->https://sourceforge.net:443
2024-05-29 16:00:42,715 [Worker-11: https://sourceforge.net/projects/ireport/files/iReport/iReport-5.6.0/iReport-5.6.0-windows-installer.exe/download/p2.index] INFO  o.a.h.c.h.i.c.HttpRequestRetryExec - Recoverable I/O exception (java.net.SocketException) caught when processing request to {s}->https://sourceforge.net:443
2024-05-29 16:00:42,777 [Worker-10: https://sourceforge.net/projects/ireport/files/iReport/iReport-5.6.0/iReport-5.6.0-windows-installer.exe/download/content.jar] INFO  o.a.h.c.h.i.c.HttpRequestRetryExec - Recoverable I/O exception (java.net.SocketException) caught when processing request to {s}->https://sourceforge.net:443
2024-05-29 16:00:42,826 [Worker-15: https://sourceforge.net/projects/ireport/files/iReport/iReport-5.6.0/iReport-5.6.0-windows-installer.exe/download/content.xml] INFO  o.a.h.c.h.i.c.HttpRequestRetryExec - Recoverable I/O exception (java.net.SocketException) caught when processing request to {s}->https://sourceforge.net:443
2024-05-29 16:02:00,241 [Worker-3: http://sourceforge.net/projects/ireport/files/ireport/5.6.0/content.jar] INFO  o.a.h.c.h.i.c.HttpRequestRetryExec - Recoverable I/O exception (org.apache.hc.core5.http.NoHttpResponseException) caught when processing request to {}->http://sourceforge.net:80
2024-05-29 16:02:00,292 [Worker-10: http://sourceforge.net/projects/ireport/files/ireport/5.6.0/content.jar] INFO  o.a.h.c.h.i.c.HttpRequestRetryExec - Recoverable I/O exception (org.apache.hc.core5.http.NoHttpResponseException) caught when processing request to {}->http://sourceforge.net:80
2024-05-29 16:02:54,538 [Worker-1: https://sourceforge.net/projects/ireport/files/iReport/iReport-5.6.0/p2.index] INFO  o.a.h.c.h.i.c.HttpRequestRetryExec - Recoverable I/O exception (java.net.SocketException) caught when processing request to {s}->https://sourceforge.net:443
2024-05-29 16:02:54,802 [Worker-23: https://sourceforge.net/projects/ireport/files/iReport/iReport-5.6.0/p2.index] INFO  o.a.h.c.h.i.c.HttpRequestRetryExec - Recoverable I/O exception (java.net.SocketException) caught when processing request to {s}->https://sourceforge.net:443
2024-05-29 16:02:54,858 [Worker-12: https://sourceforge.net/projects/ireport/files/iReport/iReport-5.6.0/content.jar] INFO  o.a.h.c.h.i.c.HttpRequestRetryExec - Recoverable I/O exception (java.net.SocketException) caught when processing request to {s}->https://sourceforge.net:443
2024-05-29 16:02:54,910 [Worker-18: https://sourceforge.net/projects/ireport/files/iReport/iReport-5.6.0/content.xml] INFO  o.a.h.c.h.i.c.HttpRequestRetryExec - Recoverable I/O exception (java.net.SocketException) caught when processing request to {s}->https://sourceforge.net:443
2024-05-29 16:03:09,063 [Worker-21: https://sourceforge.net/projects/jasperstudio/files/updatesite/6.2.2/p2.index] INFO  o.a.h.c.h.i.c.HttpRequestRetryExec - Recoverable I/O exception (java.net.SocketException) caught when processing request to {s}->https://sourceforge.net:443
2024-05-29 16:03:09,349 [Worker-0: https://sourceforge.net/projects/jasperstudio/files/updatesite/6.2.2/p2.index] INFO  o.a.h.c.h.i.c.HttpRequestRetryExec - Recoverable I/O exception (java.net.SocketException) caught when processing request to {s}->https://sourceforge.net:443
2024-05-29 16:03:09,452 [Worker-2: https://sourceforge.net/projects/jasperstudio/files/updatesite/6.2.2/content.jar] INFO  o.a.h.c.h.i.c.HttpRequestRetryExec - Recoverable I/O exception (java.net.SocketException) caught when processing request to {s}->https://sourceforge.net:443
2024-05-29 16:03:09,535 [Worker-23: https://sourceforge.net/projects/jasperstudio/files/updatesite/6.2.2/content.xml] INFO  o.a.h.c.h.i.c.HttpRequestRetryExec - Recoverable I/O exception (java.net.SocketException) caught when processing request to {s}->https://sourceforge.net:443
2024-05-29 16:03:38,905 [Worker-14: https://sourceforge.net/projects/sapnweclipse/files/updates/p2.index] INFO  o.a.h.c.h.i.c.HttpRequestRetryExec - Recoverable I/O exception (java.net.SocketException) caught when processing request to {s}->https://sourceforge.net:443
2024-05-29 16:03:39,206 [Worker-12: https://sourceforge.net/projects/sapnweclipse/files/updates/p2.index] INFO  o.a.h.c.h.i.c.HttpRequestRetryExec - Recoverable I/O exception (java.net.SocketException) caught when processing request to {s}->https://sourceforge.net:443
2024-05-29 16:03:39,326 [Worker-15: https://sourceforge.net/projects/sapnweclipse/files/updates/site.xml] INFO  o.a.h.c.h.i.c.HttpRequestRetryExec - Recoverable I/O exception (java.net.SocketException) caught when processing request to {s}->https://sourceforge.net:443
2024-05-29 16:03:39,636 [Worker-24: https://sourceforge.net/projects/sapnweclipse/files/updates/site.xml] INFO  o.a.h.c.h.i.c.HttpRequestRetryExec - Recoverable I/O exception (java.net.SocketException) caught when processing request to {s}->https://sourceforge.net:443
2024-05-29 16:03:44,467 [Worker-21: http://sourceforge.net/projects/jasperstudio/files/updatesite/6.2.2/content.jar] INFO  o.a.h.c.h.i.c.HttpRequestRetryExec - Recoverable I/O exception (org.apache.hc.core5.http.NoHttpResponseException) caught when processing request to {}->http://sourceforge.net:80
2024-05-29 16:03:44,535 [Worker-29: http://sourceforge.net/projects/jasperstudio/files/updatesite/6.2.2/content.jar] INFO  o.a.h.c.h.i.c.HttpRequestRetryExec - Recoverable I/O exception (org.apache.hc.core5.http.NoHttpResponseException) caught when processing request to {}->http://sourceforge.net:80
2024-05-29 16:08:13,694 [Worker-18: https://sourceforge.net/projects/jasperstudio/files/updatesite/6.3.0/p2.index] INFO  o.a.h.c.h.i.c.HttpRequestRetryExec - Recoverable I/O exception (java.net.SocketException) caught when processing request to {s}->https://sourceforge.net:443
2024-05-29 16:08:14,024 [Worker-19: https://sourceforge.net/projects/jasperstudio/files/updatesite/6.3.0/p2.index] INFO  o.a.h.c.h.i.c.HttpRequestRetryExec - Recoverable I/O exception (java.net.SocketException) caught when processing request to {s}->https://sourceforge.net:443
2024-05-29 16:08:14,079 [Worker-27: https://sourceforge.net/projects/jasperstudio/files/updatesite/6.3.0/content.jar] INFO  o.a.h.c.h.i.c.HttpRequestRetryExec - Recoverable I/O exception (java.net.SocketException) caught when processing request to {s}->https://sourceforge.net:443
2024-05-29 16:08:14,128 [Worker-22: https://sourceforge.net/projects/jasperstudio/files/updatesite/6.3.0/content.xml] INFO  o.a.h.c.h.i.c.HttpRequestRetryExec - Recoverable I/O exception (java.net.SocketException) caught when processing request to {s}->https://sourceforge.net:443
2024-05-29 16:08:14,184 [Worker-13: https://sourceforge.net/projects/ireport/files/iReport/iReport-5.6.0/iReport-5.6.0-windows-installer.exe/download/p2.index] INFO  o.a.h.c.h.i.c.HttpRequestRetryExec - Recoverable I/O exception (java.net.SocketException) caught when processing request to {s}->https://sourceforge.net:443
2024-05-29 16:08:14,486 [Worker-11: https://sourceforge.net/projects/ireport/files/iReport/iReport-5.6.0/iReport-5.6.0-windows-installer.exe/download/p2.index] INFO  o.a.h.c.h.i.c.HttpRequestRetryExec - Recoverable I/O exception (java.net.SocketException) caught when processing request to {s}->https://sourceforge.net:443
2024-05-29 16:08:14,547 [Worker-23: https://sourceforge.net/projects/ireport/files/iReport/iReport-5.6.0/iReport-5.6.0-windows-installer.exe/download/content.jar] INFO  o.a.h.c.h.i.c.HttpRequestRetryExec - Recoverable I/O exception (java.net.SocketException) caught when processing request to {s}->https://sourceforge.net:443
2024-05-29 16:08:14,611 [Worker-19: https://sourceforge.net/projects/ireport/files/iReport/iReport-5.6.0/iReport-5.6.0-windows-installer.exe/download/content.xml] INFO  o.a.h.c.h.i.c.HttpRequestRetryExec - Recoverable I/O exception (java.net.SocketException) caught when processing request to {s}->https://sourceforge.net:443
2024-05-29 16:08:14,699 [Worker-7: http://sourceforge.net/projects/ireport/files/ireport/5.6.0/content.jar] INFO  o.a.h.c.h.i.c.HttpRequestRetryExec - Recoverable I/O exception (org.apache.hc.core5.http.NoHttpResponseException) caught when processing request to {}->http://sourceforge.net:80
2024-05-29 16:08:14,722 [Worker-18: http://sourceforge.net/projects/ireport/files/ireport/5.6.0/content.jar] INFO  o.a.h.c.h.i.c.HttpRequestRetryExec - Recoverable I/O exception (org.apache.hc.core5.http.NoHttpResponseException) caught when processing request to {}->http://sourceforge.net:80
2024-05-29 16:08:14,878 [Worker-27: https://sourceforge.net/projects/ireport/files/iReport/iReport-5.6.0/p2.index] INFO  o.a.h.c.h.i.c.HttpRequestRetryExec - Recoverable I/O exception (java.net.SocketException) caught when processing request to {s}->https://sourceforge.net:443
2024-05-29 16:08:15,150 [Worker-20: https://sourceforge.net/projects/ireport/files/iReport/iReport-5.6.0/p2.index] INFO  o.a.h.c.h.i.c.HttpRequestRetryExec - Recoverable I/O exception (java.net.SocketException) caught when processing request to {s}->https://sourceforge.net:443
2024-05-29 16:08:15,205 [Worker-16: https://sourceforge.net/projects/ireport/files/iReport/iReport-5.6.0/content.jar] INFO  o.a.h.c.h.i.c.HttpRequestRetryExec - Recoverable I/O exception (java.net.SocketException) caught when processing request to {s}->https://sourceforge.net:443
2024-05-29 16:08:15,251 [Worker-3: https://sourceforge.net/projects/ireport/files/iReport/iReport-5.6.0/content.xml] INFO  o.a.h.c.h.i.c.HttpRequestRetryExec - Recoverable I/O exception (java.net.SocketException) caught when processing request to {s}->https://sourceforge.net:443
2024-05-29 16:08:15,321 [Worker-14: https://sourceforge.net/projects/jasperstudio/files/updatesite/6.2.2/p2.index] INFO  o.a.h.c.h.i.c.HttpRequestRetryExec - Recoverable I/O exception (java.net.SocketException) caught when processing request to {s}->https://sourceforge.net:443
2024-05-29 16:08:15,584 [Worker-8: https://sourceforge.net/projects/jasperstudio/files/updatesite/6.2.2/p2.index] INFO  o.a.h.c.h.i.c.HttpRequestRetryExec - Recoverable I/O exception (java.net.SocketException) caught when processing request to {s}->https://sourceforge.net:443
2024-05-29 16:08:15,639 [Worker-12: https://sourceforge.net/projects/jasperstudio/files/updatesite/6.2.2/content.jar] INFO  o.a.h.c.h.i.c.HttpRequestRetryExec - Recoverable I/O exception (java.net.SocketException) caught when processing request to {s}->https://sourceforge.net:443
2024-05-29 16:08:15,689 [Worker-19: https://sourceforge.net/projects/jasperstudio/files/updatesite/6.2.2/content.xml] INFO  o.a.h.c.h.i.c.HttpRequestRetryExec - Recoverable I/O exception (java.net.SocketException) caught when processing request to {s}->https://sourceforge.net:443
2024-05-29 16:08:15,736 [Worker-27: https://sourceforge.net/projects/sapnweclipse/files/updates/p2.index] INFO  o.a.h.c.h.i.c.HttpRequestRetryExec - Recoverable I/O exception (java.net.SocketException) caught when processing request to {s}->https://sourceforge.net:443
2024-05-29 16:08:16,024 [Worker-17: https://sourceforge.net/projects/sapnweclipse/files/updates/p2.index] INFO  o.a.h.c.h.i.c.HttpRequestRetryExec - Recoverable I/O exception (java.net.SocketException) caught when processing request to {s}->https://sourceforge.net:443
2024-05-29 16:08:16,114 [Worker-25: https://sourceforge.net/projects/sapnweclipse/files/updates/site.xml] INFO  o.a.h.c.h.i.c.HttpRequestRetryExec - Recoverable I/O exception (java.net.SocketException) caught when processing request to {s}->https://sourceforge.net:443
2024-05-29 16:08:16,375 [Worker-29: https://sourceforge.net/projects/sapnweclipse/files/updates/site.xml] INFO  o.a.h.c.h.i.c.HttpRequestRetryExec - Recoverable I/O exception (java.net.SocketException) caught when processing request to {s}->https://sourceforge.net:443
2024-05-29 16:08:16,456 [Worker-2: http://sourceforge.net/projects/jasperstudio/files/updatesite/6.2.2/content.jar] INFO  o.a.h.c.h.i.c.HttpRequestRetryExec - Recoverable I/O exception (org.apache.hc.core5.http.NoHttpResponseException) caught when processing request to {}->http://sourceforge.net:80
2024-05-29 16:08:16,481 [Worker-16: http://sourceforge.net/projects/jasperstudio/files/updatesite/6.2.2/content.jar] INFO  o.a.h.c.h.i.c.HttpRequestRetryExec - Recoverable I/O exception (org.apache.hc.core5.http.NoHttpResponseException) caught when processing request to {}->http://sourceforge.net:80
2024-05-29 21:01:55,948 [Worker-4: Loading available Gradle versions] INFO  o.e.b.c.i.u.g.PublishedGradleVersions - Gradle version information cache is up-to-date. Trying to read.
2024-05-29 21:01:57,177 [ForkJoinPool.commonPool-worker-5] INFO  o.s.s.s.o.s.c.s.PostProcessorRegistrationDelegate$BeanPostProcessorChecker - Bean 'sonarLintSpringAppConfig' of type [org.sonarsource.sonarlint.core.spring.SonarLintSpringAppConfig$$EnhancerBySpringCGLIB$$c9fdc02c] is not eligible for getting processed by all BeanPostProcessors (for example: not eligible for auto-proxying)
2024-05-29 21:01:57,234 [ForkJoinPool.commonPool-worker-5] INFO  o.s.s.s.o.s.c.s.PostProcessorRegistrationDelegate$BeanPostProcessorChecker - Bean 'provideClientEventBus' of type [com.google.common.eventbus.AsyncEventBus] is not eligible for getting processed by all BeanPostProcessors (for example: not eligible for auto-proxying)
2024-05-29 21:13:47,629 [Worker-19: Launching WeatherApiService - WeatherApiServiceApplication] INFO  o.a.m.s.f.DefaultMavenResourcesFiltering - Copying 1 resource from src\main\resources to target\classes
2024-05-29 21:13:47,650 [Worker-19: Launching WeatherApiService - WeatherApiServiceApplication] INFO  o.a.m.s.f.DefaultMavenResourcesFiltering - Copying 0 resource from src\main\resources to target\classes
2024-05-29 21:13:47,655 [Worker-19: Launching WeatherApiService - WeatherApiServiceApplication] INFO  o.a.m.s.f.DefaultMavenResourcesFiltering - skip non existing resourceDirectory D:\project-java-spring\RestApiCourse\WeatherAPIs\WeatherApiProject\WeatherApiCommon\src\test\resources
2024-05-29 21:13:49,633 [Worker-19: Launching WeatherApiService - WeatherApiServiceApplication] INFO  o.e.m.c.i.p.WorkspaceClassifierResolverManager - Resolving P/WeatherApiCommon: com.weatherapi:weather-api-common:1.0.0 with classifier  to /WeatherApiCommon/target/classes
2024-05-29 21:13:49,724 [Worker-19: Launching WeatherApiService - WeatherApiServiceApplication] INFO  o.a.m.s.f.DefaultMavenResourcesFiltering - Copying 1 resource from src\main\resources to target\classes
2024-05-29 21:13:49,736 [Worker-19: Launching WeatherApiService - WeatherApiServiceApplication] INFO  o.a.m.s.f.DefaultMavenResourcesFiltering - Copying 0 resource from src\main\resources to target\classes
2024-05-29 21:13:49,740 [Worker-19: Launching WeatherApiService - WeatherApiServiceApplication] INFO  o.a.m.s.f.DefaultMavenResourcesFiltering - skip non existing resourceDirectory D:\project-java-spring\RestApiCourse\WeatherAPIs\WeatherApiProject\WeatherApiService\src\test\resources
2024-05-29 21:13:49,946 [Worker-19: Launching WeatherApiService - WeatherApiServiceApplication] INFO  o.e.m.c.i.p.WorkspaceClassifierResolverManager - Resolving P/WeatherApiCommon: com.weatherapi:weather-api-common:1.0.0 with classifier null to /WeatherApiCommon/target/classes
2024-05-29 21:13:50,041 [Worker-19: Launching WeatherApiService - WeatherApiServiceApplication] INFO  o.e.m.c.i.p.WorkspaceClassifierResolverManager - Resolving P/WeatherApiCommon: com.weatherapi:weather-api-common:1.0.0 with classifier null to /WeatherApiCommon/target/classes
2024-05-29 21:13:50,111 [Worker-19: Launching WeatherApiService - WeatherApiServiceApplication] INFO  o.e.m.c.i.p.WorkspaceClassifierResolverManager - Resolving P/WeatherApiCommon: com.weatherapi:weather-api-common:1.0.0 with classifier null to /WeatherApiCommon/target/classes
2024-05-29 21:16:38,355 [Worker-24: Launching WeatherApiService - WeatherApiServiceApplication] INFO  o.e.m.c.i.p.WorkspaceClassifierResolverManager - Resolving P/WeatherApiCommon: com.weatherapi:weather-api-common:1.0.0 with classifier null to /WeatherApiCommon/target/classes
2024-05-29 21:16:38,445 [Worker-24: Launching WeatherApiService - WeatherApiServiceApplication] INFO  o.e.m.c.i.p.WorkspaceClassifierResolverManager - Resolving P/WeatherApiCommon: com.weatherapi:weather-api-common:1.0.0 with classifier null to /WeatherApiCommon/target/classes
2024-05-29 21:16:38,529 [Worker-24: Launching WeatherApiService - WeatherApiServiceApplication] INFO  o.e.m.c.i.p.WorkspaceClassifierResolverManager - Resolving P/WeatherApiCommon: com.weatherapi:weather-api-common:1.0.0 with classifier null to /WeatherApiCommon/target/classes
2024-05-30 09:23:06,910 [Worker-5: Loading available Gradle versions] INFO  o.e.b.c.i.u.g.PublishedGradleVersions - Gradle version information cache is up-to-date. Trying to read.
2024-05-30 09:23:08,479 [ForkJoinPool.commonPool-worker-1] INFO  o.s.s.s.o.s.c.s.PostProcessorRegistrationDelegate$BeanPostProcessorChecker - Bean 'sonarLintSpringAppConfig' of type [org.sonarsource.sonarlint.core.spring.SonarLintSpringAppConfig$$EnhancerBySpringCGLIB$$8643bea7] is not eligible for getting processed by all BeanPostProcessors (for example: not eligible for auto-proxying)
2024-05-30 09:23:08,562 [ForkJoinPool.commonPool-worker-1] INFO  o.s.s.s.o.s.c.s.PostProcessorRegistrationDelegate$BeanPostProcessorChecker - Bean 'provideClientEventBus' of type [com.google.common.eventbus.AsyncEventBus] is not eligible for getting processed by all BeanPostProcessors (for example: not eligible for auto-proxying)
2024-05-30 10:09:50,617 [Worker-23: https://download.eclipse.org/eclemma/releases/3.1.8/p2.index] INFO  o.a.h.c.h.i.c.HttpRequestRetryExec - Recoverable I/O exception (java.net.SocketException) caught when processing request to {s}->https://download.eclipse.org:443
2024-05-30 10:16:59,422 [Worker-7: https://sourceforge.net/projects/jasperstudio/files/updatesite/6.3.0/p2.index] INFO  o.a.h.c.h.i.c.HttpRequestRetryExec - Recoverable I/O exception (java.net.SocketException) caught when processing request to {s}->https://sourceforge.net:443
2024-05-30 10:16:59,692 [Worker-24: https://sourceforge.net/projects/jasperstudio/files/updatesite/6.3.0/p2.index] INFO  o.a.h.c.h.i.c.HttpRequestRetryExec - Recoverable I/O exception (java.net.SocketException) caught when processing request to {s}->https://sourceforge.net:443
2024-05-30 10:16:59,740 [Worker-25: https://sourceforge.net/projects/jasperstudio/files/updatesite/6.3.0/content.jar] INFO  o.a.h.c.h.i.c.HttpRequestRetryExec - Recoverable I/O exception (java.net.SocketException) caught when processing request to {s}->https://sourceforge.net:443
2024-05-30 10:16:59,804 [Worker-27: https://sourceforge.net/projects/jasperstudio/files/updatesite/6.3.0/content.xml] INFO  o.a.h.c.h.i.c.HttpRequestRetryExec - Recoverable I/O exception (java.net.SocketException) caught when processing request to {s}->https://sourceforge.net:443
2024-05-30 10:17:54,254 [Worker-23: https://sourceforge.net/projects/ireport/files/iReport/iReport-5.6.0/iReport-5.6.0-windows-installer.exe/download/p2.index] INFO  o.a.h.c.h.i.c.HttpRequestRetryExec - Recoverable I/O exception (java.net.SocketException) caught when processing request to {s}->https://sourceforge.net:443
2024-05-30 10:17:54,606 [Worker-27: https://sourceforge.net/projects/ireport/files/iReport/iReport-5.6.0/iReport-5.6.0-windows-installer.exe/download/p2.index] INFO  o.a.h.c.h.i.c.HttpRequestRetryExec - Recoverable I/O exception (java.net.SocketException) caught when processing request to {s}->https://sourceforge.net:443
2024-05-30 10:17:54,797 [Worker-24: https://sourceforge.net/projects/ireport/files/iReport/iReport-5.6.0/iReport-5.6.0-windows-installer.exe/download/content.jar] INFO  o.a.h.c.h.i.c.HttpRequestRetryExec - Recoverable I/O exception (java.net.SocketException) caught when processing request to {s}->https://sourceforge.net:443
2024-05-30 10:17:54,915 [Worker-7: https://sourceforge.net/projects/ireport/files/iReport/iReport-5.6.0/iReport-5.6.0-windows-installer.exe/download/content.xml] INFO  o.a.h.c.h.i.c.HttpRequestRetryExec - Recoverable I/O exception (java.net.SocketException) caught when processing request to {s}->https://sourceforge.net:443
2024-05-30 10:22:30,488 [Worker-26: http://sourceforge.net/projects/ireport/files/ireport/5.6.0/content.jar] INFO  o.a.h.c.h.i.c.HttpRequestRetryExec - Recoverable I/O exception (org.apache.hc.core5.http.NoHttpResponseException) caught when processing request to {}->http://sourceforge.net:80
2024-05-30 10:22:30,729 [Worker-24: http://sourceforge.net/projects/ireport/files/ireport/5.6.0/content.jar] INFO  o.a.h.c.h.i.c.HttpRequestRetryExec - Recoverable I/O exception (org.apache.hc.core5.http.NoHttpResponseException) caught when processing request to {}->http://sourceforge.net:80
2024-05-30 10:26:02,618 [Worker-7: https://sourceforge.net/projects/ireport/files/iReport/iReport-5.6.0/p2.index] INFO  o.a.h.c.h.i.c.HttpRequestRetryExec - Recoverable I/O exception (java.net.SocketException) caught when processing request to {s}->https://sourceforge.net:443
2024-05-30 10:26:02,973 [Worker-29: https://sourceforge.net/projects/ireport/files/iReport/iReport-5.6.0/p2.index] INFO  o.a.h.c.h.i.c.HttpRequestRetryExec - Recoverable I/O exception (java.net.SocketException) caught when processing request to {s}->https://sourceforge.net:443
2024-05-30 10:26:03,058 [Worker-28: https://sourceforge.net/projects/ireport/files/iReport/iReport-5.6.0/content.jar] INFO  o.a.h.c.h.i.c.HttpRequestRetryExec - Recoverable I/O exception (java.net.SocketException) caught when processing request to {s}->https://sourceforge.net:443
2024-05-30 10:26:03,147 [Worker-7: https://sourceforge.net/projects/ireport/files/iReport/iReport-5.6.0/content.xml] INFO  o.a.h.c.h.i.c.HttpRequestRetryExec - Recoverable I/O exception (java.net.SocketException) caught when processing request to {s}->https://sourceforge.net:443
2024-05-30 10:27:27,250 [Worker-25: https://sourceforge.net/projects/jasperstudio/files/updatesite/6.2.2/p2.index] INFO  o.a.h.c.h.i.c.HttpRequestRetryExec - Recoverable I/O exception (java.net.SocketException) caught when processing request to {s}->https://sourceforge.net:443
2024-05-30 10:27:28,261 [Worker-23: https://sourceforge.net/projects/jasperstudio/files/updatesite/6.2.2/p2.index] INFO  o.a.h.c.h.i.c.HttpRequestRetryExec - Recoverable I/O exception (java.net.SocketException) caught when processing request to {s}->https://sourceforge.net:443
2024-05-30 10:27:28,810 [Worker-7: https://sourceforge.net/projects/jasperstudio/files/updatesite/6.2.2/content.jar] INFO  o.a.h.c.h.i.c.HttpRequestRetryExec - Recoverable I/O exception (java.net.SocketException) caught when processing request to {s}->https://sourceforge.net:443
2024-05-30 10:27:29,097 [Worker-24: https://sourceforge.net/projects/jasperstudio/files/updatesite/6.2.2/content.xml] INFO  o.a.h.c.h.i.c.HttpRequestRetryExec - Recoverable I/O exception (java.net.SocketException) caught when processing request to {s}->https://sourceforge.net:443
2024-05-30 10:28:22,676 [Worker-28: https://download.eclipse.org/lsp4jakarta/releases/0.1.0/repository/p2.index] INFO  o.a.h.c.h.i.c.HttpRequestRetryExec - Recoverable I/O exception (java.net.SocketException) caught when processing request to {s}->https://download.eclipse.org:443
2024-05-31 09:43:12,151 [Worker-5: Loading available Gradle versions] INFO  o.e.b.c.i.u.g.PublishedGradleVersions - Gradle version information cache is up-to-date. Trying to read.
2024-05-31 09:43:14,963 [ForkJoinPool.commonPool-worker-4] INFO  o.s.s.s.o.s.c.s.PostProcessorRegistrationDelegate$BeanPostProcessorChecker - Bean 'sonarLintSpringAppConfig' of type [org.sonarsource.sonarlint.core.spring.SonarLintSpringAppConfig$$EnhancerBySpringCGLIB$$67c5cb6d] is not eligible for getting processed by all BeanPostProcessors (for example: not eligible for auto-proxying)
2024-05-31 09:43:15,398 [ForkJoinPool.commonPool-worker-4] INFO  o.s.s.s.o.s.c.s.PostProcessorRegistrationDelegate$BeanPostProcessorChecker - Bean 'provideClientEventBus' of type [com.google.common.eventbus.AsyncEventBus] is not eligible for getting processed by all BeanPostProcessors (for example: not eligible for auto-proxying)
2024-05-31 09:58:28,804 [Worker-2: https://sourceforge.net/projects/jasperstudio/files/updatesite/6.3.0/p2.index] INFO  o.a.h.c.h.i.c.HttpRequestRetryExec - Recoverable I/O exception (java.net.SocketException) caught when processing request to {s}->https://sourceforge.net:443
2024-05-31 09:58:29,078 [Worker-0: https://sourceforge.net/projects/jasperstudio/files/updatesite/6.3.0/p2.index] INFO  o.a.h.c.h.i.c.HttpRequestRetryExec - Recoverable I/O exception (java.net.SocketException) caught when processing request to {s}->https://sourceforge.net:443
2024-05-31 09:58:29,130 [Worker-17: https://sourceforge.net/projects/jasperstudio/files/updatesite/6.3.0/content.jar] INFO  o.a.h.c.h.i.c.HttpRequestRetryExec - Recoverable I/O exception (java.net.SocketException) caught when processing request to {s}->https://sourceforge.net:443
2024-05-31 09:58:29,181 [Worker-18: https://sourceforge.net/projects/jasperstudio/files/updatesite/6.3.0/content.xml] INFO  o.a.h.c.h.i.c.HttpRequestRetryExec - Recoverable I/O exception (java.net.SocketException) caught when processing request to {s}->https://sourceforge.net:443
2024-05-31 09:58:42,989 [Worker-9: https://sourceforge.net/projects/ireport/files/iReport/iReport-5.6.0/iReport-5.6.0-windows-installer.exe/download/p2.index] INFO  o.a.h.c.h.i.c.HttpRequestRetryExec - Recoverable I/O exception (java.net.SocketException) caught when processing request to {s}->https://sourceforge.net:443
2024-05-31 09:58:43,236 [Worker-0: https://sourceforge.net/projects/ireport/files/iReport/iReport-5.6.0/iReport-5.6.0-windows-installer.exe/download/p2.index] INFO  o.a.h.c.h.i.c.HttpRequestRetryExec - Recoverable I/O exception (java.net.SocketException) caught when processing request to {s}->https://sourceforge.net:443
2024-05-31 09:58:43,288 [Worker-16: https://sourceforge.net/projects/ireport/files/iReport/iReport-5.6.0/iReport-5.6.0-windows-installer.exe/download/content.jar] INFO  o.a.h.c.h.i.c.HttpRequestRetryExec - Recoverable I/O exception (java.net.SocketException) caught when processing request to {s}->https://sourceforge.net:443
2024-05-31 09:58:43,332 [Worker-6: https://sourceforge.net/projects/ireport/files/iReport/iReport-5.6.0/iReport-5.6.0-windows-installer.exe/download/content.xml] INFO  o.a.h.c.h.i.c.HttpRequestRetryExec - Recoverable I/O exception (java.net.SocketException) caught when processing request to {s}->https://sourceforge.net:443
2024-05-31 09:59:44,960 [Worker-15: http://sourceforge.net/projects/ireport/files/ireport/5.6.0/content.jar] INFO  o.a.h.c.h.i.c.HttpRequestRetryExec - Recoverable I/O exception (org.apache.hc.core5.http.NoHttpResponseException) caught when processing request to {}->http://sourceforge.net:80
2024-05-31 09:59:44,985 [Worker-7: http://sourceforge.net/projects/ireport/files/ireport/5.6.0/content.jar] INFO  o.a.h.c.h.i.c.HttpRequestRetryExec - Recoverable I/O exception (org.apache.hc.core5.http.NoHttpResponseException) caught when processing request to {}->http://sourceforge.net:80
2024-05-31 10:00:39,123 [Worker-6: https://sourceforge.net/projects/ireport/files/iReport/iReport-5.6.0/p2.index] INFO  o.a.h.c.h.i.c.HttpRequestRetryExec - Recoverable I/O exception (java.net.SocketException) caught when processing request to {s}->https://sourceforge.net:443
2024-05-31 10:00:39,394 [Worker-7: https://sourceforge.net/projects/ireport/files/iReport/iReport-5.6.0/p2.index] INFO  o.a.h.c.h.i.c.HttpRequestRetryExec - Recoverable I/O exception (java.net.SocketException) caught when processing request to {s}->https://sourceforge.net:443
2024-05-31 10:00:39,477 [Worker-15: https://sourceforge.net/projects/ireport/files/iReport/iReport-5.6.0/content.jar] INFO  o.a.h.c.h.i.c.HttpRequestRetryExec - Recoverable I/O exception (java.net.SocketException) caught when processing request to {s}->https://sourceforge.net:443
2024-05-31 10:00:39,558 [Worker-3: https://sourceforge.net/projects/ireport/files/iReport/iReport-5.6.0/content.xml] INFO  o.a.h.c.h.i.c.HttpRequestRetryExec - Recoverable I/O exception (java.net.SocketException) caught when processing request to {s}->https://sourceforge.net:443
2024-05-31 10:00:53,442 [Worker-10: https://sourceforge.net/projects/jasperstudio/files/updatesite/6.2.2/p2.index] INFO  o.a.h.c.h.i.c.HttpRequestRetryExec - Recoverable I/O exception (java.net.SocketException) caught when processing request to {s}->https://sourceforge.net:443
2024-05-31 10:00:53,705 [Worker-19: https://sourceforge.net/projects/jasperstudio/files/updatesite/6.2.2/p2.index] INFO  o.a.h.c.h.i.c.HttpRequestRetryExec - Recoverable I/O exception (java.net.SocketException) caught when processing request to {s}->https://sourceforge.net:443
2024-05-31 10:00:53,779 [Worker-9: https://sourceforge.net/projects/jasperstudio/files/updatesite/6.2.2/content.jar] INFO  o.a.h.c.h.i.c.HttpRequestRetryExec - Recoverable I/O exception (java.net.SocketException) caught when processing request to {s}->https://sourceforge.net:443
2024-05-31 10:00:53,848 [Worker-2: https://sourceforge.net/projects/jasperstudio/files/updatesite/6.2.2/content.xml] INFO  o.a.h.c.h.i.c.HttpRequestRetryExec - Recoverable I/O exception (java.net.SocketException) caught when processing request to {s}->https://sourceforge.net:443
2024-05-31 10:01:22,045 [Worker-17: https://sourceforge.net/projects/sapnweclipse/files/updates/p2.index] INFO  o.a.h.c.h.i.c.HttpRequestRetryExec - Recoverable I/O exception (java.net.SocketException) caught when processing request to {s}->https://sourceforge.net:443
2024-05-31 10:01:22,321 [Worker-0: https://sourceforge.net/projects/sapnweclipse/files/updates/p2.index] INFO  o.a.h.c.h.i.c.HttpRequestRetryExec - Recoverable I/O exception (java.net.SocketException) caught when processing request to {s}->https://sourceforge.net:443
2024-05-31 10:01:22,389 [Worker-9: https://sourceforge.net/projects/sapnweclipse/files/updates/site.xml] INFO  o.a.h.c.h.i.c.HttpRequestRetryExec - Recoverable I/O exception (java.net.SocketException) caught when processing request to {s}->https://sourceforge.net:443
2024-05-31 10:01:22,650 [Worker-11: https://sourceforge.net/projects/sapnweclipse/files/updates/site.xml] INFO  o.a.h.c.h.i.c.HttpRequestRetryExec - Recoverable I/O exception (java.net.SocketException) caught when processing request to {s}->https://sourceforge.net:443
2024-05-31 10:01:26,037 [Worker-4: http://sourceforge.net/projects/jasperstudio/files/updatesite/6.2.2/content.jar] INFO  o.a.h.c.h.i.c.HttpRequestRetryExec - Recoverable I/O exception (org.apache.hc.core5.http.NoHttpResponseException) caught when processing request to {}->http://sourceforge.net:80
2024-05-31 10:01:26,060 [Worker-3: http://sourceforge.net/projects/jasperstudio/files/updatesite/6.2.2/content.jar] INFO  o.a.h.c.h.i.c.HttpRequestRetryExec - Recoverable I/O exception (org.apache.hc.core5.http.NoHttpResponseException) caught when processing request to {}->http://sourceforge.net:80
2024-05-31 10:05:22,010 [Worker-0: https://sourceforge.net/projects/jasperstudio/files/updatesite/6.3.0/p2.index] INFO  o.a.h.c.h.i.c.HttpRequestRetryExec - Recoverable I/O exception (java.net.SocketException) caught when processing request to {s}->https://sourceforge.net:443
2024-05-31 10:05:22,277 [Worker-11: https://sourceforge.net/projects/jasperstudio/files/updatesite/6.3.0/p2.index] INFO  o.a.h.c.h.i.c.HttpRequestRetryExec - Recoverable I/O exception (java.net.SocketException) caught when processing request to {s}->https://sourceforge.net:443
2024-05-31 10:05:22,344 [Worker-18: https://sourceforge.net/projects/jasperstudio/files/updatesite/6.3.0/content.jar] INFO  o.a.h.c.h.i.c.HttpRequestRetryExec - Recoverable I/O exception (java.net.SocketException) caught when processing request to {s}->https://sourceforge.net:443
2024-05-31 10:05:22,414 [Worker-6: https://sourceforge.net/projects/jasperstudio/files/updatesite/6.3.0/content.xml] INFO  o.a.h.c.h.i.c.HttpRequestRetryExec - Recoverable I/O exception (java.net.SocketException) caught when processing request to {s}->https://sourceforge.net:443
2024-05-31 10:05:22,487 [Worker-9: https://sourceforge.net/projects/ireport/files/iReport/iReport-5.6.0/iReport-5.6.0-windows-installer.exe/download/p2.index] INFO  o.a.h.c.h.i.c.HttpRequestRetryExec - Recoverable I/O exception (java.net.SocketException) caught when processing request to {s}->https://sourceforge.net:443
2024-05-31 10:05:22,762 [Worker-11: https://sourceforge.net/projects/ireport/files/iReport/iReport-5.6.0/iReport-5.6.0-windows-installer.exe/download/p2.index] INFO  o.a.h.c.h.i.c.HttpRequestRetryExec - Recoverable I/O exception (java.net.SocketException) caught when processing request to {s}->https://sourceforge.net:443
2024-05-31 10:05:22,817 [Worker-8: https://sourceforge.net/projects/ireport/files/iReport/iReport-5.6.0/iReport-5.6.0-windows-installer.exe/download/content.jar] INFO  o.a.h.c.h.i.c.HttpRequestRetryExec - Recoverable I/O exception (java.net.SocketException) caught when processing request to {s}->https://sourceforge.net:443
2024-05-31 10:05:22,884 [Worker-18: https://sourceforge.net/projects/ireport/files/iReport/iReport-5.6.0/iReport-5.6.0-windows-installer.exe/download/content.xml] INFO  o.a.h.c.h.i.c.HttpRequestRetryExec - Recoverable I/O exception (java.net.SocketException) caught when processing request to {s}->https://sourceforge.net:443
2024-05-31 10:05:22,965 [Worker-2: http://sourceforge.net/projects/ireport/files/ireport/5.6.0/content.jar] INFO  o.a.h.c.h.i.c.HttpRequestRetryExec - Recoverable I/O exception (org.apache.hc.core5.http.NoHttpResponseException) caught when processing request to {}->http://sourceforge.net:80
2024-05-31 10:05:22,997 [Worker-10: http://sourceforge.net/projects/ireport/files/ireport/5.6.0/content.jar] INFO  o.a.h.c.h.i.c.HttpRequestRetryExec - Recoverable I/O exception (org.apache.hc.core5.http.NoHttpResponseException) caught when processing request to {}->http://sourceforge.net:80
2024-05-31 10:05:23,070 [Worker-12: https://sourceforge.net/projects/ireport/files/iReport/iReport-5.6.0/p2.index] INFO  o.a.h.c.h.i.c.HttpRequestRetryExec - Recoverable I/O exception (java.net.SocketException) caught when processing request to {s}->https://sourceforge.net:443
2024-05-31 10:05:23,335 [Worker-6: https://sourceforge.net/projects/ireport/files/iReport/iReport-5.6.0/p2.index] INFO  o.a.h.c.h.i.c.HttpRequestRetryExec - Recoverable I/O exception (java.net.SocketException) caught when processing request to {s}->https://sourceforge.net:443
2024-05-31 10:05:23,397 [Worker-18: https://sourceforge.net/projects/ireport/files/iReport/iReport-5.6.0/content.jar] INFO  o.a.h.c.h.i.c.HttpRequestRetryExec - Recoverable I/O exception (java.net.SocketException) caught when processing request to {s}->https://sourceforge.net:443
2024-05-31 10:05:23,471 [Worker-8: https://sourceforge.net/projects/ireport/files/iReport/iReport-5.6.0/content.xml] INFO  o.a.h.c.h.i.c.HttpRequestRetryExec - Recoverable I/O exception (java.net.SocketException) caught when processing request to {s}->https://sourceforge.net:443
2024-05-31 10:05:23,541 [Worker-12: https://sourceforge.net/projects/jasperstudio/files/updatesite/6.2.2/p2.index] INFO  o.a.h.c.h.i.c.HttpRequestRetryExec - Recoverable I/O exception (java.net.SocketException) caught when processing request to {s}->https://sourceforge.net:443
2024-05-31 10:05:23,807 [Worker-10: https://sourceforge.net/projects/jasperstudio/files/updatesite/6.2.2/p2.index] INFO  o.a.h.c.h.i.c.HttpRequestRetryExec - Recoverable I/O exception (java.net.SocketException) caught when processing request to {s}->https://sourceforge.net:443
2024-05-31 10:05:23,878 [Worker-17: https://sourceforge.net/projects/jasperstudio/files/updatesite/6.2.2/content.jar] INFO  o.a.h.c.h.i.c.HttpRequestRetryExec - Recoverable I/O exception (java.net.SocketException) caught when processing request to {s}->https://sourceforge.net:443
2024-05-31 10:05:23,941 [Worker-3: https://sourceforge.net/projects/jasperstudio/files/updatesite/6.2.2/content.xml] INFO  o.a.h.c.h.i.c.HttpRequestRetryExec - Recoverable I/O exception (java.net.SocketException) caught when processing request to {s}->https://sourceforge.net:443
2024-05-31 10:05:24,016 [Worker-7: https://sourceforge.net/projects/sapnweclipse/files/updates/p2.index] INFO  o.a.h.c.h.i.c.HttpRequestRetryExec - Recoverable I/O exception (java.net.SocketException) caught when processing request to {s}->https://sourceforge.net:443
2024-05-31 10:05:24,279 [Worker-5: https://sourceforge.net/projects/sapnweclipse/files/updates/p2.index] INFO  o.a.h.c.h.i.c.HttpRequestRetryExec - Recoverable I/O exception (java.net.SocketException) caught when processing request to {s}->https://sourceforge.net:443
2024-05-31 10:05:24,375 [Worker-18: https://sourceforge.net/projects/sapnweclipse/files/updates/site.xml] INFO  o.a.h.c.h.i.c.HttpRequestRetryExec - Recoverable I/O exception (java.net.SocketException) caught when processing request to {s}->https://sourceforge.net:443
2024-05-31 10:05:24,642 [Worker-16: https://sourceforge.net/projects/sapnweclipse/files/updates/site.xml] INFO  o.a.h.c.h.i.c.HttpRequestRetryExec - Recoverable I/O exception (java.net.SocketException) caught when processing request to {s}->https://sourceforge.net:443
2024-05-31 10:05:24,718 [Worker-4: http://sourceforge.net/projects/jasperstudio/files/updatesite/6.2.2/content.jar] INFO  o.a.h.c.h.i.c.HttpRequestRetryExec - Recoverable I/O exception (org.apache.hc.core5.http.NoHttpResponseException) caught when processing request to {}->http://sourceforge.net:80
2024-05-31 10:05:24,751 [Worker-2: http://sourceforge.net/projects/jasperstudio/files/updatesite/6.2.2/content.jar] INFO  o.a.h.c.h.i.c.HttpRequestRetryExec - Recoverable I/O exception (org.apache.hc.core5.http.NoHttpResponseException) caught when processing request to {}->http://sourceforge.net:80
2024-05-31 10:18:42,424 [Worker-20: Check for devtools] INFO  o.e.m.c.i.p.WorkspaceClassifierResolverManager - Resolving P/WeatherApiCommon: com.weatherapi:weather-api-common:1.0.0 with classifier  to /WeatherApiCommon/target/classes
2024-05-31 10:26:53,954 [Worker-22: Launching LocationRepositoryTests.testAddSuccess] INFO  o.a.m.s.f.DefaultMavenResourcesFiltering - Copying 1 resource from src\main\resources to target\classes
2024-05-31 10:26:53,985 [Worker-22: Launching LocationRepositoryTests.testAddSuccess] INFO  o.a.m.s.f.DefaultMavenResourcesFiltering - Copying 0 resource from src\main\resources to target\classes
2024-05-31 10:26:53,990 [Worker-22: Launching LocationRepositoryTests.testAddSuccess] INFO  o.a.m.s.f.DefaultMavenResourcesFiltering - skip non existing resourceDirectory D:\project-java-spring\RestApiCourse\WeatherAPIs\WeatherApiProject\WeatherApiCommon\src\test\resources
2024-05-31 10:26:56,189 [Worker-22: Launching LocationRepositoryTests.testAddSuccess] INFO  o.a.m.s.f.DefaultMavenResourcesFiltering - Copying 1 resource from src\main\resources to target\classes
2024-05-31 10:26:56,207 [Worker-22: Launching LocationRepositoryTests.testAddSuccess] INFO  o.a.m.s.f.DefaultMavenResourcesFiltering - Copying 0 resource from src\main\resources to target\classes
2024-05-31 10:26:56,212 [Worker-22: Launching LocationRepositoryTests.testAddSuccess] INFO  o.a.m.s.f.DefaultMavenResourcesFiltering - skip non existing resourceDirectory D:\project-java-spring\RestApiCourse\WeatherAPIs\WeatherApiProject\WeatherApiService\src\test\resources
2024-05-31 10:26:56,782 [Worker-22: Launching LocationRepositoryTests.testAddSuccess] INFO  o.e.m.c.i.p.WorkspaceClassifierResolverManager - Resolving P/WeatherApiCommon: com.weatherapi:weather-api-common:1.0.0 with classifier null to /WeatherApiCommon/target/classes
2024-05-31 10:26:57,230 [Worker-22: Launching LocationRepositoryTests.testAddSuccess] INFO  o.e.m.c.i.p.WorkspaceClassifierResolverManager - Resolving P/WeatherApiCommon: com.weatherapi:weather-api-common:1.0.0 with classifier null to /WeatherApiCommon/target/classes
2024-05-31 10:27:40,533 [Worker-27: Launching LocationRepositoryTests.testListSuccess] INFO  o.e.m.c.i.p.WorkspaceClassifierResolverManager - Resolving P/WeatherApiCommon: com.weatherapi:weather-api-common:1.0.0 with classifier null to /WeatherApiCommon/target/classes
2024-05-31 10:27:40,652 [Worker-27: Launching LocationRepositoryTests.testListSuccess] INFO  o.e.m.c.i.p.WorkspaceClassifierResolverManager - Resolving P/WeatherApiCommon: com.weatherapi:weather-api-common:1.0.0 with classifier null to /WeatherApiCommon/target/classes
2024-05-31 10:41:42,278 [Worker-32: Launching LocationRepositoryTests.testAddRealtimeWeatherData] INFO  o.a.m.s.f.DefaultMavenResourcesFiltering - Copying 1 resource from src\main\resources to target\classes
2024-05-31 10:41:42,370 [Worker-32: Launching LocationRepositoryTests.testAddRealtimeWeatherData] INFO  o.a.m.s.f.DefaultMavenResourcesFiltering - Copying 0 resource from src\main\resources to target\classes
2024-05-31 10:41:42,377 [Worker-32: Launching LocationRepositoryTests.testAddRealtimeWeatherData] INFO  o.a.m.s.f.DefaultMavenResourcesFiltering - skip non existing resourceDirectory D:\project-java-spring\RestApiCourse\WeatherAPIs\WeatherApiProject\WeatherApiCommon\src\test\resources
2024-05-31 10:41:42,732 [Worker-32: Launching LocationRepositoryTests.testAddRealtimeWeatherData] INFO  o.a.m.s.f.DefaultMavenResourcesFiltering - Copying 0 resource from src\main\resources to target\classes
2024-05-31 10:41:42,732 [Worker-32: Launching LocationRepositoryTests.testAddRealtimeWeatherData] INFO  o.a.m.s.f.DefaultMavenResourcesFiltering - Copying 0 resource from src\main\resources to target\classes
2024-05-31 10:41:42,736 [Worker-32: Launching LocationRepositoryTests.testAddRealtimeWeatherData] INFO  o.a.m.s.f.DefaultMavenResourcesFiltering - skip non existing resourceDirectory D:\project-java-spring\RestApiCourse\WeatherAPIs\WeatherApiProject\WeatherApiService\src\test\resources
2024-05-31 10:41:43,338 [Worker-32: Launching LocationRepositoryTests.testAddRealtimeWeatherData] INFO  o.e.m.c.i.p.WorkspaceClassifierResolverManager - Resolving P/WeatherApiCommon: com.weatherapi:weather-api-common:1.0.0 with classifier null to /WeatherApiCommon/target/classes
2024-05-31 10:41:43,623 [Worker-32: Launching LocationRepositoryTests.testAddRealtimeWeatherData] INFO  o.e.m.c.i.p.WorkspaceClassifierResolverManager - Resolving P/WeatherApiCommon: com.weatherapi:weather-api-common:1.0.0 with classifier null to /WeatherApiCommon/target/classes
2024-05-31 10:47:10,115 [Worker-37: Launching LocationRepositoryTests.testAddSuccess] INFO  o.a.m.s.f.DefaultMavenResourcesFiltering - Copying 0 resource from src\main\resources to target\classes
2024-05-31 10:47:10,118 [Worker-37: Launching LocationRepositoryTests.testAddSuccess] INFO  o.a.m.s.f.DefaultMavenResourcesFiltering - Copying 0 resource from src\main\resources to target\classes
2024-05-31 10:47:10,122 [Worker-37: Launching LocationRepositoryTests.testAddSuccess] INFO  o.a.m.s.f.DefaultMavenResourcesFiltering - skip non existing resourceDirectory D:\project-java-spring\RestApiCourse\WeatherAPIs\WeatherApiProject\WeatherApiService\src\test\resources
2024-05-31 10:47:10,515 [Worker-37: Launching LocationRepositoryTests.testAddSuccess] INFO  o.e.m.c.i.p.WorkspaceClassifierResolverManager - Resolving P/WeatherApiCommon: com.weatherapi:weather-api-common:1.0.0 with classifier null to /WeatherApiCommon/target/classes
2024-05-31 10:47:10,715 [Worker-37: Launching LocationRepositoryTests.testAddSuccess] INFO  o.e.m.c.i.p.WorkspaceClassifierResolverManager - Resolving P/WeatherApiCommon: com.weatherapi:weather-api-common:1.0.0 with classifier null to /WeatherApiCommon/target/classes
2024-05-31 10:49:33,528 [Worker-36: Launching LocationRepositoryTests.testAddRealtimeWeatherData] INFO  o.a.m.s.f.DefaultMavenResourcesFiltering - Copying 0 resource from src\main\resources to target\classes
2024-05-31 10:49:33,530 [Worker-36: Launching LocationRepositoryTests.testAddRealtimeWeatherData] INFO  o.a.m.s.f.DefaultMavenResourcesFiltering - Copying 0 resource from src\main\resources to target\classes
2024-05-31 10:49:33,535 [Worker-36: Launching LocationRepositoryTests.testAddRealtimeWeatherData] INFO  o.a.m.s.f.DefaultMavenResourcesFiltering - skip non existing resourceDirectory D:\project-java-spring\RestApiCourse\WeatherAPIs\WeatherApiProject\WeatherApiService\src\test\resources
2024-05-31 10:49:33,847 [Worker-36: Launching LocationRepositoryTests.testAddRealtimeWeatherData] INFO  o.e.m.c.i.p.WorkspaceClassifierResolverManager - Resolving P/WeatherApiCommon: com.weatherapi:weather-api-common:1.0.0 with classifier null to /WeatherApiCommon/target/classes
2024-05-31 10:49:34,003 [Worker-36: Launching LocationRepositoryTests.testAddRealtimeWeatherData] INFO  o.e.m.c.i.p.WorkspaceClassifierResolverManager - Resolving P/WeatherApiCommon: com.weatherapi:weather-api-common:1.0.0 with classifier null to /WeatherApiCommon/target/classes
2024-05-31 11:15:18,895 [Worker-49: Launching RealtimeWeatherRepositoryTests.testUpdateRealtimeWeather] INFO  o.a.m.s.f.DefaultMavenResourcesFiltering - Copying 0 resource from src\main\resources to target\classes
2024-05-31 11:15:18,903 [Worker-49: Launching RealtimeWeatherRepositoryTests.testUpdateRealtimeWeather] INFO  o.a.m.s.f.DefaultMavenResourcesFiltering - Copying 0 resource from src\main\resources to target\classes
2024-05-31 11:15:18,907 [Worker-49: Launching RealtimeWeatherRepositoryTests.testUpdateRealtimeWeather] INFO  o.a.m.s.f.DefaultMavenResourcesFiltering - skip non existing resourceDirectory D:\project-java-spring\RestApiCourse\WeatherAPIs\WeatherApiProject\WeatherApiService\src\test\resources
2024-05-31 11:15:19,287 [Worker-49: Launching RealtimeWeatherRepositoryTests.testUpdateRealtimeWeather] INFO  o.e.m.c.i.p.WorkspaceClassifierResolverManager - Resolving P/WeatherApiCommon: com.weatherapi:weather-api-common:1.0.0 with classifier null to /WeatherApiCommon/target/classes
2024-05-31 11:15:19,482 [Worker-49: Launching RealtimeWeatherRepositoryTests.testUpdateRealtimeWeather] INFO  o.e.m.c.i.p.WorkspaceClassifierResolverManager - Resolving P/WeatherApiCommon: com.weatherapi:weather-api-common:1.0.0 with classifier null to /WeatherApiCommon/target/classes
2024-05-31 14:38:13,459 [Worker-81: Cleaning all projects] INFO  o.e.m.c.i.l.LifecycleMappingFactory - Using org.eclipse.m2e.jdt.JarLifecycleMapping lifecycle mapping for MavenProject: com.weatherapi:WeatherApiService:1.0.0 @ D:\project-java-spring\RestApiCourse\WeatherAPIs\WeatherApiProject\WeatherApiService\pom.xml.
2024-05-31 14:38:14,012 [Worker-81: Cleaning all projects] INFO  o.e.m.c.i.p.WorkspaceClassifierResolverManager - Resolving P/WeatherApiCommon: com.weatherapi:weather-api-common:1.0.0 with classifier  to /WeatherApiCommon/target/classes
2024-05-31 14:38:17,173 [Worker-92: Download sources and javadoc] INFO  o.e.m.c.i.e.AbstractTransferListenerAdapter - Downloading https://repo.maven.apache.org/maven2/com/ip2location/ip2location-java/8.11.2/ip2location-java-8.11.2-sources.jar
2024-05-31 14:38:17,751 [Worker-90: Building Workspace] INFO  o.a.m.s.f.DefaultMavenResourcesFiltering - Copying 1 resource from src\main\resources to target\classes
2024-05-31 14:38:17,757 [Worker-90: Building Workspace] INFO  o.a.m.s.f.DefaultMavenResourcesFiltering - Copying 0 resource from src\main\resources to target\classes
2024-05-31 14:38:17,764 [Worker-90: Building Workspace] INFO  o.a.m.s.f.DefaultMavenResourcesFiltering - skip non existing resourceDirectory D:\project-java-spring\RestApiCourse\WeatherAPIs\WeatherApiProject\WeatherApiCommon\src\test\resources
2024-05-31 14:38:18,967 [Worker-92: Download sources and javadoc] INFO  o.e.m.c.i.e.AbstractTransferListenerAdapter - Downloaded https://repo.maven.apache.org/maven2/com/ip2location/ip2location-java/8.11.2/ip2location-java-8.11.2-sources.jar
2024-05-31 14:38:19,015 [Worker-92: Download sources and javadoc] INFO  o.e.m.j.internal.DownloadSourcesJob - Downloaded sources for com.ip2location:ip2location-java:8.11.2
2024-05-31 14:38:19,159 [Worker-92: Download sources and javadoc] INFO  o.e.m.c.i.e.AbstractTransferListenerAdapter - Downloading https://repo.maven.apache.org/maven2/com/opencsv/opencsv/5.8/opencsv-5.8-sources.jar
2024-05-31 14:38:19,322 [Worker-92: Download sources and javadoc] INFO  o.e.m.c.i.e.AbstractTransferListenerAdapter - Downloaded https://repo.maven.apache.org/maven2/com/opencsv/opencsv/5.8/opencsv-5.8-sources.jar
2024-05-31 14:38:19,327 [Worker-92: Download sources and javadoc] INFO  o.e.m.j.internal.DownloadSourcesJob - Downloaded sources for com.opencsv:opencsv:5.8
2024-05-31 14:38:19,451 [Worker-92: Download sources and javadoc] INFO  o.e.m.c.i.e.AbstractTransferListenerAdapter - Downloading https://repo.maven.apache.org/maven2/org/apache/commons/commons-text/1.10.0/commons-text-1.10.0-sources.jar
2024-05-31 14:38:19,585 [Worker-90: Building Workspace] INFO  o.a.m.s.f.DefaultMavenResourcesFiltering - Copying 1 resource from src\main\resources to target\classes
2024-05-31 14:38:19,634 [Worker-90: Building Workspace] INFO  o.a.m.s.f.DefaultMavenResourcesFiltering - Copying 0 resource from src\main\resources to target\classes
2024-05-31 14:38:19,643 [Worker-90: Building Workspace] INFO  o.a.m.s.f.DefaultMavenResourcesFiltering - skip non existing resourceDirectory D:\project-java-spring\RestApiCourse\WeatherAPIs\WeatherApiProject\WeatherApiService\src\test\resources
2024-05-31 14:38:19,682 [Worker-92: Download sources and javadoc] INFO  o.e.m.c.i.e.AbstractTransferListenerAdapter - Downloaded https://repo.maven.apache.org/maven2/org/apache/commons/commons-text/1.10.0/commons-text-1.10.0-sources.jar
2024-05-31 14:38:19,691 [Worker-92: Download sources and javadoc] INFO  o.e.m.j.internal.DownloadSourcesJob - Downloaded sources for org.apache.commons:commons-text:1.10.0
2024-05-31 14:38:19,789 [Worker-92: Download sources and javadoc] INFO  o.e.m.c.i.e.AbstractTransferListenerAdapter - Downloading https://repo.maven.apache.org/maven2/commons-beanutils/commons-beanutils/1.9.4/commons-beanutils-1.9.4-sources.jar
2024-05-31 14:38:20,325 [Worker-92: Download sources and javadoc] INFO  o.e.m.c.i.e.AbstractTransferListenerAdapter - Downloaded https://repo.maven.apache.org/maven2/commons-beanutils/commons-beanutils/1.9.4/commons-beanutils-1.9.4-sources.jar
2024-05-31 14:38:20,338 [Worker-92: Download sources and javadoc] INFO  o.e.m.j.internal.DownloadSourcesJob - Downloaded sources for commons-beanutils:commons-beanutils:1.9.4
2024-05-31 14:38:20,486 [Worker-92: Download sources and javadoc] INFO  o.e.m.c.i.e.AbstractTransferListenerAdapter - Downloading https://repo.maven.apache.org/maven2/commons-logging/commons-logging/1.2/commons-logging-1.2-sources.jar
2024-05-31 14:38:20,728 [Worker-92: Download sources and javadoc] INFO  o.e.m.c.i.e.AbstractTransferListenerAdapter - Downloaded https://repo.maven.apache.org/maven2/commons-logging/commons-logging/1.2/commons-logging-1.2-sources.jar
2024-05-31 14:38:20,737 [Worker-92: Download sources and javadoc] INFO  o.e.m.j.internal.DownloadSourcesJob - Downloaded sources for commons-logging:commons-logging:1.2
2024-05-31 14:38:20,879 [Worker-92: Download sources and javadoc] INFO  o.e.m.c.i.e.AbstractTransferListenerAdapter - Downloading https://repo.maven.apache.org/maven2/commons-collections/commons-collections/3.2.2/commons-collections-3.2.2-sources.jar
2024-05-31 14:38:21,166 [Worker-92: Download sources and javadoc] INFO  o.e.m.c.i.e.AbstractTransferListenerAdapter - Downloaded https://repo.maven.apache.org/maven2/commons-collections/commons-collections/3.2.2/commons-collections-3.2.2-sources.jar
2024-05-31 14:38:21,171 [Worker-92: Download sources and javadoc] INFO  o.e.m.j.internal.DownloadSourcesJob - Downloaded sources for commons-collections:commons-collections:3.2.2
2024-05-31 14:38:21,293 [Worker-92: Download sources and javadoc] INFO  o.e.m.c.i.e.AbstractTransferListenerAdapter - Downloading https://repo.maven.apache.org/maven2/com/google/code/gson/gson/2.10.1/gson-2.10.1-sources.jar
2024-05-31 14:38:21,591 [Worker-92: Download sources and javadoc] INFO  o.e.m.c.i.e.AbstractTransferListenerAdapter - Downloaded https://repo.maven.apache.org/maven2/com/google/code/gson/gson/2.10.1/gson-2.10.1-sources.jar
2024-05-31 14:38:21,614 [Worker-92: Download sources and javadoc] INFO  o.e.m.j.internal.DownloadSourcesJob - Downloaded sources for com.google.code.gson:gson:2.10.1
2024-05-31 14:38:21,775 [Worker-92: Download sources and javadoc] INFO  o.e.m.c.i.e.AbstractTransferListenerAdapter - Downloading https://repo.maven.apache.org/maven2/org/apache/commons/commons-lang3/3.13.0/commons-lang3-3.13.0-sources.jar
2024-05-31 14:38:22,036 [Worker-92: Download sources and javadoc] INFO  o.e.m.c.i.e.AbstractTransferListenerAdapter - Downloaded https://repo.maven.apache.org/maven2/org/apache/commons/commons-lang3/3.13.0/commons-lang3-3.13.0-sources.jar
2024-05-31 14:38:22,043 [Worker-92: Download sources and javadoc] INFO  o.e.m.j.internal.DownloadSourcesJob - Downloaded sources for org.apache.commons:commons-lang3:3.13.0
2024-05-31 14:39:58,478 [Worker-92: Launching Executing clean in D__project-java-spring_RestApiCourse_WeatherAPIs_WeatherApiProject_WeatherApiService] INFO  o.eclipse.m2e.core.internal.Bundles - getClasspathEntries(Bundle=org.eclipse.m2e.maven.runtime_3.8.604.20221130-2149 [345])
2024-05-31 14:39:58,493 [Worker-92: Launching Executing clean in D__project-java-spring_RestApiCourse_WeatherAPIs_WeatherApiProject_WeatherApiService] INFO  o.eclipse.m2e.core.internal.Bundles - 	Entry: C:\ProgramData\chocolatey\lib\springtoolsuite\tools\sts-4.17.2.RELEASE\plugins\org.eclipse.m2e.maven.runtime_3.8.604.20221130-2149
2024-05-31 14:39:58,494 [Worker-92: Launching Executing clean in D__project-java-spring_RestApiCourse_WeatherAPIs_WeatherApiProject_WeatherApiService] INFO  o.eclipse.m2e.core.internal.Bundles - 	Entry: C:\ProgramData\chocolatey\lib\springtoolsuite\tools\sts-4.17.2.RELEASE\plugins\org.eclipse.m2e.maven.runtime_3.8.604.20221130-2149\jars\aether-connector-okhttp-0.17.8.jar
2024-05-31 14:39:58,494 [Worker-92: Launching Executing clean in D__project-java-spring_RestApiCourse_WeatherAPIs_WeatherApiProject_WeatherApiService] INFO  o.eclipse.m2e.core.internal.Bundles - 	Entry: C:\ProgramData\chocolatey\lib\springtoolsuite\tools\sts-4.17.2.RELEASE\plugins\org.eclipse.m2e.maven.runtime_3.8.604.20221130-2149\jars\commons-cli-1.4.jar
2024-05-31 14:39:58,494 [Worker-92: Launching Executing clean in D__project-java-spring_RestApiCourse_WeatherAPIs_WeatherApiProject_WeatherApiService] INFO  o.eclipse.m2e.core.internal.Bundles - 	Entry: C:\ProgramData\chocolatey\lib\springtoolsuite\tools\sts-4.17.2.RELEASE\plugins\org.eclipse.m2e.maven.runtime_3.8.604.20221130-2149\jars\commons-io-2.6.jar
2024-05-31 14:39:58,495 [Worker-92: Launching Executing clean in D__project-java-spring_RestApiCourse_WeatherAPIs_WeatherApiProject_WeatherApiService] INFO  o.eclipse.m2e.core.internal.Bundles - 	Entry: C:\ProgramData\chocolatey\lib\springtoolsuite\tools\sts-4.17.2.RELEASE\plugins\org.eclipse.m2e.maven.runtime_3.8.604.20221130-2149\jars\commons-lang3-3.8.1.jar
2024-05-31 14:39:58,495 [Worker-92: Launching Executing clean in D__project-java-spring_RestApiCourse_WeatherAPIs_WeatherApiProject_WeatherApiService] INFO  o.eclipse.m2e.core.internal.Bundles - 	Entry: C:\ProgramData\chocolatey\lib\springtoolsuite\tools\sts-4.17.2.RELEASE\plugins\org.eclipse.m2e.maven.runtime_3.8.604.20221130-2149\jars\guice-4.2.2-no_aop.jar
2024-05-31 14:39:58,495 [Worker-92: Launching Executing clean in D__project-java-spring_RestApiCourse_WeatherAPIs_WeatherApiProject_WeatherApiService] INFO  o.eclipse.m2e.core.internal.Bundles - 	Entry: C:\ProgramData\chocolatey\lib\springtoolsuite\tools\sts-4.17.2.RELEASE\plugins\org.eclipse.m2e.maven.runtime_3.8.604.20221130-2149\jars\jansi-2.4.0.jar
2024-05-31 14:39:58,496 [Worker-92: Launching Executing clean in D__project-java-spring_RestApiCourse_WeatherAPIs_WeatherApiProject_WeatherApiService] INFO  o.eclipse.m2e.core.internal.Bundles - 	Entry: C:\ProgramData\chocolatey\lib\springtoolsuite\tools\sts-4.17.2.RELEASE\plugins\org.eclipse.m2e.maven.runtime_3.8.604.20221130-2149\jars\maven-artifact-3.8.6.jar
2024-05-31 14:39:58,496 [Worker-92: Launching Executing clean in D__project-java-spring_RestApiCourse_WeatherAPIs_WeatherApiProject_WeatherApiService] INFO  o.eclipse.m2e.core.internal.Bundles - 	Entry: C:\ProgramData\chocolatey\lib\springtoolsuite\tools\sts-4.17.2.RELEASE\plugins\org.eclipse.m2e.maven.runtime_3.8.604.20221130-2149\jars\maven-builder-support-3.8.6.jar
2024-05-31 14:39:58,496 [Worker-92: Launching Executing clean in D__project-java-spring_RestApiCourse_WeatherAPIs_WeatherApiProject_WeatherApiService] INFO  o.eclipse.m2e.core.internal.Bundles - 	Entry: C:\ProgramData\chocolatey\lib\springtoolsuite\tools\sts-4.17.2.RELEASE\plugins\org.eclipse.m2e.maven.runtime_3.8.604.20221130-2149\jars\maven-compat-3.8.6.jar
2024-05-31 14:39:58,497 [Worker-92: Launching Executing clean in D__project-java-spring_RestApiCourse_WeatherAPIs_WeatherApiProject_WeatherApiService] INFO  o.eclipse.m2e.core.internal.Bundles - 	Entry: C:\ProgramData\chocolatey\lib\springtoolsuite\tools\sts-4.17.2.RELEASE\plugins\org.eclipse.m2e.maven.runtime_3.8.604.20221130-2149\jars\maven-core-3.8.6.jar
2024-05-31 14:39:58,497 [Worker-92: Launching Executing clean in D__project-java-spring_RestApiCourse_WeatherAPIs_WeatherApiProject_WeatherApiService] INFO  o.eclipse.m2e.core.internal.Bundles - 	Entry: C:\ProgramData\chocolatey\lib\springtoolsuite\tools\sts-4.17.2.RELEASE\plugins\org.eclipse.m2e.maven.runtime_3.8.604.20221130-2149\jars\maven-embedder-3.8.6.jar
2024-05-31 14:39:58,497 [Worker-92: Launching Executing clean in D__project-java-spring_RestApiCourse_WeatherAPIs_WeatherApiProject_WeatherApiService] INFO  o.eclipse.m2e.core.internal.Bundles - 	Entry: C:\ProgramData\chocolatey\lib\springtoolsuite\tools\sts-4.17.2.RELEASE\plugins\org.eclipse.m2e.maven.runtime_3.8.604.20221130-2149\jars\maven-model-3.8.6.jar
2024-05-31 14:39:58,497 [Worker-92: Launching Executing clean in D__project-java-spring_RestApiCourse_WeatherAPIs_WeatherApiProject_WeatherApiService] INFO  o.eclipse.m2e.core.internal.Bundles - 	Entry: C:\ProgramData\chocolatey\lib\springtoolsuite\tools\sts-4.17.2.RELEASE\plugins\org.eclipse.m2e.maven.runtime_3.8.604.20221130-2149\jars\maven-model-builder-3.8.6.jar
2024-05-31 14:39:58,497 [Worker-92: Launching Executing clean in D__project-java-spring_RestApiCourse_WeatherAPIs_WeatherApiProject_WeatherApiService] INFO  o.eclipse.m2e.core.internal.Bundles - 	Entry: C:\ProgramData\chocolatey\lib\springtoolsuite\tools\sts-4.17.2.RELEASE\plugins\org.eclipse.m2e.maven.runtime_3.8.604.20221130-2149\jars\maven-plugin-api-3.8.6.jar
2024-05-31 14:39:58,497 [Worker-92: Launching Executing clean in D__project-java-spring_RestApiCourse_WeatherAPIs_WeatherApiProject_WeatherApiService] INFO  o.eclipse.m2e.core.internal.Bundles - 	Entry: C:\ProgramData\chocolatey\lib\springtoolsuite\tools\sts-4.17.2.RELEASE\plugins\org.eclipse.m2e.maven.runtime_3.8.604.20221130-2149\jars\maven-repository-metadata-3.8.6.jar
2024-05-31 14:39:58,498 [Worker-92: Launching Executing clean in D__project-java-spring_RestApiCourse_WeatherAPIs_WeatherApiProject_WeatherApiService] INFO  o.eclipse.m2e.core.internal.Bundles - 	Entry: C:\ProgramData\chocolatey\lib\springtoolsuite\tools\sts-4.17.2.RELEASE\plugins\org.eclipse.m2e.maven.runtime_3.8.604.20221130-2149\jars\maven-resolver-api-1.6.3.jar
2024-05-31 14:39:58,498 [Worker-92: Launching Executing clean in D__project-java-spring_RestApiCourse_WeatherAPIs_WeatherApiProject_WeatherApiService] INFO  o.eclipse.m2e.core.internal.Bundles - 	Entry: C:\ProgramData\chocolatey\lib\springtoolsuite\tools\sts-4.17.2.RELEASE\plugins\org.eclipse.m2e.maven.runtime_3.8.604.20221130-2149\jars\maven-resolver-connector-basic-1.6.3.jar
2024-05-31 14:39:58,498 [Worker-92: Launching Executing clean in D__project-java-spring_RestApiCourse_WeatherAPIs_WeatherApiProject_WeatherApiService] INFO  o.eclipse.m2e.core.internal.Bundles - 	Entry: C:\ProgramData\chocolatey\lib\springtoolsuite\tools\sts-4.17.2.RELEASE\plugins\org.eclipse.m2e.maven.runtime_3.8.604.20221130-2149\jars\maven-resolver-impl-1.6.3.jar
2024-05-31 14:39:58,498 [Worker-92: Launching Executing clean in D__project-java-spring_RestApiCourse_WeatherAPIs_WeatherApiProject_WeatherApiService] INFO  o.eclipse.m2e.core.internal.Bundles - 	Entry: C:\ProgramData\chocolatey\lib\springtoolsuite\tools\sts-4.17.2.RELEASE\plugins\org.eclipse.m2e.maven.runtime_3.8.604.20221130-2149\jars\maven-resolver-provider-3.8.6.jar
2024-05-31 14:39:58,498 [Worker-92: Launching Executing clean in D__project-java-spring_RestApiCourse_WeatherAPIs_WeatherApiProject_WeatherApiService] INFO  o.eclipse.m2e.core.internal.Bundles - 	Entry: C:\ProgramData\chocolatey\lib\springtoolsuite\tools\sts-4.17.2.RELEASE\plugins\org.eclipse.m2e.maven.runtime_3.8.604.20221130-2149\jars\maven-resolver-spi-1.6.3.jar
2024-05-31 14:39:58,498 [Worker-92: Launching Executing clean in D__project-java-spring_RestApiCourse_WeatherAPIs_WeatherApiProject_WeatherApiService] INFO  o.eclipse.m2e.core.internal.Bundles - 	Entry: C:\ProgramData\chocolatey\lib\springtoolsuite\tools\sts-4.17.2.RELEASE\plugins\org.eclipse.m2e.maven.runtime_3.8.604.20221130-2149\jars\maven-resolver-transport-wagon-1.6.3.jar
2024-05-31 14:39:58,498 [Worker-92: Launching Executing clean in D__project-java-spring_RestApiCourse_WeatherAPIs_WeatherApiProject_WeatherApiService] INFO  o.eclipse.m2e.core.internal.Bundles - 	Entry: C:\ProgramData\chocolatey\lib\springtoolsuite\tools\sts-4.17.2.RELEASE\plugins\org.eclipse.m2e.maven.runtime_3.8.604.20221130-2149\jars\maven-resolver-util-1.6.3.jar
2024-05-31 14:39:58,499 [Worker-92: Launching Executing clean in D__project-java-spring_RestApiCourse_WeatherAPIs_WeatherApiProject_WeatherApiService] INFO  o.eclipse.m2e.core.internal.Bundles - 	Entry: C:\ProgramData\chocolatey\lib\springtoolsuite\tools\sts-4.17.2.RELEASE\plugins\org.eclipse.m2e.maven.runtime_3.8.604.20221130-2149\jars\maven-settings-3.8.6.jar
2024-05-31 14:39:58,499 [Worker-92: Launching Executing clean in D__project-java-spring_RestApiCourse_WeatherAPIs_WeatherApiProject_WeatherApiService] INFO  o.eclipse.m2e.core.internal.Bundles - 	Entry: C:\ProgramData\chocolatey\lib\springtoolsuite\tools\sts-4.17.2.RELEASE\plugins\org.eclipse.m2e.maven.runtime_3.8.604.20221130-2149\jars\maven-settings-builder-3.8.6.jar
2024-05-31 14:39:58,499 [Worker-92: Launching Executing clean in D__project-java-spring_RestApiCourse_WeatherAPIs_WeatherApiProject_WeatherApiService] INFO  o.eclipse.m2e.core.internal.Bundles - 	Entry: C:\ProgramData\chocolatey\lib\springtoolsuite\tools\sts-4.17.2.RELEASE\plugins\org.eclipse.m2e.maven.runtime_3.8.604.20221130-2149\jars\maven-shared-utils-3.3.4.jar
2024-05-31 14:39:58,499 [Worker-92: Launching Executing clean in D__project-java-spring_RestApiCourse_WeatherAPIs_WeatherApiProject_WeatherApiService] INFO  o.eclipse.m2e.core.internal.Bundles - 	Entry: C:\ProgramData\chocolatey\lib\springtoolsuite\tools\sts-4.17.2.RELEASE\plugins\org.eclipse.m2e.maven.runtime_3.8.604.20221130-2149\jars\okhttp-3.14.1.jar
2024-05-31 14:39:58,500 [Worker-92: Launching Executing clean in D__project-java-spring_RestApiCourse_WeatherAPIs_WeatherApiProject_WeatherApiService] INFO  o.eclipse.m2e.core.internal.Bundles - 	Entry: C:\ProgramData\chocolatey\lib\springtoolsuite\tools\sts-4.17.2.RELEASE\plugins\org.eclipse.m2e.maven.runtime_3.8.604.20221130-2149\jars\okio-1.17.3.jar
2024-05-31 14:39:58,500 [Worker-92: Launching Executing clean in D__project-java-spring_RestApiCourse_WeatherAPIs_WeatherApiProject_WeatherApiService] INFO  o.eclipse.m2e.core.internal.Bundles - 	Entry: C:\ProgramData\chocolatey\lib\springtoolsuite\tools\sts-4.17.2.RELEASE\plugins\org.eclipse.m2e.maven.runtime_3.8.604.20221130-2149\jars\org.eclipse.sisu.inject-0.3.5.jar
2024-05-31 14:39:58,500 [Worker-92: Launching Executing clean in D__project-java-spring_RestApiCourse_WeatherAPIs_WeatherApiProject_WeatherApiService] INFO  o.eclipse.m2e.core.internal.Bundles - 	Entry: C:\ProgramData\chocolatey\lib\springtoolsuite\tools\sts-4.17.2.RELEASE\plugins\org.eclipse.m2e.maven.runtime_3.8.604.20221130-2149\jars\org.eclipse.sisu.plexus-0.3.5.jar
2024-05-31 14:39:58,500 [Worker-92: Launching Executing clean in D__project-java-spring_RestApiCourse_WeatherAPIs_WeatherApiProject_WeatherApiService] INFO  o.eclipse.m2e.core.internal.Bundles - 	Entry: C:\ProgramData\chocolatey\lib\springtoolsuite\tools\sts-4.17.2.RELEASE\plugins\org.eclipse.m2e.maven.runtime_3.8.604.20221130-2149\jars\plexus-build-api-0.0.7.jar
2024-05-31 14:39:58,500 [Worker-92: Launching Executing clean in D__project-java-spring_RestApiCourse_WeatherAPIs_WeatherApiProject_WeatherApiService] INFO  o.eclipse.m2e.core.internal.Bundles - 	Entry: C:\ProgramData\chocolatey\lib\springtoolsuite\tools\sts-4.17.2.RELEASE\plugins\org.eclipse.m2e.maven.runtime_3.8.604.20221130-2149\jars\plexus-cipher-2.0.jar
2024-05-31 14:39:58,500 [Worker-92: Launching Executing clean in D__project-java-spring_RestApiCourse_WeatherAPIs_WeatherApiProject_WeatherApiService] INFO  o.eclipse.m2e.core.internal.Bundles - 	Entry: C:\ProgramData\chocolatey\lib\springtoolsuite\tools\sts-4.17.2.RELEASE\plugins\org.eclipse.m2e.maven.runtime_3.8.604.20221130-2149\jars\plexus-classworlds-2.6.0.jar
2024-05-31 14:39:58,500 [Worker-92: Launching Executing clean in D__project-java-spring_RestApiCourse_WeatherAPIs_WeatherApiProject_WeatherApiService] INFO  o.eclipse.m2e.core.internal.Bundles - 	Entry: C:\ProgramData\chocolatey\lib\springtoolsuite\tools\sts-4.17.2.RELEASE\plugins\org.eclipse.m2e.maven.runtime_3.8.604.20221130-2149\jars\plexus-component-annotations-2.1.0.jar
2024-05-31 14:39:58,501 [Worker-92: Launching Executing clean in D__project-java-spring_RestApiCourse_WeatherAPIs_WeatherApiProject_WeatherApiService] INFO  o.eclipse.m2e.core.internal.Bundles - 	Entry: C:\ProgramData\chocolatey\lib\springtoolsuite\tools\sts-4.17.2.RELEASE\plugins\org.eclipse.m2e.maven.runtime_3.8.604.20221130-2149\jars\plexus-interpolation-1.26.jar
2024-05-31 14:39:58,501 [Worker-92: Launching Executing clean in D__project-java-spring_RestApiCourse_WeatherAPIs_WeatherApiProject_WeatherApiService] INFO  o.eclipse.m2e.core.internal.Bundles - 	Entry: C:\ProgramData\chocolatey\lib\springtoolsuite\tools\sts-4.17.2.RELEASE\plugins\org.eclipse.m2e.maven.runtime_3.8.604.20221130-2149\jars\plexus-sec-dispatcher-2.0.jar
2024-05-31 14:39:58,501 [Worker-92: Launching Executing clean in D__project-java-spring_RestApiCourse_WeatherAPIs_WeatherApiProject_WeatherApiService] INFO  o.eclipse.m2e.core.internal.Bundles - 	Entry: C:\ProgramData\chocolatey\lib\springtoolsuite\tools\sts-4.17.2.RELEASE\plugins\org.eclipse.m2e.maven.runtime_3.8.604.20221130-2149\jars\plexus-utils-3.3.1.jar
2024-05-31 14:39:58,501 [Worker-92: Launching Executing clean in D__project-java-spring_RestApiCourse_WeatherAPIs_WeatherApiProject_WeatherApiService] INFO  o.eclipse.m2e.core.internal.Bundles - 	Entry: C:\ProgramData\chocolatey\lib\springtoolsuite\tools\sts-4.17.2.RELEASE\plugins\org.eclipse.m2e.maven.runtime_3.8.604.20221130-2149\jars\wagon-file-3.5.1.jar
2024-05-31 14:39:58,501 [Worker-92: Launching Executing clean in D__project-java-spring_RestApiCourse_WeatherAPIs_WeatherApiProject_WeatherApiService] INFO  o.eclipse.m2e.core.internal.Bundles - 	Entry: C:\ProgramData\chocolatey\lib\springtoolsuite\tools\sts-4.17.2.RELEASE\plugins\org.eclipse.m2e.maven.runtime_3.8.604.20221130-2149\jars\wagon-provider-api-3.5.1.jar
2024-05-31 14:39:58,505 [Worker-92: Launching Executing clean in D__project-java-spring_RestApiCourse_WeatherAPIs_WeatherApiProject_WeatherApiService] INFO  o.eclipse.m2e.core.internal.Bundles - getClasspathEntries(Bundle=com.google.guava_32.1.3.jre [1342])
2024-05-31 14:39:58,533 [Worker-92: Launching Executing clean in D__project-java-spring_RestApiCourse_WeatherAPIs_WeatherApiProject_WeatherApiService] INFO  o.eclipse.m2e.core.internal.Bundles - 	Entry: C:\Users\ASUS\.eclipse\org.eclipse.platform_4.26.0_90929211_win32_win32_x86_64\plugins\com.google.guava_32.1.3.jre.jar
2024-05-31 14:39:58,533 [Worker-92: Launching Executing clean in D__project-java-spring_RestApiCourse_WeatherAPIs_WeatherApiProject_WeatherApiService] INFO  o.eclipse.m2e.core.internal.Bundles - getClasspathEntries(Bundle=slf4j.api_1.7.36 [584])
2024-05-31 14:39:58,537 [Worker-92: Launching Executing clean in D__project-java-spring_RestApiCourse_WeatherAPIs_WeatherApiProject_WeatherApiService] INFO  o.eclipse.m2e.core.internal.Bundles - 	Entry: C:\ProgramData\chocolatey\lib\springtoolsuite\tools\sts-4.17.2.RELEASE\plugins\slf4j.api_1.7.36.jar
2024-05-31 14:39:58,537 [Worker-92: Launching Executing clean in D__project-java-spring_RestApiCourse_WeatherAPIs_WeatherApiProject_WeatherApiService] INFO  o.eclipse.m2e.core.internal.Bundles - getClasspathEntries(Bundle=javax.inject_1.0.0.v20220405-0441 [49])
2024-05-31 14:39:58,545 [Worker-92: Launching Executing clean in D__project-java-spring_RestApiCourse_WeatherAPIs_WeatherApiProject_WeatherApiService] INFO  o.eclipse.m2e.core.internal.Bundles - 	Entry: C:\ProgramData\chocolatey\lib\springtoolsuite\tools\sts-4.17.2.RELEASE\plugins\javax.inject_1.0.0.v20220405-0441.jar
2024-05-31 14:39:58,545 [Worker-92: Launching Executing clean in D__project-java-spring_RestApiCourse_WeatherAPIs_WeatherApiProject_WeatherApiService] INFO  o.eclipse.m2e.core.internal.Bundles - getClasspathEntries(Bundle=javax.annotation_1.3.5.v20221112-0806 [47])
2024-05-31 14:39:58,550 [Worker-92: Launching Executing clean in D__project-java-spring_RestApiCourse_WeatherAPIs_WeatherApiProject_WeatherApiService] INFO  o.eclipse.m2e.core.internal.Bundles - 	Entry: C:\ProgramData\chocolatey\lib\springtoolsuite\tools\sts-4.17.2.RELEASE\plugins\javax.annotation_1.3.5.v20221112-0806.jar
2024-05-31 14:39:58,551 [Worker-92: Launching Executing clean in D__project-java-spring_RestApiCourse_WeatherAPIs_WeatherApiProject_WeatherApiService] INFO  o.eclipse.m2e.core.internal.Bundles - getClasspathEntries(Bundle=com.google.guava.failureaccess_1.0.2 [1344])
2024-05-31 14:39:58,624 [Worker-92: Launching Executing clean in D__project-java-spring_RestApiCourse_WeatherAPIs_WeatherApiProject_WeatherApiService] INFO  o.eclipse.m2e.core.internal.Bundles - 	Entry: C:\Users\ASUS\.eclipse\org.eclipse.platform_4.26.0_90929211_win32_win32_x86_64\plugins\com.google.guava.failureaccess_1.0.2.jar
2024-05-31 14:39:58,657 [Worker-92: Launching Executing clean in D__project-java-spring_RestApiCourse_WeatherAPIs_WeatherApiProject_WeatherApiService] INFO  o.e.m.i.launch.MavenLaunchDelegate - Run build in "D:\project-java-spring\RestApiCourse\WeatherAPIs\WeatherApiProject\WeatherApiService":
2024-05-31 14:39:58,696 [Worker-92: Launching Executing clean in D__project-java-spring_RestApiCourse_WeatherAPIs_WeatherApiProject_WeatherApiService] INFO  o.e.m.i.launch.MavenLaunchDelegate -  mvn  -Ppom.xml -B -Dstyle.color=always clean -Dstyle.color=always
2024-05-31 14:40:22,059 [main] INFO  o.e.m2e.actions.ExecutePomAction - Creating new launch configuration
2024-05-31 14:40:29,208 [Worker-86: Launching WeatherApiService] INFO  o.e.m.i.launch.MavenLaunchDelegate - Run build in "D:\project-java-spring\RestApiCourse\WeatherAPIs\WeatherApiProject\WeatherApiService":
2024-05-31 14:40:29,210 [Worker-86: Launching WeatherApiService] INFO  o.e.m.i.launch.MavenLaunchDelegate -  mvn  -Ppom.xml -B -Dstyle.color=always  -Dstyle.color=always
2024-05-31 20:02:40,211 [Worker-10: Loading available Gradle versions] INFO  o.e.b.c.i.u.g.PublishedGradleVersions - Gradle version information cache is up-to-date. Trying to read.
2024-05-31 20:02:41,517 [ForkJoinPool.commonPool-worker-2] INFO  o.s.s.s.o.s.c.s.PostProcessorRegistrationDelegate$BeanPostProcessorChecker - Bean 'sonarLintSpringAppConfig' of type [org.sonarsource.sonarlint.core.spring.SonarLintSpringAppConfig$$EnhancerBySpringCGLIB$$9e0e9de0] is not eligible for getting processed by all BeanPostProcessors (for example: not eligible for auto-proxying)
2024-05-31 20:02:41,583 [ForkJoinPool.commonPool-worker-2] INFO  o.s.s.s.o.s.c.s.PostProcessorRegistrationDelegate$BeanPostProcessorChecker - Bean 'provideClientEventBus' of type [com.google.common.eventbus.AsyncEventBus] is not eligible for getting processed by all BeanPostProcessors (for example: not eligible for auto-proxying)
2024-05-31 20:05:54,584 [Worker-20: Launching IP2LocationTests.testInvalidIP] INFO  o.a.m.s.f.DefaultMavenResourcesFiltering - Copying 1 resource from src\main\resources to target\classes
2024-05-31 20:05:54,611 [Worker-20: Launching IP2LocationTests.testInvalidIP] INFO  o.a.m.s.f.DefaultMavenResourcesFiltering - Copying 0 resource from src\main\resources to target\classes
2024-05-31 20:05:54,616 [Worker-20: Launching IP2LocationTests.testInvalidIP] INFO  o.a.m.s.f.DefaultMavenResourcesFiltering - skip non existing resourceDirectory D:\project-java-spring\RestApiCourse\WeatherAPIs\WeatherApiProject\WeatherApiCommon\src\test\resources
2024-05-31 20:05:56,639 [Worker-20: Launching IP2LocationTests.testInvalidIP] INFO  o.e.m.c.i.p.WorkspaceClassifierResolverManager - Resolving P/WeatherApiCommon: com.weatherapi:weather-api-common:1.0.0 with classifier  to /WeatherApiCommon/target/classes
2024-05-31 20:05:56,761 [Worker-20: Launching IP2LocationTests.testInvalidIP] INFO  o.a.m.s.f.DefaultMavenResourcesFiltering - Copying 1 resource from src\main\resources to target\classes
2024-05-31 20:05:56,781 [Worker-20: Launching IP2LocationTests.testInvalidIP] INFO  o.a.m.s.f.DefaultMavenResourcesFiltering - Copying 0 resource from src\main\resources to target\classes
2024-05-31 20:05:56,786 [Worker-20: Launching IP2LocationTests.testInvalidIP] INFO  o.a.m.s.f.DefaultMavenResourcesFiltering - skip non existing resourceDirectory D:\project-java-spring\RestApiCourse\WeatherAPIs\WeatherApiProject\WeatherApiService\src\test\resources
2024-05-31 20:05:57,093 [Worker-20: Launching IP2LocationTests.testInvalidIP] INFO  o.e.m.c.i.p.WorkspaceClassifierResolverManager - Resolving P/WeatherApiCommon: com.weatherapi:weather-api-common:1.0.0 with classifier null to /WeatherApiCommon/target/classes
2024-05-31 20:05:57,264 [Worker-20: Launching IP2LocationTests.testInvalidIP] INFO  o.e.m.c.i.p.WorkspaceClassifierResolverManager - Resolving P/WeatherApiCommon: com.weatherapi:weather-api-common:1.0.0 with classifier null to /WeatherApiCommon/target/classes
2024-05-31 20:12:16,195 [Worker-15: Launching IP2LocationTests.testValidIP] INFO  o.a.m.s.f.DefaultMavenResourcesFiltering - Copying 0 resource from src\main\resources to target\classes
2024-05-31 20:12:16,206 [Worker-15: Launching IP2LocationTests.testValidIP] INFO  o.a.m.s.f.DefaultMavenResourcesFiltering - Copying 0 resource from src\main\resources to target\classes
2024-05-31 20:12:16,212 [Worker-15: Launching IP2LocationTests.testValidIP] INFO  o.a.m.s.f.DefaultMavenResourcesFiltering - skip non existing resourceDirectory D:\project-java-spring\RestApiCourse\WeatherAPIs\WeatherApiProject\WeatherApiService\src\test\resources
2024-05-31 20:12:16,633 [Worker-15: Launching IP2LocationTests.testValidIP] INFO  o.e.m.c.i.p.WorkspaceClassifierResolverManager - Resolving P/WeatherApiCommon: com.weatherapi:weather-api-common:1.0.0 with classifier null to /WeatherApiCommon/target/classes
2024-05-31 20:12:16,850 [Worker-15: Launching IP2LocationTests.testValidIP] INFO  o.e.m.c.i.p.WorkspaceClassifierResolverManager - Resolving P/WeatherApiCommon: com.weatherapi:weather-api-common:1.0.0 with classifier null to /WeatherApiCommon/target/classes
2024-05-31 20:17:38,570 [Worker-7: Launching IP2LocationTests.testValidIP] INFO  o.a.m.s.f.DefaultMavenResourcesFiltering - Copying 0 resource from src\main\resources to target\classes
2024-05-31 20:17:38,574 [Worker-7: Launching IP2LocationTests.testValidIP] INFO  o.a.m.s.f.DefaultMavenResourcesFiltering - Copying 0 resource from src\main\resources to target\classes
2024-05-31 20:17:38,577 [Worker-7: Launching IP2LocationTests.testValidIP] INFO  o.a.m.s.f.DefaultMavenResourcesFiltering - skip non existing resourceDirectory D:\project-java-spring\RestApiCourse\WeatherAPIs\WeatherApiProject\WeatherApiService\src\test\resources
2024-05-31 20:17:38,914 [Worker-7: Launching IP2LocationTests.testValidIP] INFO  o.e.m.c.i.p.WorkspaceClassifierResolverManager - Resolving P/WeatherApiCommon: com.weatherapi:weather-api-common:1.0.0 with classifier null to /WeatherApiCommon/target/classes
2024-05-31 20:17:39,059 [Worker-7: Launching IP2LocationTests.testValidIP] INFO  o.e.m.c.i.p.WorkspaceClassifierResolverManager - Resolving P/WeatherApiCommon: com.weatherapi:weather-api-common:1.0.0 with classifier null to /WeatherApiCommon/target/classes
2024-05-31 20:19:25,371 [Worker-7: Launching IP2LocationTests.testValidIP2] INFO  o.a.m.s.f.DefaultMavenResourcesFiltering - Copying 0 resource from src\main\resources to target\classes
2024-05-31 20:19:25,372 [Worker-7: Launching IP2LocationTests.testValidIP2] INFO  o.a.m.s.f.DefaultMavenResourcesFiltering - Copying 0 resource from src\main\resources to target\classes
2024-05-31 20:19:25,374 [Worker-7: Launching IP2LocationTests.testValidIP2] INFO  o.a.m.s.f.DefaultMavenResourcesFiltering - skip non existing resourceDirectory D:\project-java-spring\RestApiCourse\WeatherAPIs\WeatherApiProject\WeatherApiService\src\test\resources
2024-05-31 20:19:25,508 [Worker-7: Launching IP2LocationTests.testValidIP2] INFO  o.e.m.c.i.p.WorkspaceClassifierResolverManager - Resolving P/WeatherApiCommon: com.weatherapi:weather-api-common:1.0.0 with classifier null to /WeatherApiCommon/target/classes
2024-05-31 20:19:25,629 [Worker-7: Launching IP2LocationTests.testValidIP2] INFO  o.e.m.c.i.p.WorkspaceClassifierResolverManager - Resolving P/WeatherApiCommon: com.weatherapi:weather-api-common:1.0.0 with classifier null to /WeatherApiCommon/target/classes
2024-06-01 09:57:39,538 [Worker-4: Loading available Gradle versions] INFO  o.e.b.c.i.u.g.PublishedGradleVersions - Gradle version information cache is up-to-date. Trying to read.
2024-06-01 09:57:41,697 [ForkJoinPool.commonPool-worker-6] INFO  o.s.s.s.o.s.c.s.PostProcessorRegistrationDelegate$BeanPostProcessorChecker - Bean 'sonarLintSpringAppConfig' of type [org.sonarsource.sonarlint.core.spring.SonarLintSpringAppConfig$$EnhancerBySpringCGLIB$$d028e87f] is not eligible for getting processed by all BeanPostProcessors (for example: not eligible for auto-proxying)
2024-06-01 09:57:41,795 [ForkJoinPool.commonPool-worker-6] INFO  o.s.s.s.o.s.c.s.PostProcessorRegistrationDelegate$BeanPostProcessorChecker - Bean 'provideClientEventBus' of type [com.google.common.eventbus.AsyncEventBus] is not eligible for getting processed by all BeanPostProcessors (for example: not eligible for auto-proxying)
2024-06-02 21:56:45,241 [Worker-2: Loading available Gradle versions] INFO  o.e.b.c.i.u.g.PublishedGradleVersions - Gradle version information cache is out-of-date. Trying to update.
2024-06-02 21:56:46,904 [ForkJoinPool.commonPool-worker-7] INFO  o.s.s.s.o.s.c.s.PostProcessorRegistrationDelegate$BeanPostProcessorChecker - Bean 'sonarLintSpringAppConfig' of type [org.sonarsource.sonarlint.core.spring.SonarLintSpringAppConfig$$EnhancerBySpringCGLIB$$6cbcfd24] is not eligible for getting processed by all BeanPostProcessors (for example: not eligible for auto-proxying)
2024-06-02 21:56:47,061 [ForkJoinPool.commonPool-worker-7] INFO  o.s.s.s.o.s.c.s.PostProcessorRegistrationDelegate$BeanPostProcessorChecker - Bean 'provideClientEventBus' of type [com.google.common.eventbus.AsyncEventBus] is not eligible for getting processed by all BeanPostProcessors (for example: not eligible for auto-proxying)
2024-06-03 08:40:38,576 [Worker-7: Loading available Gradle versions] INFO  o.e.b.c.i.u.g.PublishedGradleVersions - Gradle version information cache is up-to-date. Trying to read.
2024-06-03 08:40:40,386 [ForkJoinPool.commonPool-worker-5] INFO  o.s.s.s.o.s.c.s.PostProcessorRegistrationDelegate$BeanPostProcessorChecker - Bean 'sonarLintSpringAppConfig' of type [org.sonarsource.sonarlint.core.spring.SonarLintSpringAppConfig$$EnhancerBySpringCGLIB$$2a5332e7] is not eligible for getting processed by all BeanPostProcessors (for example: not eligible for auto-proxying)
2024-06-03 08:40:40,527 [ForkJoinPool.commonPool-worker-5] INFO  o.s.s.s.o.s.c.s.PostProcessorRegistrationDelegate$BeanPostProcessorChecker - Bean 'provideClientEventBus' of type [com.google.common.eventbus.AsyncEventBus] is not eligible for getting processed by all BeanPostProcessors (for example: not eligible for auto-proxying)
2024-06-03 09:20:04,812 [Worker-33: Launching RealtimeWeatherRepositoryTests.testFindByCountryAndCityCodeNotFound] INFO  o.a.m.s.f.DefaultMavenResourcesFiltering - Copying 1 resource from src\main\resources to target\classes
2024-06-03 09:20:04,879 [Worker-33: Launching RealtimeWeatherRepositoryTests.testFindByCountryAndCityCodeNotFound] INFO  o.a.m.s.f.DefaultMavenResourcesFiltering - Copying 0 resource from src\main\resources to target\classes
2024-06-03 09:20:04,882 [Worker-33: Launching RealtimeWeatherRepositoryTests.testFindByCountryAndCityCodeNotFound] INFO  o.a.m.s.f.DefaultMavenResourcesFiltering - skip non existing resourceDirectory D:\project-java-spring\RestApiCourse\WeatherAPIs\WeatherApiProject\WeatherApiCommon\src\test\resources
2024-06-03 09:20:06,998 [Worker-33: Launching RealtimeWeatherRepositoryTests.testFindByCountryAndCityCodeNotFound] INFO  o.e.m.c.i.p.WorkspaceClassifierResolverManager - Resolving P/WeatherApiCommon: com.weatherapi:weather-api-common:1.0.0 with classifier  to /WeatherApiCommon/target/classes
2024-06-03 09:20:07,100 [Worker-33: Launching RealtimeWeatherRepositoryTests.testFindByCountryAndCityCodeNotFound] INFO  o.a.m.s.f.DefaultMavenResourcesFiltering - Copying 1 resource from src\main\resources to target\classes
2024-06-03 09:20:07,113 [Worker-33: Launching RealtimeWeatherRepositoryTests.testFindByCountryAndCityCodeNotFound] INFO  o.a.m.s.f.DefaultMavenResourcesFiltering - Copying 0 resource from src\main\resources to target\classes
2024-06-03 09:20:07,117 [Worker-33: Launching RealtimeWeatherRepositoryTests.testFindByCountryAndCityCodeNotFound] INFO  o.a.m.s.f.DefaultMavenResourcesFiltering - skip non existing resourceDirectory D:\project-java-spring\RestApiCourse\WeatherAPIs\WeatherApiProject\WeatherApiService\src\test\resources
2024-06-03 09:20:07,803 [Worker-33: Launching RealtimeWeatherRepositoryTests.testFindByCountryAndCityCodeNotFound] INFO  o.e.m.c.i.p.WorkspaceClassifierResolverManager - Resolving P/WeatherApiCommon: com.weatherapi:weather-api-common:1.0.0 with classifier null to /WeatherApiCommon/target/classes
2024-06-03 09:20:07,984 [Worker-33: Launching RealtimeWeatherRepositoryTests.testFindByCountryAndCityCodeNotFound] INFO  o.e.m.c.i.p.WorkspaceClassifierResolverManager - Resolving P/WeatherApiCommon: com.weatherapi:weather-api-common:1.0.0 with classifier null to /WeatherApiCommon/target/classes
2024-06-03 09:23:54,491 [Worker-30: Launching RealtimeWeatherRepositoryTests.testFindByCountryAndCityCodeFound] INFO  o.a.m.s.f.DefaultMavenResourcesFiltering - Copying 0 resource from src\main\resources to target\classes
2024-06-03 09:23:54,492 [Worker-30: Launching RealtimeWeatherRepositoryTests.testFindByCountryAndCityCodeFound] INFO  o.a.m.s.f.DefaultMavenResourcesFiltering - Copying 0 resource from src\main\resources to target\classes
2024-06-03 09:23:54,494 [Worker-30: Launching RealtimeWeatherRepositoryTests.testFindByCountryAndCityCodeFound] INFO  o.a.m.s.f.DefaultMavenResourcesFiltering - skip non existing resourceDirectory D:\project-java-spring\RestApiCourse\WeatherAPIs\WeatherApiProject\WeatherApiService\src\test\resources
2024-06-03 09:23:54,714 [Worker-30: Launching RealtimeWeatherRepositoryTests.testFindByCountryAndCityCodeFound] INFO  o.e.m.c.i.p.WorkspaceClassifierResolverManager - Resolving P/WeatherApiCommon: com.weatherapi:weather-api-common:1.0.0 with classifier null to /WeatherApiCommon/target/classes
2024-06-03 09:23:54,837 [Worker-30: Launching RealtimeWeatherRepositoryTests.testFindByCountryAndCityCodeFound] INFO  o.e.m.c.i.p.WorkspaceClassifierResolverManager - Resolving P/WeatherApiCommon: com.weatherapi:weather-api-common:1.0.0 with classifier null to /WeatherApiCommon/target/classes
2024-06-03 09:39:03,844 [Worker-36: https://download.eclipse.org/releases/2024-03/202403131000/content.xml.xz] INFO  o.a.h.c.h.i.c.HttpRequestRetryExec - Recoverable I/O exception (java.net.SocketException) caught when processing request to {s}->https://download.eclipse.org:443
2024-06-03 16:27:06,600 [Worker-5: Loading available Gradle versions] INFO  o.e.b.c.i.u.g.PublishedGradleVersions - Gradle version information cache is up-to-date. Trying to read.
2024-06-03 16:27:07,991 [ForkJoinPool.commonPool-worker-5] INFO  o.s.s.s.o.s.c.s.PostProcessorRegistrationDelegate$BeanPostProcessorChecker - Bean 'sonarLintSpringAppConfig' of type [org.sonarsource.sonarlint.core.spring.SonarLintSpringAppConfig$$EnhancerBySpringCGLIB$$99b44f0a] is not eligible for getting processed by all BeanPostProcessors (for example: not eligible for auto-proxying)
2024-06-03 16:27:08,076 [ForkJoinPool.commonPool-worker-5] INFO  o.s.s.s.o.s.c.s.PostProcessorRegistrationDelegate$BeanPostProcessorChecker - Bean 'provideClientEventBus' of type [com.google.common.eventbus.AsyncEventBus] is not eligible for getting processed by all BeanPostProcessors (for example: not eligible for auto-proxying)
2024-06-08 22:51:34,368 [Worker-8: Loading available Gradle versions] INFO  o.e.b.c.i.u.g.PublishedGradleVersions - Gradle version information cache is out-of-date. Trying to update.
2024-06-08 22:51:36,820 [ForkJoinPool.commonPool-worker-2] INFO  o.s.s.s.o.s.c.s.PostProcessorRegistrationDelegate$BeanPostProcessorChecker - Bean 'sonarLintSpringAppConfig' of type [org.sonarsource.sonarlint.core.spring.SonarLintSpringAppConfig$$EnhancerBySpringCGLIB$$a4134bc1] is not eligible for getting processed by all BeanPostProcessors (for example: not eligible for auto-proxying)
2024-06-08 22:51:36,918 [ForkJoinPool.commonPool-worker-2] INFO  o.s.s.s.o.s.c.s.PostProcessorRegistrationDelegate$BeanPostProcessorChecker - Bean 'provideClientEventBus' of type [com.google.common.eventbus.AsyncEventBus] is not eligible for getting processed by all BeanPostProcessors (for example: not eligible for auto-proxying)
2024-06-10 10:16:44,643 [Worker-7: Loading available Gradle versions] INFO  o.e.b.c.i.u.g.PublishedGradleVersions - Gradle version information cache is out-of-date. Trying to update.
2024-06-10 10:16:46,796 [ForkJoinPool.commonPool-worker-3] INFO  o.s.s.s.o.s.c.s.PostProcessorRegistrationDelegate$BeanPostProcessorChecker - Bean 'sonarLintSpringAppConfig' of type [org.sonarsource.sonarlint.core.spring.SonarLintSpringAppConfig$$EnhancerBySpringCGLIB$$733a836f] is not eligible for getting processed by all BeanPostProcessors (for example: not eligible for auto-proxying)
2024-06-10 10:16:46,886 [ForkJoinPool.commonPool-worker-3] INFO  o.s.s.s.o.s.c.s.PostProcessorRegistrationDelegate$BeanPostProcessorChecker - Bean 'provideClientEventBus' of type [com.google.common.eventbus.AsyncEventBus] is not eligible for getting processed by all BeanPostProcessors (for example: not eligible for auto-proxying)
2024-06-10 10:41:10,191 [Worker-20: https://sourceforge.net/projects/jasperstudio/files/updatesite/6.3.0/p2.index] INFO  o.a.h.c.h.i.c.HttpRequestRetryExec - Recoverable I/O exception (java.net.SocketException) caught when processing request to {s}->https://sourceforge.net:443
2024-06-10 10:41:10,490 [Worker-25: https://sourceforge.net/projects/jasperstudio/files/updatesite/6.3.0/p2.index] INFO  o.a.h.c.h.i.c.HttpRequestRetryExec - Recoverable I/O exception (java.net.SocketException) caught when processing request to {s}->https://sourceforge.net:443
2024-06-10 10:41:10,567 [Worker-27: https://sourceforge.net/projects/jasperstudio/files/updatesite/6.3.0/content.jar] INFO  o.a.h.c.h.i.c.HttpRequestRetryExec - Recoverable I/O exception (java.net.SocketException) caught when processing request to {s}->https://sourceforge.net:443
2024-06-10 10:41:10,629 [Worker-20: https://sourceforge.net/projects/jasperstudio/files/updatesite/6.3.0/content.xml] INFO  o.a.h.c.h.i.c.HttpRequestRetryExec - Recoverable I/O exception (java.net.SocketException) caught when processing request to {s}->https://sourceforge.net:443
2024-06-10 10:41:24,421 [Worker-26: https://sourceforge.net/projects/ireport/files/iReport/iReport-5.6.0/iReport-5.6.0-windows-installer.exe/download/p2.index] INFO  o.a.h.c.h.i.c.HttpRequestRetryExec - Recoverable I/O exception (java.net.SocketException) caught when processing request to {s}->https://sourceforge.net:443
2024-06-10 10:41:24,688 [Worker-28: https://sourceforge.net/projects/ireport/files/iReport/iReport-5.6.0/iReport-5.6.0-windows-installer.exe/download/p2.index] INFO  o.a.h.c.h.i.c.HttpRequestRetryExec - Recoverable I/O exception (java.net.SocketException) caught when processing request to {s}->https://sourceforge.net:443
2024-06-10 10:41:24,735 [Worker-29: https://sourceforge.net/projects/ireport/files/iReport/iReport-5.6.0/iReport-5.6.0-windows-installer.exe/download/content.jar] INFO  o.a.h.c.h.i.c.HttpRequestRetryExec - Recoverable I/O exception (java.net.SocketException) caught when processing request to {s}->https://sourceforge.net:443
2024-06-10 10:41:24,786 [Worker-30: https://sourceforge.net/projects/ireport/files/iReport/iReport-5.6.0/iReport-5.6.0-windows-installer.exe/download/content.xml] INFO  o.a.h.c.h.i.c.HttpRequestRetryExec - Recoverable I/O exception (java.net.SocketException) caught when processing request to {s}->https://sourceforge.net:443
2024-06-10 10:42:32,940 [Worker-27: http://sourceforge.net/projects/ireport/files/ireport/5.6.0/content.jar] INFO  o.a.h.c.h.i.c.HttpRequestRetryExec - Recoverable I/O exception (org.apache.hc.core5.http.NoHttpResponseException) caught when processing request to {}->http://sourceforge.net:80
2024-06-10 10:42:32,975 [Worker-20: http://sourceforge.net/projects/ireport/files/ireport/5.6.0/content.jar] INFO  o.a.h.c.h.i.c.HttpRequestRetryExec - Recoverable I/O exception (org.apache.hc.core5.http.NoHttpResponseException) caught when processing request to {}->http://sourceforge.net:80
2024-06-10 10:43:16,456 [Worker-26: Check for devtools] INFO  o.e.m.c.i.p.WorkspaceClassifierResolverManager - Resolving P/WeatherApiCommon: com.weatherapi:weather-api-common:1.0.0 with classifier  to /WeatherApiCommon/target/classes
2024-06-10 10:43:28,360 [Worker-20: https://sourceforge.net/projects/ireport/files/iReport/iReport-5.6.0/p2.index] INFO  o.a.h.c.h.i.c.HttpRequestRetryExec - Recoverable I/O exception (java.net.SocketException) caught when processing request to {s}->https://sourceforge.net:443
2024-06-10 10:43:28,612 [Worker-28: https://sourceforge.net/projects/ireport/files/iReport/iReport-5.6.0/p2.index] INFO  o.a.h.c.h.i.c.HttpRequestRetryExec - Recoverable I/O exception (java.net.SocketException) caught when processing request to {s}->https://sourceforge.net:443
2024-06-10 10:43:28,660 [Worker-27: https://sourceforge.net/projects/ireport/files/iReport/iReport-5.6.0/content.jar] INFO  o.a.h.c.h.i.c.HttpRequestRetryExec - Recoverable I/O exception (java.net.SocketException) caught when processing request to {s}->https://sourceforge.net:443
2024-06-10 10:43:28,716 [Worker-20: https://sourceforge.net/projects/ireport/files/iReport/iReport-5.6.0/content.xml] INFO  o.a.h.c.h.i.c.HttpRequestRetryExec - Recoverable I/O exception (java.net.SocketException) caught when processing request to {s}->https://sourceforge.net:443
2024-06-10 10:43:43,114 [Worker-25: https://sourceforge.net/projects/jasperstudio/files/updatesite/6.2.2/p2.index] INFO  o.a.h.c.h.i.c.HttpRequestRetryExec - Recoverable I/O exception (java.net.SocketException) caught when processing request to {s}->https://sourceforge.net:443
2024-06-10 10:43:43,372 [Worker-30: https://sourceforge.net/projects/jasperstudio/files/updatesite/6.2.2/p2.index] INFO  o.a.h.c.h.i.c.HttpRequestRetryExec - Recoverable I/O exception (java.net.SocketException) caught when processing request to {s}->https://sourceforge.net:443
2024-06-10 10:43:43,438 [Worker-20: https://sourceforge.net/projects/jasperstudio/files/updatesite/6.2.2/content.jar] INFO  o.a.h.c.h.i.c.HttpRequestRetryExec - Recoverable I/O exception (java.net.SocketException) caught when processing request to {s}->https://sourceforge.net:443
2024-06-10 10:43:43,491 [Worker-25: https://sourceforge.net/projects/jasperstudio/files/updatesite/6.2.2/content.xml] INFO  o.a.h.c.h.i.c.HttpRequestRetryExec - Recoverable I/O exception (java.net.SocketException) caught when processing request to {s}->https://sourceforge.net:443
2024-06-10 10:44:11,858 [Worker-29: https://sourceforge.net/projects/sapnweclipse/files/updates/p2.index] INFO  o.a.h.c.h.i.c.HttpRequestRetryExec - Recoverable I/O exception (java.net.SocketException) caught when processing request to {s}->https://sourceforge.net:443
2024-06-10 10:44:12,123 [Worker-26: https://sourceforge.net/projects/sapnweclipse/files/updates/p2.index] INFO  o.a.h.c.h.i.c.HttpRequestRetryExec - Recoverable I/O exception (java.net.SocketException) caught when processing request to {s}->https://sourceforge.net:443
2024-06-10 10:44:12,263 [Worker-29: https://sourceforge.net/projects/sapnweclipse/files/updates/site.xml] INFO  o.a.h.c.h.i.c.HttpRequestRetryExec - Recoverable I/O exception (java.net.SocketException) caught when processing request to {s}->https://sourceforge.net:443
2024-06-10 10:44:12,540 [Worker-28: https://sourceforge.net/projects/sapnweclipse/files/updates/site.xml] INFO  o.a.h.c.h.i.c.HttpRequestRetryExec - Recoverable I/O exception (java.net.SocketException) caught when processing request to {s}->https://sourceforge.net:443
2024-06-10 10:44:17,161 [Worker-28: http://sourceforge.net/projects/jasperstudio/files/updatesite/6.2.2/content.jar] INFO  o.a.h.c.h.i.c.HttpRequestRetryExec - Recoverable I/O exception (org.apache.hc.core5.http.NoHttpResponseException) caught when processing request to {}->http://sourceforge.net:80
2024-06-10 10:44:17,194 [Worker-29: http://sourceforge.net/projects/jasperstudio/files/updatesite/6.2.2/content.jar] INFO  o.a.h.c.h.i.c.HttpRequestRetryExec - Recoverable I/O exception (org.apache.hc.core5.http.NoHttpResponseException) caught when processing request to {}->http://sourceforge.net:80
2024-06-10 10:49:24,928 [Worker-30: https://sourceforge.net/projects/jasperstudio/files/updatesite/6.3.0/p2.index] INFO  o.a.h.c.h.i.c.HttpRequestRetryExec - Recoverable I/O exception (java.net.SocketException) caught when processing request to {s}->https://sourceforge.net:443
2024-06-10 10:49:25,196 [Worker-20: https://sourceforge.net/projects/jasperstudio/files/updatesite/6.3.0/p2.index] INFO  o.a.h.c.h.i.c.HttpRequestRetryExec - Recoverable I/O exception (java.net.SocketException) caught when processing request to {s}->https://sourceforge.net:443
2024-06-10 10:49:25,243 [Worker-25: https://sourceforge.net/projects/jasperstudio/files/updatesite/6.3.0/content.jar] INFO  o.a.h.c.h.i.c.HttpRequestRetryExec - Recoverable I/O exception (java.net.SocketException) caught when processing request to {s}->https://sourceforge.net:443
2024-06-10 10:49:25,293 [Worker-29: https://sourceforge.net/projects/jasperstudio/files/updatesite/6.3.0/content.xml] INFO  o.a.h.c.h.i.c.HttpRequestRetryExec - Recoverable I/O exception (java.net.SocketException) caught when processing request to {s}->https://sourceforge.net:443
2024-06-10 10:49:25,345 [Worker-27: https://sourceforge.net/projects/ireport/files/iReport/iReport-5.6.0/iReport-5.6.0-windows-installer.exe/download/p2.index] INFO  o.a.h.c.h.i.c.HttpRequestRetryExec - Recoverable I/O exception (java.net.SocketException) caught when processing request to {s}->https://sourceforge.net:443
2024-06-10 10:49:25,595 [Worker-30: https://sourceforge.net/projects/ireport/files/iReport/iReport-5.6.0/iReport-5.6.0-windows-installer.exe/download/p2.index] INFO  o.a.h.c.h.i.c.HttpRequestRetryExec - Recoverable I/O exception (java.net.SocketException) caught when processing request to {s}->https://sourceforge.net:443
2024-06-10 10:49:25,643 [Worker-31: https://sourceforge.net/projects/ireport/files/iReport/iReport-5.6.0/iReport-5.6.0-windows-installer.exe/download/content.jar] INFO  o.a.h.c.h.i.c.HttpRequestRetryExec - Recoverable I/O exception (java.net.SocketException) caught when processing request to {s}->https://sourceforge.net:443
2024-06-10 10:49:25,694 [Worker-28: https://sourceforge.net/projects/ireport/files/iReport/iReport-5.6.0/iReport-5.6.0-windows-installer.exe/download/content.xml] INFO  o.a.h.c.h.i.c.HttpRequestRetryExec - Recoverable I/O exception (java.net.SocketException) caught when processing request to {s}->https://sourceforge.net:443
2024-06-10 10:49:25,766 [Worker-29: http://sourceforge.net/projects/ireport/files/ireport/5.6.0/content.jar] INFO  o.a.h.c.h.i.c.HttpRequestRetryExec - Recoverable I/O exception (org.apache.hc.core5.http.NoHttpResponseException) caught when processing request to {}->http://sourceforge.net:80
2024-06-10 10:49:25,789 [Worker-30: http://sourceforge.net/projects/ireport/files/ireport/5.6.0/content.jar] INFO  o.a.h.c.h.i.c.HttpRequestRetryExec - Recoverable I/O exception (org.apache.hc.core5.http.NoHttpResponseException) caught when processing request to {}->http://sourceforge.net:80
2024-06-10 10:49:25,875 [Worker-25: https://sourceforge.net/projects/ireport/files/iReport/iReport-5.6.0/p2.index] INFO  o.a.h.c.h.i.c.HttpRequestRetryExec - Recoverable I/O exception (java.net.SocketException) caught when processing request to {s}->https://sourceforge.net:443
2024-06-10 10:49:26,119 [Worker-31: https://sourceforge.net/projects/ireport/files/iReport/iReport-5.6.0/p2.index] INFO  o.a.h.c.h.i.c.HttpRequestRetryExec - Recoverable I/O exception (java.net.SocketException) caught when processing request to {s}->https://sourceforge.net:443
2024-06-10 10:49:26,165 [Worker-26: https://sourceforge.net/projects/ireport/files/iReport/iReport-5.6.0/content.jar] INFO  o.a.h.c.h.i.c.HttpRequestRetryExec - Recoverable I/O exception (java.net.SocketException) caught when processing request to {s}->https://sourceforge.net:443
2024-06-10 10:49:26,211 [Worker-29: https://sourceforge.net/projects/ireport/files/iReport/iReport-5.6.0/content.xml] INFO  o.a.h.c.h.i.c.HttpRequestRetryExec - Recoverable I/O exception (java.net.SocketException) caught when processing request to {s}->https://sourceforge.net:443
2024-06-10 10:49:26,272 [Worker-30: https://sourceforge.net/projects/jasperstudio/files/updatesite/6.2.2/p2.index] INFO  o.a.h.c.h.i.c.HttpRequestRetryExec - Recoverable I/O exception (java.net.SocketException) caught when processing request to {s}->https://sourceforge.net:443
2024-06-10 10:49:26,522 [Worker-30: https://sourceforge.net/projects/jasperstudio/files/updatesite/6.2.2/p2.index] INFO  o.a.h.c.h.i.c.HttpRequestRetryExec - Recoverable I/O exception (java.net.SocketException) caught when processing request to {s}->https://sourceforge.net:443
2024-06-10 10:49:26,596 [Worker-26: https://sourceforge.net/projects/jasperstudio/files/updatesite/6.2.2/content.jar] INFO  o.a.h.c.h.i.c.HttpRequestRetryExec - Recoverable I/O exception (java.net.SocketException) caught when processing request to {s}->https://sourceforge.net:443
2024-06-10 10:49:26,676 [Worker-28: https://sourceforge.net/projects/jasperstudio/files/updatesite/6.2.2/content.xml] INFO  o.a.h.c.h.i.c.HttpRequestRetryExec - Recoverable I/O exception (java.net.SocketException) caught when processing request to {s}->https://sourceforge.net:443
2024-06-10 10:49:26,731 [Worker-29: https://sourceforge.net/projects/sapnweclipse/files/updates/p2.index] INFO  o.a.h.c.h.i.c.HttpRequestRetryExec - Recoverable I/O exception (java.net.SocketException) caught when processing request to {s}->https://sourceforge.net:443
2024-06-10 10:49:26,996 [Worker-30: https://sourceforge.net/projects/sapnweclipse/files/updates/p2.index] INFO  o.a.h.c.h.i.c.HttpRequestRetryExec - Recoverable I/O exception (java.net.SocketException) caught when processing request to {s}->https://sourceforge.net:443
2024-06-10 10:49:27,043 [Worker-29: https://sourceforge.net/projects/sapnweclipse/files/updates/site.xml] INFO  o.a.h.c.h.i.c.HttpRequestRetryExec - Recoverable I/O exception (java.net.SocketException) caught when processing request to {s}->https://sourceforge.net:443
2024-06-10 10:49:27,307 [Worker-29: https://sourceforge.net/projects/sapnweclipse/files/updates/site.xml] INFO  o.a.h.c.h.i.c.HttpRequestRetryExec - Recoverable I/O exception (java.net.SocketException) caught when processing request to {s}->https://sourceforge.net:443
2024-06-10 10:49:27,374 [Worker-26: http://sourceforge.net/projects/jasperstudio/files/updatesite/6.2.2/content.jar] INFO  o.a.h.c.h.i.c.HttpRequestRetryExec - Recoverable I/O exception (org.apache.hc.core5.http.NoHttpResponseException) caught when processing request to {}->http://sourceforge.net:80
2024-06-10 10:49:27,405 [Worker-30: http://sourceforge.net/projects/jasperstudio/files/updatesite/6.2.2/content.jar] INFO  o.a.h.c.h.i.c.HttpRequestRetryExec - Recoverable I/O exception (org.apache.hc.core5.http.NoHttpResponseException) caught when processing request to {}->http://sourceforge.net:80
2024-06-10 19:56:24,496 [Worker-5: Loading available Gradle versions] INFO  o.e.b.c.i.u.g.PublishedGradleVersions - Gradle version information cache is up-to-date. Trying to read.
2024-06-10 19:56:25,977 [ForkJoinPool.commonPool-worker-6] INFO  o.s.s.s.o.s.c.s.PostProcessorRegistrationDelegate$BeanPostProcessorChecker - Bean 'sonarLintSpringAppConfig' of type [org.sonarsource.sonarlint.core.spring.SonarLintSpringAppConfig$$EnhancerBySpringCGLIB$$496475db] is not eligible for getting processed by all BeanPostProcessors (for example: not eligible for auto-proxying)
2024-06-10 19:56:26,030 [ForkJoinPool.commonPool-worker-6] INFO  o.s.s.s.o.s.c.s.PostProcessorRegistrationDelegate$BeanPostProcessorChecker - Bean 'provideClientEventBus' of type [com.google.common.eventbus.AsyncEventBus] is not eligible for getting processed by all BeanPostProcessors (for example: not eligible for auto-proxying)
2024-06-10 20:13:58,170 [Worker-24: Launching RealtimeWeatherApiControllerTests.testGetShouldReturnStatus400BadRequest] INFO  o.a.m.s.f.DefaultMavenResourcesFiltering - Copying 1 resource from src\main\resources to target\classes
2024-06-10 20:13:58,192 [Worker-24: Launching RealtimeWeatherApiControllerTests.testGetShouldReturnStatus400BadRequest] INFO  o.a.m.s.f.DefaultMavenResourcesFiltering - Copying 0 resource from src\main\resources to target\classes
2024-06-10 20:13:58,195 [Worker-24: Launching RealtimeWeatherApiControllerTests.testGetShouldReturnStatus400BadRequest] INFO  o.a.m.s.f.DefaultMavenResourcesFiltering - skip non existing resourceDirectory D:\project-java-spring\RestApiCourse\WeatherAPIs\WeatherApiProject\WeatherApiCommon\src\test\resources
2024-06-10 20:14:00,096 [Worker-24: Launching RealtimeWeatherApiControllerTests.testGetShouldReturnStatus400BadRequest] INFO  o.e.m.c.i.p.WorkspaceClassifierResolverManager - Resolving P/WeatherApiCommon: com.weatherapi:weather-api-common:1.0.0 with classifier  to /WeatherApiCommon/target/classes
2024-06-10 20:14:00,184 [Worker-24: Launching RealtimeWeatherApiControllerTests.testGetShouldReturnStatus400BadRequest] INFO  o.a.m.s.f.DefaultMavenResourcesFiltering - Copying 1 resource from src\main\resources to target\classes
2024-06-10 20:14:00,203 [Worker-24: Launching RealtimeWeatherApiControllerTests.testGetShouldReturnStatus400BadRequest] INFO  o.a.m.s.f.DefaultMavenResourcesFiltering - Copying 0 resource from src\main\resources to target\classes
2024-06-10 20:14:00,206 [Worker-24: Launching RealtimeWeatherApiControllerTests.testGetShouldReturnStatus400BadRequest] INFO  o.a.m.s.f.DefaultMavenResourcesFiltering - skip non existing resourceDirectory D:\project-java-spring\RestApiCourse\WeatherAPIs\WeatherApiProject\WeatherApiService\src\test\resources
2024-06-10 20:14:00,437 [Worker-24: Launching RealtimeWeatherApiControllerTests.testGetShouldReturnStatus400BadRequest] INFO  o.e.m.c.i.p.WorkspaceClassifierResolverManager - Resolving P/WeatherApiCommon: com.weatherapi:weather-api-common:1.0.0 with classifier null to /WeatherApiCommon/target/classes
2024-06-10 20:14:00,596 [Worker-24: Launching RealtimeWeatherApiControllerTests.testGetShouldReturnStatus400BadRequest] INFO  o.e.m.c.i.p.WorkspaceClassifierResolverManager - Resolving P/WeatherApiCommon: com.weatherapi:weather-api-common:1.0.0 with classifier null to /WeatherApiCommon/target/classes
2024-06-10 20:18:15,916 [Worker-22: Launching RealtimeWeatherApiControllerTests.testGetShouldReturnStatus404NotFound] INFO  o.a.m.s.f.DefaultMavenResourcesFiltering - Copying 0 resource from src\main\resources to target\classes
2024-06-10 20:18:15,917 [Worker-22: Launching RealtimeWeatherApiControllerTests.testGetShouldReturnStatus404NotFound] INFO  o.a.m.s.f.DefaultMavenResourcesFiltering - Copying 0 resource from src\main\resources to target\classes
2024-06-10 20:18:15,919 [Worker-22: Launching RealtimeWeatherApiControllerTests.testGetShouldReturnStatus404NotFound] INFO  o.a.m.s.f.DefaultMavenResourcesFiltering - skip non existing resourceDirectory D:\project-java-spring\RestApiCourse\WeatherAPIs\WeatherApiProject\WeatherApiService\src\test\resources
2024-06-10 20:18:16,054 [Worker-22: Launching RealtimeWeatherApiControllerTests.testGetShouldReturnStatus404NotFound] INFO  o.e.m.c.i.p.WorkspaceClassifierResolverManager - Resolving P/WeatherApiCommon: com.weatherapi:weather-api-common:1.0.0 with classifier null to /WeatherApiCommon/target/classes
2024-06-10 20:18:16,190 [Worker-22: Launching RealtimeWeatherApiControllerTests.testGetShouldReturnStatus404NotFound] INFO  o.e.m.c.i.p.WorkspaceClassifierResolverManager - Resolving P/WeatherApiCommon: com.weatherapi:weather-api-common:1.0.0 with classifier null to /WeatherApiCommon/target/classes
2024-06-10 20:18:59,864 [Worker-23: http://download.eclipse.org/usssdk/updates/compositeContent.jar] INFO  o.a.h.c.h.i.c.HttpRequestRetryExec - Recoverable I/O exception (java.net.SocketException) caught when processing request to {s}->https://download.eclipse.org:443
2024-08-17 19:42:38,675 [ForkJoinPool.commonPool-worker-7] INFO  o.s.s.s.o.s.c.s.PostProcessorRegistrationDelegate$BeanPostProcessorChecker - Bean 'sonarLintSpringAppConfig' of type [org.sonarsource.sonarlint.core.spring.SonarLintSpringAppConfig$$EnhancerBySpringCGLIB$$e5d5b0cf] is not eligible for getting processed by all BeanPostProcessors (for example: not eligible for auto-proxying)
2024-08-17 19:42:38,752 [ForkJoinPool.commonPool-worker-7] INFO  o.s.s.s.o.s.c.s.PostProcessorRegistrationDelegate$BeanPostProcessorChecker - Bean 'provideClientEventBus' of type [com.google.common.eventbus.AsyncEventBus] is not eligible for getting processed by all BeanPostProcessors (for example: not eligible for auto-proxying)
2024-08-17 19:42:41,012 [Worker-7: Loading available Gradle versions] INFO  o.e.b.c.i.u.g.PublishedGradleVersions - Gradle version information cache is out-of-date. Trying to update.
2024-08-17 19:58:23,178 [Worker-3: Launching WeatherApiService - WeatherApiServiceApplication] INFO  o.e.m.c.i.p.WorkspaceClassifierResolverManager - Resolving P/WeatherApiCommon: com.weatherapi:weather-api-common:1.0.0 with classifier  to /WeatherApiCommon/target/classes
2024-08-17 19:58:23,474 [Worker-3: Launching WeatherApiService - WeatherApiServiceApplication] INFO  o.e.m.c.i.p.WorkspaceClassifierResolverManager - Resolving P/WeatherApiCommon: com.weatherapi:weather-api-common:1.0.0 with classifier null to /WeatherApiCommon/target/classes
2024-08-17 19:58:23,571 [Worker-3: Launching WeatherApiService - WeatherApiServiceApplication] INFO  o.e.m.c.i.p.WorkspaceClassifierResolverManager - Resolving P/WeatherApiCommon: com.weatherapi:weather-api-common:1.0.0 with classifier null to /WeatherApiCommon/target/classes
2024-08-17 19:58:23,658 [Worker-3: Launching WeatherApiService - WeatherApiServiceApplication] INFO  o.e.m.c.i.p.WorkspaceClassifierResolverManager - Resolving P/WeatherApiCommon: com.weatherapi:weather-api-common:1.0.0 with classifier null to /WeatherApiCommon/target/classes
2024-08-17 20:00:34,485 [Worker-11: Launching WeatherApiService - WeatherApiServiceApplication] INFO  o.e.m.c.i.p.WorkspaceClassifierResolverManager - Resolving P/WeatherApiCommon: com.weatherapi:weather-api-common:1.0.0 with classifier null to /WeatherApiCommon/target/classes
2024-08-17 20:00:34,601 [Worker-11: Launching WeatherApiService - WeatherApiServiceApplication] INFO  o.e.m.c.i.p.WorkspaceClassifierResolverManager - Resolving P/WeatherApiCommon: com.weatherapi:weather-api-common:1.0.0 with classifier null to /WeatherApiCommon/target/classes
2024-08-17 20:00:34,718 [Worker-11: Launching WeatherApiService - WeatherApiServiceApplication] INFO  o.e.m.c.i.p.WorkspaceClassifierResolverManager - Resolving P/WeatherApiCommon: com.weatherapi:weather-api-common:1.0.0 with classifier null to /WeatherApiCommon/target/classes
2024-08-17 20:07:55,096 [Worker-4: Launching RealtimeWeatherRepositoryTests.testFindByCountryAndCityCodeNotFound] INFO  o.e.m.c.i.p.WorkspaceClassifierResolverManager - Resolving P/WeatherApiCommon: com.weatherapi:weather-api-common:1.0.0 with classifier null to /WeatherApiCommon/target/classes
2024-08-17 20:07:55,318 [Worker-4: Launching RealtimeWeatherRepositoryTests.testFindByCountryAndCityCodeNotFound] INFO  o.e.m.c.i.p.WorkspaceClassifierResolverManager - Resolving P/WeatherApiCommon: com.weatherapi:weather-api-common:1.0.0 with classifier null to /WeatherApiCommon/target/classes
2024-08-17 20:08:46,495 [Worker-8: Launching RealtimeWeatherRepositoryTests.testFindByCountryAndCityCodeFound] INFO  o.e.m.c.i.p.WorkspaceClassifierResolverManager - Resolving P/WeatherApiCommon: com.weatherapi:weather-api-common:1.0.0 with classifier null to /WeatherApiCommon/target/classes
2024-08-17 20:08:46,632 [Worker-8: Launching RealtimeWeatherRepositoryTests.testFindByCountryAndCityCodeFound] INFO  o.e.m.c.i.p.WorkspaceClassifierResolverManager - Resolving P/WeatherApiCommon: com.weatherapi:weather-api-common:1.0.0 with classifier null to /WeatherApiCommon/target/classes
2024-08-17 20:18:29,441 [Worker-13: Launching RealtimeWeatherApiControllerTests.testGetShouldReturnStatus400BadRequest] INFO  o.e.m.c.i.p.WorkspaceClassifierResolverManager - Resolving P/WeatherApiCommon: com.weatherapi:weather-api-common:1.0.0 with classifier null to /WeatherApiCommon/target/classes
2024-08-17 20:18:29,574 [Worker-13: Launching RealtimeWeatherApiControllerTests.testGetShouldReturnStatus400BadRequest] INFO  o.e.m.c.i.p.WorkspaceClassifierResolverManager - Resolving P/WeatherApiCommon: com.weatherapi:weather-api-common:1.0.0 with classifier null to /WeatherApiCommon/target/classes
2024-08-17 20:18:43,280 [Worker-24: Launching RealtimeWeatherApiControllerTests.testGetShouldReturnStatus404NotFound] INFO  o.e.m.c.i.p.WorkspaceClassifierResolverManager - Resolving P/WeatherApiCommon: com.weatherapi:weather-api-common:1.0.0 with classifier null to /WeatherApiCommon/target/classes
2024-08-17 20:18:43,392 [Worker-24: Launching RealtimeWeatherApiControllerTests.testGetShouldReturnStatus404NotFound] INFO  o.e.m.c.i.p.WorkspaceClassifierResolverManager - Resolving P/WeatherApiCommon: com.weatherapi:weather-api-common:1.0.0 with classifier null to /WeatherApiCommon/target/classes
2024-08-17 20:22:32,175 [Worker-28: Launching LocationApiControllerTests.testListShouldReturn200OK] INFO  o.a.m.s.f.DefaultMavenResourcesFiltering - Copying 1 resource from src\main\resources to target\classes
2024-08-17 20:22:32,292 [Worker-28: Launching LocationApiControllerTests.testListShouldReturn200OK] INFO  o.a.m.s.f.DefaultMavenResourcesFiltering - Copying 0 resource from src\main\resources to target\classes
2024-08-17 20:22:32,295 [Worker-28: Launching LocationApiControllerTests.testListShouldReturn200OK] INFO  o.a.m.s.f.DefaultMavenResourcesFiltering - skip non existing resourceDirectory D:\project-java-spring\RestApiCourse\WeatherAPIs\WeatherApiProject\WeatherApiService\src\test\resources
2024-08-17 20:22:32,867 [Worker-28: Launching LocationApiControllerTests.testListShouldReturn200OK] INFO  o.e.m.c.i.p.WorkspaceClassifierResolverManager - Resolving P/WeatherApiCommon: com.weatherapi:weather-api-common:1.0.0 with classifier null to /WeatherApiCommon/target/classes
2024-08-17 20:22:33,036 [Worker-28: Launching LocationApiControllerTests.testListShouldReturn200OK] INFO  o.e.m.c.i.p.WorkspaceClassifierResolverManager - Resolving P/WeatherApiCommon: com.weatherapi:weather-api-common:1.0.0 with classifier null to /WeatherApiCommon/target/classes
2024-08-17 20:22:55,005 [Worker-26: Launching LocationApiControllerTests.testGetShouldReturn200OK] INFO  o.e.m.c.i.p.WorkspaceClassifierResolverManager - Resolving P/WeatherApiCommon: com.weatherapi:weather-api-common:1.0.0 with classifier null to /WeatherApiCommon/target/classes
2024-08-17 20:22:55,136 [Worker-26: Launching LocationApiControllerTests.testGetShouldReturn200OK] INFO  o.e.m.c.i.p.WorkspaceClassifierResolverManager - Resolving P/WeatherApiCommon: com.weatherapi:weather-api-common:1.0.0 with classifier null to /WeatherApiCommon/target/classes
2024-08-17 20:23:19,374 [Worker-26: Launching WeatherApiService - WeatherApiServiceApplication] INFO  o.e.m.c.i.p.WorkspaceClassifierResolverManager - Resolving P/WeatherApiCommon: com.weatherapi:weather-api-common:1.0.0 with classifier null to /WeatherApiCommon/target/classes
2024-08-17 20:23:19,461 [Worker-26: Launching WeatherApiService - WeatherApiServiceApplication] INFO  o.e.m.c.i.p.WorkspaceClassifierResolverManager - Resolving P/WeatherApiCommon: com.weatherapi:weather-api-common:1.0.0 with classifier null to /WeatherApiCommon/target/classes
2024-08-17 20:23:19,536 [Worker-26: Launching WeatherApiService - WeatherApiServiceApplication] INFO  o.e.m.c.i.p.WorkspaceClassifierResolverManager - Resolving P/WeatherApiCommon: com.weatherapi:weather-api-common:1.0.0 with classifier null to /WeatherApiCommon/target/classes
2024-08-17 20:36:41,164 [Worker-28: Launching RealtimeWeatherApiControllerTests.testGetShouldReturnStatus200OK] INFO  o.a.m.s.f.DefaultMavenResourcesFiltering - Copying 0 resource from src\main\resources to target\classes
2024-08-17 20:36:41,165 [Worker-28: Launching RealtimeWeatherApiControllerTests.testGetShouldReturnStatus200OK] INFO  o.a.m.s.f.DefaultMavenResourcesFiltering - Copying 0 resource from src\main\resources to target\classes
2024-08-17 20:36:41,168 [Worker-28: Launching RealtimeWeatherApiControllerTests.testGetShouldReturnStatus200OK] INFO  o.a.m.s.f.DefaultMavenResourcesFiltering - skip non existing resourceDirectory D:\project-java-spring\RestApiCourse\WeatherAPIs\WeatherApiProject\WeatherApiService\src\test\resources
2024-08-17 20:36:41,358 [Worker-28: Launching RealtimeWeatherApiControllerTests.testGetShouldReturnStatus200OK] INFO  o.e.m.c.i.p.WorkspaceClassifierResolverManager - Resolving P/WeatherApiCommon: com.weatherapi:weather-api-common:1.0.0 with classifier null to /WeatherApiCommon/target/classes
2024-08-17 20:36:41,503 [Worker-28: Launching RealtimeWeatherApiControllerTests.testGetShouldReturnStatus200OK] INFO  o.e.m.c.i.p.WorkspaceClassifierResolverManager - Resolving P/WeatherApiCommon: com.weatherapi:weather-api-common:1.0.0 with classifier null to /WeatherApiCommon/target/classes
2024-08-17 20:40:09,045 [Worker-32: Launching RealtimeWeatherApiControllerTests.testGetShouldReturnStatus200OK] INFO  o.a.m.s.f.DefaultMavenResourcesFiltering - Copying 1 resource from src\main\resources to target\classes
2024-08-17 20:40:09,131 [Worker-32: Launching RealtimeWeatherApiControllerTests.testGetShouldReturnStatus200OK] INFO  o.a.m.s.f.DefaultMavenResourcesFiltering - Copying 0 resource from src\main\resources to target\classes
2024-08-17 20:40:09,134 [Worker-32: Launching RealtimeWeatherApiControllerTests.testGetShouldReturnStatus200OK] INFO  o.a.m.s.f.DefaultMavenResourcesFiltering - skip non existing resourceDirectory D:\project-java-spring\RestApiCourse\WeatherAPIs\WeatherApiProject\WeatherApiCommon\src\test\resources
2024-08-17 20:40:09,639 [Worker-32: Launching RealtimeWeatherApiControllerTests.testGetShouldReturnStatus200OK] INFO  o.e.m.c.i.p.WorkspaceClassifierResolverManager - Resolving P/WeatherApiCommon: com.weatherapi:weather-api-common:1.0.0 with classifier null to /WeatherApiCommon/target/classes
2024-08-17 20:40:09,778 [Worker-32: Launching RealtimeWeatherApiControllerTests.testGetShouldReturnStatus200OK] INFO  o.e.m.c.i.p.WorkspaceClassifierResolverManager - Resolving P/WeatherApiCommon: com.weatherapi:weather-api-common:1.0.0 with classifier null to /WeatherApiCommon/target/classes
2024-08-17 20:40:30,219 [Worker-35: Launching WeatherApiService - WeatherApiServiceApplication] INFO  o.e.m.c.i.p.WorkspaceClassifierResolverManager - Resolving P/WeatherApiCommon: com.weatherapi:weather-api-common:1.0.0 with classifier null to /WeatherApiCommon/target/classes
2024-08-17 20:40:30,304 [Worker-35: Launching WeatherApiService - WeatherApiServiceApplication] INFO  o.e.m.c.i.p.WorkspaceClassifierResolverManager - Resolving P/WeatherApiCommon: com.weatherapi:weather-api-common:1.0.0 with classifier null to /WeatherApiCommon/target/classes
2024-08-17 20:40:30,391 [Worker-35: Launching WeatherApiService - WeatherApiServiceApplication] INFO  o.e.m.c.i.p.WorkspaceClassifierResolverManager - Resolving P/WeatherApiCommon: com.weatherapi:weather-api-common:1.0.0 with classifier null to /WeatherApiCommon/target/classes
2024-08-17 20:42:43,429 [Worker-31: Launching RealtimeWeatherApiControllerTests.testGetShouldReturnStatus200OK] INFO  o.e.m.c.i.p.WorkspaceClassifierResolverManager - Resolving P/WeatherApiCommon: com.weatherapi:weather-api-common:1.0.0 with classifier null to /WeatherApiCommon/target/classes
2024-08-17 20:42:43,588 [Worker-31: Launching RealtimeWeatherApiControllerTests.testGetShouldReturnStatus200OK] INFO  o.e.m.c.i.p.WorkspaceClassifierResolverManager - Resolving P/WeatherApiCommon: com.weatherapi:weather-api-common:1.0.0 with classifier null to /WeatherApiCommon/target/classes
2024-08-17 20:43:47,481 [Worker-38: Launching WeatherApiService - WeatherApiServiceApplication] INFO  o.a.m.s.f.DefaultMavenResourcesFiltering - Copying 1 resource from src\main\resources to target\classes
2024-08-17 20:43:47,596 [Worker-38: Launching WeatherApiService - WeatherApiServiceApplication] INFO  o.a.m.s.f.DefaultMavenResourcesFiltering - Copying 0 resource from src\main\resources to target\classes
2024-08-17 20:43:47,600 [Worker-38: Launching WeatherApiService - WeatherApiServiceApplication] INFO  o.a.m.s.f.DefaultMavenResourcesFiltering - skip non existing resourceDirectory D:\project-java-spring\RestApiCourse\WeatherAPIs\WeatherApiProject\WeatherApiCommon\src\test\resources
2024-08-17 20:43:48,348 [Worker-38: Launching WeatherApiService - WeatherApiServiceApplication] INFO  o.e.m.c.i.p.WorkspaceClassifierResolverManager - Resolving P/WeatherApiCommon: com.weatherapi:weather-api-common:1.0.0 with classifier null to /WeatherApiCommon/target/classes
2024-08-17 20:43:48,517 [Worker-38: Launching WeatherApiService - WeatherApiServiceApplication] INFO  o.e.m.c.i.p.WorkspaceClassifierResolverManager - Resolving P/WeatherApiCommon: com.weatherapi:weather-api-common:1.0.0 with classifier null to /WeatherApiCommon/target/classes
2024-08-17 20:43:48,628 [Worker-38: Launching WeatherApiService - WeatherApiServiceApplication] INFO  o.e.m.c.i.p.WorkspaceClassifierResolverManager - Resolving P/WeatherApiCommon: com.weatherapi:weather-api-common:1.0.0 with classifier null to /WeatherApiCommon/target/classes
2024-08-17 20:44:49,608 [Worker-38: Launching RealtimeWeatherApiControllerTests.testGetShouldReturnStatus200OK] INFO  o.e.m.c.i.p.WorkspaceClassifierResolverManager - Resolving P/WeatherApiCommon: com.weatherapi:weather-api-common:1.0.0 with classifier null to /WeatherApiCommon/target/classes
2024-08-17 20:44:49,736 [Worker-38: Launching RealtimeWeatherApiControllerTests.testGetShouldReturnStatus200OK] INFO  o.e.m.c.i.p.WorkspaceClassifierResolverManager - Resolving P/WeatherApiCommon: com.weatherapi:weather-api-common:1.0.0 with classifier null to /WeatherApiCommon/target/classes
2024-08-17 20:51:11,428 [Worker-43: Launching RealtimeWeatherApiControllerTests.testGetShouldReturnStatus200OK] INFO  o.a.m.s.f.DefaultMavenResourcesFiltering - Copying 1 resource from src\main\resources to target\classes
2024-08-17 20:51:11,493 [Worker-43: Launching RealtimeWeatherApiControllerTests.testGetShouldReturnStatus200OK] INFO  o.a.m.s.f.DefaultMavenResourcesFiltering - Copying 0 resource from src\main\resources to target\classes
2024-08-17 20:51:11,496 [Worker-43: Launching RealtimeWeatherApiControllerTests.testGetShouldReturnStatus200OK] INFO  o.a.m.s.f.DefaultMavenResourcesFiltering - skip non existing resourceDirectory D:\project-java-spring\RestApiCourse\WeatherAPIs\WeatherApiProject\WeatherApiCommon\src\test\resources
2024-08-17 20:51:11,849 [Worker-43: Launching RealtimeWeatherApiControllerTests.testGetShouldReturnStatus200OK] INFO  o.e.m.c.i.p.WorkspaceClassifierResolverManager - Resolving P/WeatherApiCommon: com.weatherapi:weather-api-common:1.0.0 with classifier null to /WeatherApiCommon/target/classes
2024-08-17 20:51:11,976 [Worker-43: Launching RealtimeWeatherApiControllerTests.testGetShouldReturnStatus200OK] INFO  o.e.m.c.i.p.WorkspaceClassifierResolverManager - Resolving P/WeatherApiCommon: com.weatherapi:weather-api-common:1.0.0 with classifier null to /WeatherApiCommon/target/classes
2024-08-17 20:51:26,216 [Worker-31: Launching WeatherApiService - WeatherApiServiceApplication] INFO  o.e.m.c.i.p.WorkspaceClassifierResolverManager - Resolving P/WeatherApiCommon: com.weatherapi:weather-api-common:1.0.0 with classifier null to /WeatherApiCommon/target/classes
2024-08-17 20:51:26,323 [Worker-31: Launching WeatherApiService - WeatherApiServiceApplication] INFO  o.e.m.c.i.p.WorkspaceClassifierResolverManager - Resolving P/WeatherApiCommon: com.weatherapi:weather-api-common:1.0.0 with classifier null to /WeatherApiCommon/target/classes
2024-08-17 20:51:26,433 [Worker-31: Launching WeatherApiService - WeatherApiServiceApplication] INFO  o.e.m.c.i.p.WorkspaceClassifierResolverManager - Resolving P/WeatherApiCommon: com.weatherapi:weather-api-common:1.0.0 with classifier null to /WeatherApiCommon/target/classes
2024-08-17 20:52:07,742 [Worker-42: Launching RealtimeWeatherApiControllerTests.testGetShouldReturnStatus200OK] INFO  o.e.m.c.i.p.WorkspaceClassifierResolverManager - Resolving P/WeatherApiCommon: com.weatherapi:weather-api-common:1.0.0 with classifier null to /WeatherApiCommon/target/classes
2024-08-17 20:52:07,936 [Worker-42: Launching RealtimeWeatherApiControllerTests.testGetShouldReturnStatus200OK] INFO  o.e.m.c.i.p.WorkspaceClassifierResolverManager - Resolving P/WeatherApiCommon: com.weatherapi:weather-api-common:1.0.0 with classifier null to /WeatherApiCommon/target/classes
2024-08-17 20:57:44,662 [Worker-48: Launching RealtimeWeatherApiControllerTests.testGetShouldReturnStatus200OK] INFO  o.a.m.s.f.DefaultMavenResourcesFiltering - Copying 1 resource from src\main\resources to target\classes
2024-08-17 20:57:44,758 [Worker-48: Launching RealtimeWeatherApiControllerTests.testGetShouldReturnStatus200OK] INFO  o.a.m.s.f.DefaultMavenResourcesFiltering - Copying 0 resource from src\main\resources to target\classes
2024-08-17 20:57:44,762 [Worker-48: Launching RealtimeWeatherApiControllerTests.testGetShouldReturnStatus200OK] INFO  o.a.m.s.f.DefaultMavenResourcesFiltering - skip non existing resourceDirectory D:\project-java-spring\RestApiCourse\WeatherAPIs\WeatherApiProject\WeatherApiCommon\src\test\resources
2024-08-17 20:57:45,191 [Worker-48: Launching RealtimeWeatherApiControllerTests.testGetShouldReturnStatus200OK] INFO  o.e.m.c.i.p.WorkspaceClassifierResolverManager - Resolving P/WeatherApiCommon: com.weatherapi:weather-api-common:1.0.0 with classifier null to /WeatherApiCommon/target/classes
2024-08-17 20:57:45,399 [Worker-48: Launching RealtimeWeatherApiControllerTests.testGetShouldReturnStatus200OK] INFO  o.e.m.c.i.p.WorkspaceClassifierResolverManager - Resolving P/WeatherApiCommon: com.weatherapi:weather-api-common:1.0.0 with classifier null to /WeatherApiCommon/target/classes
2024-08-17 20:58:27,299 [Worker-47: Launching WeatherApiService - WeatherApiServiceApplication] INFO  o.e.m.c.i.p.WorkspaceClassifierResolverManager - Resolving P/WeatherApiCommon: com.weatherapi:weather-api-common:1.0.0 with classifier null to /WeatherApiCommon/target/classes
2024-08-17 20:58:27,379 [Worker-47: Launching WeatherApiService - WeatherApiServiceApplication] INFO  o.e.m.c.i.p.WorkspaceClassifierResolverManager - Resolving P/WeatherApiCommon: com.weatherapi:weather-api-common:1.0.0 with classifier null to /WeatherApiCommon/target/classes
2024-08-17 20:58:27,454 [Worker-47: Launching WeatherApiService - WeatherApiServiceApplication] INFO  o.e.m.c.i.p.WorkspaceClassifierResolverManager - Resolving P/WeatherApiCommon: com.weatherapi:weather-api-common:1.0.0 with classifier null to /WeatherApiCommon/target/classes
2024-08-17 21:09:20,434 [Worker-41: Launching RealtimeWeatherApiControllerTests.testGetShouldReturnStatus200OK] INFO  o.a.m.s.f.DefaultMavenResourcesFiltering - Copying 1 resource from src\main\resources to target\classes
2024-08-17 21:09:20,559 [Worker-41: Launching RealtimeWeatherApiControllerTests.testGetShouldReturnStatus200OK] INFO  o.a.m.s.f.DefaultMavenResourcesFiltering - Copying 0 resource from src\main\resources to target\classes
2024-08-17 21:09:20,561 [Worker-41: Launching RealtimeWeatherApiControllerTests.testGetShouldReturnStatus200OK] INFO  o.a.m.s.f.DefaultMavenResourcesFiltering - skip non existing resourceDirectory D:\project-java-spring\RestApiCourse\WeatherAPIs\WeatherApiProject\WeatherApiCommon\src\test\resources
2024-08-17 21:09:20,717 [Worker-41: Launching RealtimeWeatherApiControllerTests.testGetShouldReturnStatus200OK] INFO  o.a.m.s.f.DefaultMavenResourcesFiltering - Copying 0 resource from src\main\resources to target\classes
2024-08-17 21:09:20,719 [Worker-41: Launching RealtimeWeatherApiControllerTests.testGetShouldReturnStatus200OK] INFO  o.a.m.s.f.DefaultMavenResourcesFiltering - Copying 0 resource from src\main\resources to target\classes
2024-08-17 21:09:20,848 [Worker-41: Launching RealtimeWeatherApiControllerTests.testGetShouldReturnStatus200OK] INFO  o.a.m.s.f.DefaultMavenResourcesFiltering - skip non existing resourceDirectory D:\project-java-spring\RestApiCourse\WeatherAPIs\WeatherApiProject\WeatherApiService\src\test\resources
2024-08-17 21:09:21,166 [Worker-41: Launching RealtimeWeatherApiControllerTests.testGetShouldReturnStatus200OK] INFO  o.e.m.c.i.p.WorkspaceClassifierResolverManager - Resolving P/WeatherApiCommon: com.weatherapi:weather-api-common:1.0.0 with classifier null to /WeatherApiCommon/target/classes
2024-08-17 21:09:21,599 [Worker-41: Launching RealtimeWeatherApiControllerTests.testGetShouldReturnStatus200OK] INFO  o.e.m.c.i.p.WorkspaceClassifierResolverManager - Resolving P/WeatherApiCommon: com.weatherapi:weather-api-common:1.0.0 with classifier null to /WeatherApiCommon/target/classes
2024-08-18 12:13:31,219 [Worker-1: Loading available Gradle versions] INFO  o.e.b.c.i.u.g.PublishedGradleVersions - Gradle version information cache is up-to-date. Trying to read.
2024-08-18 12:13:33,151 [ForkJoinPool.commonPool-worker-7] INFO  o.s.s.s.o.s.c.s.PostProcessorRegistrationDelegate$BeanPostProcessorChecker - Bean 'sonarLintSpringAppConfig' of type [org.sonarsource.sonarlint.core.spring.SonarLintSpringAppConfig$$EnhancerBySpringCGLIB$$f9f11bf1] is not eligible for getting processed by all BeanPostProcessors (for example: not eligible for auto-proxying)
2024-08-18 12:13:33,226 [ForkJoinPool.commonPool-worker-7] INFO  o.s.s.s.o.s.c.s.PostProcessorRegistrationDelegate$BeanPostProcessorChecker - Bean 'provideClientEventBus' of type [com.google.common.eventbus.AsyncEventBus] is not eligible for getting processed by all BeanPostProcessors (for example: not eligible for auto-proxying)
2024-08-18 12:17:56,092 [Worker-11: Launching RealtimeWeatherApiControllerTests.testGetShouldReturnStatus200OK] INFO  o.e.m.c.i.p.WorkspaceClassifierResolverManager - Resolving P/WeatherApiCommon: com.weatherapi:weather-api-common:1.0.0 with classifier  to /WeatherApiCommon/target/classes
2024-08-18 12:17:56,586 [Worker-11: Launching RealtimeWeatherApiControllerTests.testGetShouldReturnStatus200OK] INFO  o.e.m.c.i.p.WorkspaceClassifierResolverManager - Resolving P/WeatherApiCommon: com.weatherapi:weather-api-common:1.0.0 with classifier null to /WeatherApiCommon/target/classes
2024-08-18 12:17:56,777 [Worker-11: Launching RealtimeWeatherApiControllerTests.testGetShouldReturnStatus200OK] INFO  o.e.m.c.i.p.WorkspaceClassifierResolverManager - Resolving P/WeatherApiCommon: com.weatherapi:weather-api-common:1.0.0 with classifier null to /WeatherApiCommon/target/classes
2024-08-18 12:58:31,223 [Worker-27: Launching WeatherApiService - WeatherApiServiceApplication] INFO  o.e.m.c.i.p.WorkspaceClassifierResolverManager - Resolving P/WeatherApiCommon: com.weatherapi:weather-api-common:1.0.0 with classifier null to /WeatherApiCommon/target/classes
2024-08-18 12:58:31,359 [Worker-27: Launching WeatherApiService - WeatherApiServiceApplication] INFO  o.e.m.c.i.p.WorkspaceClassifierResolverManager - Resolving P/WeatherApiCommon: com.weatherapi:weather-api-common:1.0.0 with classifier null to /WeatherApiCommon/target/classes
2024-08-18 12:58:31,477 [Worker-27: Launching WeatherApiService - WeatherApiServiceApplication] INFO  o.e.m.c.i.p.WorkspaceClassifierResolverManager - Resolving P/WeatherApiCommon: com.weatherapi:weather-api-common:1.0.0 with classifier null to /WeatherApiCommon/target/classes
2024-08-18 13:06:24,351 [Worker-32: Launching IP2LocationTests.testValidIP1] INFO  o.e.m.c.i.p.WorkspaceClassifierResolverManager - Resolving P/WeatherApiCommon: com.weatherapi:weather-api-common:1.0.0 with classifier null to /WeatherApiCommon/target/classes
2024-08-18 13:06:24,480 [Worker-32: Launching IP2LocationTests.testValidIP1] INFO  o.e.m.c.i.p.WorkspaceClassifierResolverManager - Resolving P/WeatherApiCommon: com.weatherapi:weather-api-common:1.0.0 with classifier null to /WeatherApiCommon/target/classes
2024-08-18 13:07:32,103 [Worker-25: Launching WeatherApiService - WeatherApiServiceApplication] INFO  o.e.m.c.i.p.WorkspaceClassifierResolverManager - Resolving P/WeatherApiCommon: com.weatherapi:weather-api-common:1.0.0 with classifier null to /WeatherApiCommon/target/classes
2024-08-18 13:07:32,189 [Worker-25: Launching WeatherApiService - WeatherApiServiceApplication] INFO  o.e.m.c.i.p.WorkspaceClassifierResolverManager - Resolving P/WeatherApiCommon: com.weatherapi:weather-api-common:1.0.0 with classifier null to /WeatherApiCommon/target/classes
2024-08-18 13:07:32,275 [Worker-25: Launching WeatherApiService - WeatherApiServiceApplication] INFO  o.e.m.c.i.p.WorkspaceClassifierResolverManager - Resolving P/WeatherApiCommon: com.weatherapi:weather-api-common:1.0.0 with classifier null to /WeatherApiCommon/target/classes
2024-08-18 13:10:30,471 [Worker-32: Building Workspace] INFO  o.a.m.s.f.DefaultMavenResourcesFiltering - Copying 1 resource from src\main\resources to target\classes
2024-08-18 13:10:30,492 [Worker-32: Building Workspace] INFO  o.a.m.s.f.DefaultMavenResourcesFiltering - Copying 0 resource from src\main\resources to target\classes
2024-08-18 13:10:30,496 [Worker-32: Building Workspace] INFO  o.a.m.s.f.DefaultMavenResourcesFiltering - skip non existing resourceDirectory D:\project-java-spring\RestApiCourse\WeatherAPIs\WeatherApiProject\WeatherApiCommon\src\test\resources
2024-08-18 13:10:31,206 [Worker-32: Building Workspace] INFO  o.a.m.s.f.DefaultMavenResourcesFiltering - Copying 1 resource from src\main\resources to target\classes
2024-08-18 13:10:31,224 [Worker-32: Building Workspace] INFO  o.a.m.s.f.DefaultMavenResourcesFiltering - Copying 0 resource from src\main\resources to target\classes
2024-08-18 13:10:31,228 [Worker-32: Building Workspace] INFO  o.a.m.s.f.DefaultMavenResourcesFiltering - skip non existing resourceDirectory D:\project-java-spring\RestApiCourse\WeatherAPIs\WeatherApiProject\WeatherApiService\src\test\resources
2024-08-18 13:10:51,512 [Worker-38: Building Workspace] INFO  o.a.m.s.f.DefaultMavenResourcesFiltering - Copying 1 resource from src\main\resources to target\classes
2024-08-18 13:10:51,516 [Worker-38: Building Workspace] INFO  o.a.m.s.f.DefaultMavenResourcesFiltering - Copying 0 resource from src\main\resources to target\classes
2024-08-18 13:10:51,521 [Worker-38: Building Workspace] INFO  o.a.m.s.f.DefaultMavenResourcesFiltering - skip non existing resourceDirectory D:\project-java-spring\RestApiCourse\WeatherAPIs\WeatherApiProject\WeatherApiCommon\src\test\resources
2024-08-18 13:10:51,928 [Worker-38: Building Workspace] INFO  o.a.m.s.f.DefaultMavenResourcesFiltering - Copying 1 resource from src\main\resources to target\classes
2024-08-18 13:10:51,931 [Worker-38: Building Workspace] INFO  o.a.m.s.f.DefaultMavenResourcesFiltering - Copying 0 resource from src\main\resources to target\classes
2024-08-18 13:10:51,935 [Worker-38: Building Workspace] INFO  o.a.m.s.f.DefaultMavenResourcesFiltering - skip non existing resourceDirectory D:\project-java-spring\RestApiCourse\WeatherAPIs\WeatherApiProject\WeatherApiService\src\test\resources
2024-08-18 13:14:18,632 [Worker-38: Building Workspace] INFO  o.a.m.s.f.DefaultMavenResourcesFiltering - Copying 1 resource from src\main\resources to target\classes
2024-08-18 13:14:18,633 [Worker-38: Building Workspace] INFO  o.a.m.s.f.DefaultMavenResourcesFiltering - Copying 0 resource from src\main\resources to target\classes
2024-08-18 13:14:18,636 [Worker-38: Building Workspace] INFO  o.a.m.s.f.DefaultMavenResourcesFiltering - skip non existing resourceDirectory D:\project-java-spring\RestApiCourse\WeatherAPIs\WeatherApiProject\WeatherApiCommon\src\test\resources
2024-08-18 13:14:18,901 [Worker-38: Building Workspace] INFO  o.a.m.s.f.DefaultMavenResourcesFiltering - Copying 1 resource from src\main\resources to target\classes
2024-08-18 13:14:18,903 [Worker-38: Building Workspace] INFO  o.a.m.s.f.DefaultMavenResourcesFiltering - Copying 0 resource from src\main\resources to target\classes
2024-08-18 13:14:18,906 [Worker-38: Building Workspace] INFO  o.a.m.s.f.DefaultMavenResourcesFiltering - skip non existing resourceDirectory D:\project-java-spring\RestApiCourse\WeatherAPIs\WeatherApiProject\WeatherApiService\src\test\resources
2024-08-18 13:14:45,377 [Worker-39: Launching WeatherApiService - WeatherApiServiceApplication] INFO  o.e.m.c.i.p.WorkspaceClassifierResolverManager - Resolving P/WeatherApiCommon: com.weatherapi:weather-api-common:1.0.0 with classifier null to /WeatherApiCommon/target/classes
2024-08-18 13:14:45,540 [Worker-39: Launching WeatherApiService - WeatherApiServiceApplication] INFO  o.e.m.c.i.p.WorkspaceClassifierResolverManager - Resolving P/WeatherApiCommon: com.weatherapi:weather-api-common:1.0.0 with classifier null to /WeatherApiCommon/target/classes
2024-08-18 13:14:45,651 [Worker-39: Launching WeatherApiService - WeatherApiServiceApplication] INFO  o.e.m.c.i.p.WorkspaceClassifierResolverManager - Resolving P/WeatherApiCommon: com.weatherapi:weather-api-common:1.0.0 with classifier null to /WeatherApiCommon/target/classes
2024-08-18 13:46:39,645 [Worker-44: Cleaning all projects] INFO  o.e.m.c.i.l.LifecycleMappingFactory - Using org.eclipse.m2e.jdt.JarLifecycleMapping lifecycle mapping for MavenProject: com.weatherapi:WeatherApiService:1.0.0 @ D:\project-java-spring\RestApiCourse\WeatherAPIs\WeatherApiProject\WeatherApiService\pom.xml.
2024-08-18 13:46:39,950 [Worker-44: Cleaning all projects] INFO  o.e.m.c.i.p.WorkspaceClassifierResolverManager - Resolving P/WeatherApiCommon: com.weatherapi:weather-api-common:1.0.0 with classifier  to /WeatherApiCommon/target/classes
2024-08-18 13:46:41,285 [Worker-45: Building Workspace] INFO  o.a.m.s.f.DefaultMavenResourcesFiltering - Copying 1 resource from src\main\resources to target\classes
2024-08-18 13:46:41,291 [Worker-45: Building Workspace] INFO  o.a.m.s.f.DefaultMavenResourcesFiltering - Copying 0 resource from src\main\resources to target\classes
2024-08-18 13:46:41,297 [Worker-45: Building Workspace] INFO  o.a.m.s.f.DefaultMavenResourcesFiltering - skip non existing resourceDirectory D:\project-java-spring\RestApiCourse\WeatherAPIs\WeatherApiProject\WeatherApiCommon\src\test\resources
2024-08-18 13:46:42,147 [Worker-41: Download sources and javadoc] INFO  o.e.m.c.i.e.AbstractTransferListenerAdapter - Downloading https://repo.maven.apache.org/maven2/org/modelmapper/modelmapper/3.0.0/modelmapper-3.0.0-sources.jar
2024-08-18 13:46:42,161 [Worker-45: Building Workspace] INFO  o.a.m.s.f.DefaultMavenResourcesFiltering - Copying 1 resource from src\main\resources to target\classes
2024-08-18 13:46:42,204 [Worker-45: Building Workspace] INFO  o.a.m.s.f.DefaultMavenResourcesFiltering - Copying 0 resource from src\main\resources to target\classes
2024-08-18 13:46:42,212 [Worker-45: Building Workspace] INFO  o.a.m.s.f.DefaultMavenResourcesFiltering - skip non existing resourceDirectory D:\project-java-spring\RestApiCourse\WeatherAPIs\WeatherApiProject\WeatherApiService\src\test\resources
2024-08-18 13:46:42,268 [Worker-41: Download sources and javadoc] INFO  o.e.m.c.i.e.AbstractTransferListenerAdapter - Downloaded https://repo.maven.apache.org/maven2/org/modelmapper/modelmapper/3.0.0/modelmapper-3.0.0-sources.jar
2024-08-18 13:46:42,287 [Worker-41: Download sources and javadoc] INFO  o.e.m.j.internal.DownloadSourcesJob - Downloaded sources for org.modelmapper:modelmapper:3.0.0
2024-08-19 14:43:18,568 [Worker-8: Loading available Gradle versions] INFO  o.e.b.c.i.u.g.PublishedGradleVersions - Gradle version information cache is up-to-date. Trying to read.
2024-08-19 14:43:20,779 [ForkJoinPool.commonPool-worker-7] INFO  o.s.s.s.o.s.c.s.PostProcessorRegistrationDelegate$BeanPostProcessorChecker - Bean 'sonarLintSpringAppConfig' of type [org.sonarsource.sonarlint.core.spring.SonarLintSpringAppConfig$$EnhancerBySpringCGLIB$$d2c8ad5b] is not eligible for getting processed by all BeanPostProcessors (for example: not eligible for auto-proxying)
2024-08-19 14:43:20,985 [ForkJoinPool.commonPool-worker-7] INFO  o.s.s.s.o.s.c.s.PostProcessorRegistrationDelegate$BeanPostProcessorChecker - Bean 'provideClientEventBus' of type [com.google.common.eventbus.AsyncEventBus] is not eligible for getting processed by all BeanPostProcessors (for example: not eligible for auto-proxying)
2024-08-19 15:23:54,250 [Worker-0: https://eclipse.schedenig.name/p2.index] INFO  o.a.h.c.h.i.c.HttpRequestRetryExec - Recoverable I/O exception (java.net.SocketException) caught when processing request to {s}->https://eclipse.schedenig.name:443
2024-08-19 15:23:54,839 [Worker-24: https://eclipse.schedenig.name/p2.index] INFO  o.a.h.c.h.i.c.HttpRequestRetryExec - Recoverable I/O exception (java.net.SocketException) caught when processing request to {s}->https://eclipse.schedenig.name:443
2024-08-19 15:23:55,212 [Worker-26: https://eclipse.schedenig.name/compositeContent.jar] INFO  o.a.h.c.h.i.c.HttpRequestRetryExec - Recoverable I/O exception (java.net.SocketException) caught when processing request to {s}->https://eclipse.schedenig.name:443
2024-08-19 15:23:55,588 [Worker-25: https://eclipse.schedenig.name/compositeContent.xml] INFO  o.a.h.c.h.i.c.HttpRequestRetryExec - Recoverable I/O exception (java.net.SocketException) caught when processing request to {s}->https://eclipse.schedenig.name:443
2024-08-19 15:24:09,546 [Worker-26: http://sourceforge.net/projects/ireport/files/ireport/5.6.0/content.jar] INFO  o.a.h.c.h.i.c.HttpRequestRetryExec - Recoverable I/O exception (org.apache.hc.core5.http.NoHttpResponseException) caught when processing request to {}->http://sourceforge.net:80
2024-08-19 15:24:09,605 [Worker-22: http://sourceforge.net/projects/ireport/files/ireport/5.6.0/content.jar] INFO  o.a.h.c.h.i.c.HttpRequestRetryExec - Recoverable I/O exception (org.apache.hc.core5.http.NoHttpResponseException) caught when processing request to {}->http://sourceforge.net:80
2024-08-19 15:25:01,400 [Worker-23: https://sourceforge.net/projects/ireport/files/iReport/iReport-5.6.0/p2.index] INFO  o.a.h.c.h.i.c.HttpRequestRetryExec - Recoverable I/O exception (java.net.SocketException) caught when processing request to {s}->https://sourceforge.net:443
2024-08-19 15:25:01,682 [Worker-22: https://sourceforge.net/projects/ireport/files/iReport/iReport-5.6.0/p2.index] INFO  o.a.h.c.h.i.c.HttpRequestRetryExec - Recoverable I/O exception (java.net.SocketException) caught when processing request to {s}->https://sourceforge.net:443
2024-08-19 15:25:01,748 [Worker-24: https://sourceforge.net/projects/ireport/files/iReport/iReport-5.6.0/content.jar] INFO  o.a.h.c.h.i.c.HttpRequestRetryExec - Recoverable I/O exception (java.net.SocketException) caught when processing request to {s}->https://sourceforge.net:443
2024-08-19 15:25:01,806 [Worker-22: https://sourceforge.net/projects/ireport/files/iReport/iReport-5.6.0/content.xml] INFO  o.a.h.c.h.i.c.HttpRequestRetryExec - Recoverable I/O exception (java.net.SocketException) caught when processing request to {s}->https://sourceforge.net:443
2024-08-19 15:25:05,883 [Worker-24: https://sourceforge.net/projects/jasperstudio/files/updatesite/6.2.2/p2.index] INFO  o.a.h.c.h.i.c.HttpRequestRetryExec - Recoverable I/O exception (java.net.SocketException) caught when processing request to {s}->https://sourceforge.net:443
2024-08-19 15:25:06,165 [Worker-22: https://sourceforge.net/projects/jasperstudio/files/updatesite/6.2.2/p2.index] INFO  o.a.h.c.h.i.c.HttpRequestRetryExec - Recoverable I/O exception (java.net.SocketException) caught when processing request to {s}->https://sourceforge.net:443
2024-08-19 15:25:06,239 [Worker-23: https://sourceforge.net/projects/jasperstudio/files/updatesite/6.2.2/content.jar] INFO  o.a.h.c.h.i.c.HttpRequestRetryExec - Recoverable I/O exception (java.net.SocketException) caught when processing request to {s}->https://sourceforge.net:443
2024-08-19 15:25:06,315 [Worker-22: https://sourceforge.net/projects/jasperstudio/files/updatesite/6.2.2/content.xml] INFO  o.a.h.c.h.i.c.HttpRequestRetryExec - Recoverable I/O exception (java.net.SocketException) caught when processing request to {s}->https://sourceforge.net:443
2024-08-19 15:51:02,191 [Worker-24: https://sourceforge.net/projects/jasperstudio/files/updatesite/6.3.0/p2.index] INFO  o.a.h.c.h.i.c.HttpRequestRetryExec - Recoverable I/O exception (java.net.SocketException) caught when processing request to {s}->https://sourceforge.net:443
2024-08-19 15:51:02,492 [Worker-25: https://sourceforge.net/projects/jasperstudio/files/updatesite/6.3.0/p2.index] INFO  o.a.h.c.h.i.c.HttpRequestRetryExec - Recoverable I/O exception (java.net.SocketException) caught when processing request to {s}->https://sourceforge.net:443
2024-08-19 15:51:02,561 [Worker-23: https://sourceforge.net/projects/jasperstudio/files/updatesite/6.3.0/content.jar] INFO  o.a.h.c.h.i.c.HttpRequestRetryExec - Recoverable I/O exception (java.net.SocketException) caught when processing request to {s}->https://sourceforge.net:443
2024-08-19 15:51:02,651 [Worker-27: https://sourceforge.net/projects/jasperstudio/files/updatesite/6.3.0/content.xml] INFO  o.a.h.c.h.i.c.HttpRequestRetryExec - Recoverable I/O exception (java.net.SocketException) caught when processing request to {s}->https://sourceforge.net:443
2024-08-19 15:51:14,873 [Worker-23: https://sourceforge.net/projects/ireport/files/iReport/iReport-5.6.0/iReport-5.6.0-windows-installer.exe/download/p2.index] INFO  o.a.h.c.h.i.c.HttpRequestRetryExec - Recoverable I/O exception (java.net.SocketException) caught when processing request to {s}->https://sourceforge.net:443
2024-08-19 15:51:15,142 [Worker-24: https://sourceforge.net/projects/ireport/files/iReport/iReport-5.6.0/iReport-5.6.0-windows-installer.exe/download/p2.index] INFO  o.a.h.c.h.i.c.HttpRequestRetryExec - Recoverable I/O exception (java.net.SocketException) caught when processing request to {s}->https://sourceforge.net:443
2024-08-19 15:51:15,222 [Worker-25: https://sourceforge.net/projects/ireport/files/iReport/iReport-5.6.0/iReport-5.6.0-windows-installer.exe/download/content.jar] INFO  o.a.h.c.h.i.c.HttpRequestRetryExec - Recoverable I/O exception (java.net.SocketException) caught when processing request to {s}->https://sourceforge.net:443
2024-08-19 15:51:15,290 [Worker-27: https://sourceforge.net/projects/ireport/files/iReport/iReport-5.6.0/iReport-5.6.0-windows-installer.exe/download/content.xml] INFO  o.a.h.c.h.i.c.HttpRequestRetryExec - Recoverable I/O exception (java.net.SocketException) caught when processing request to {s}->https://sourceforge.net:443
2024-08-19 15:52:16,981 [Worker-27: https://sourceforge.net/projects/sapnweclipse/files/updates/p2.index] INFO  o.a.h.c.h.i.c.HttpRequestRetryExec - Recoverable I/O exception (java.net.SocketException) caught when processing request to {s}->https://sourceforge.net:443
2024-08-19 15:52:17,251 [Worker-23: https://sourceforge.net/projects/sapnweclipse/files/updates/p2.index] INFO  o.a.h.c.h.i.c.HttpRequestRetryExec - Recoverable I/O exception (java.net.SocketException) caught when processing request to {s}->https://sourceforge.net:443
2024-08-19 15:52:17,312 [Worker-27: https://sourceforge.net/projects/sapnweclipse/files/updates/site.xml] INFO  o.a.h.c.h.i.c.HttpRequestRetryExec - Recoverable I/O exception (java.net.SocketException) caught when processing request to {s}->https://sourceforge.net:443
2024-08-19 15:52:17,600 [Worker-28: https://sourceforge.net/projects/sapnweclipse/files/updates/site.xml] INFO  o.a.h.c.h.i.c.HttpRequestRetryExec - Recoverable I/O exception (java.net.SocketException) caught when processing request to {s}->https://sourceforge.net:443
2024-08-19 15:52:19,956 [Worker-24: http://sourceforge.net/projects/jasperstudio/files/updatesite/6.2.2/content.jar] INFO  o.a.h.c.h.i.c.HttpRequestRetryExec - Recoverable I/O exception (org.apache.hc.core5.http.NoHttpResponseException) caught when processing request to {}->http://sourceforge.net:80
2024-08-19 15:52:19,982 [Worker-23: http://sourceforge.net/projects/jasperstudio/files/updatesite/6.2.2/content.jar] INFO  o.a.h.c.h.i.c.HttpRequestRetryExec - Recoverable I/O exception (org.apache.hc.core5.http.NoHttpResponseException) caught when processing request to {}->http://sourceforge.net:80
2024-08-19 15:57:54,054 [Worker-28: https://eclipse.schedenig.name/p2.index] INFO  o.a.h.c.h.i.c.HttpRequestRetryExec - Recoverable I/O exception (java.net.SocketException) caught when processing request to {s}->https://eclipse.schedenig.name:443
2024-08-19 15:57:54,644 [Worker-23: https://eclipse.schedenig.name/p2.index] INFO  o.a.h.c.h.i.c.HttpRequestRetryExec - Recoverable I/O exception (java.net.SocketException) caught when processing request to {s}->https://eclipse.schedenig.name:443
2024-08-19 15:57:55,033 [Worker-27: https://eclipse.schedenig.name/compositeContent.jar] INFO  o.a.h.c.h.i.c.HttpRequestRetryExec - Recoverable I/O exception (java.net.SocketException) caught when processing request to {s}->https://eclipse.schedenig.name:443
2024-08-19 15:57:55,413 [Worker-24: https://eclipse.schedenig.name/compositeContent.xml] INFO  o.a.h.c.h.i.c.HttpRequestRetryExec - Recoverable I/O exception (java.net.SocketException) caught when processing request to {s}->https://eclipse.schedenig.name:443
2024-08-19 15:57:55,663 [Worker-23: http://sourceforge.net/projects/ireport/files/ireport/5.6.0/content.jar] INFO  o.a.h.c.h.i.c.HttpRequestRetryExec - Recoverable I/O exception (org.apache.hc.core5.http.NoHttpResponseException) caught when processing request to {}->http://sourceforge.net:80
2024-08-19 15:57:55,713 [Worker-24: http://sourceforge.net/projects/ireport/files/ireport/5.6.0/content.jar] INFO  o.a.h.c.h.i.c.HttpRequestRetryExec - Recoverable I/O exception (org.apache.hc.core5.http.NoHttpResponseException) caught when processing request to {}->http://sourceforge.net:80
2024-08-19 15:57:55,784 [Worker-25: https://sourceforge.net/projects/ireport/files/iReport/iReport-5.6.0/p2.index] INFO  o.a.h.c.h.i.c.HttpRequestRetryExec - Recoverable I/O exception (java.net.SocketException) caught when processing request to {s}->https://sourceforge.net:443
2024-08-19 15:57:56,077 [Worker-25: https://sourceforge.net/projects/ireport/files/iReport/iReport-5.6.0/p2.index] INFO  o.a.h.c.h.i.c.HttpRequestRetryExec - Recoverable I/O exception (java.net.SocketException) caught when processing request to {s}->https://sourceforge.net:443
2024-08-19 15:57:56,143 [Worker-27: https://sourceforge.net/projects/ireport/files/iReport/iReport-5.6.0/content.jar] INFO  o.a.h.c.h.i.c.HttpRequestRetryExec - Recoverable I/O exception (java.net.SocketException) caught when processing request to {s}->https://sourceforge.net:443
2024-08-19 15:57:56,202 [Worker-25: https://sourceforge.net/projects/ireport/files/iReport/iReport-5.6.0/content.xml] INFO  o.a.h.c.h.i.c.HttpRequestRetryExec - Recoverable I/O exception (java.net.SocketException) caught when processing request to {s}->https://sourceforge.net:443
2024-08-19 15:57:56,264 [Worker-28: https://sourceforge.net/projects/jasperstudio/files/updatesite/6.2.2/p2.index] INFO  o.a.h.c.h.i.c.HttpRequestRetryExec - Recoverable I/O exception (java.net.SocketException) caught when processing request to {s}->https://sourceforge.net:443
2024-08-19 15:57:56,534 [Worker-27: https://sourceforge.net/projects/jasperstudio/files/updatesite/6.2.2/p2.index] INFO  o.a.h.c.h.i.c.HttpRequestRetryExec - Recoverable I/O exception (java.net.SocketException) caught when processing request to {s}->https://sourceforge.net:443
2024-08-19 15:57:56,586 [Worker-24: https://sourceforge.net/projects/jasperstudio/files/updatesite/6.2.2/content.jar] INFO  o.a.h.c.h.i.c.HttpRequestRetryExec - Recoverable I/O exception (java.net.SocketException) caught when processing request to {s}->https://sourceforge.net:443
2024-08-19 15:57:56,653 [Worker-27: https://sourceforge.net/projects/jasperstudio/files/updatesite/6.2.2/content.xml] INFO  o.a.h.c.h.i.c.HttpRequestRetryExec - Recoverable I/O exception (java.net.SocketException) caught when processing request to {s}->https://sourceforge.net:443
2024-08-19 15:58:05,227 [Worker-23: https://sourceforge.net/projects/jasperstudio/files/updatesite/6.3.0/p2.index] INFO  o.a.h.c.h.i.c.HttpRequestRetryExec - Recoverable I/O exception (java.net.SocketException) caught when processing request to {s}->https://sourceforge.net:443
2024-08-19 15:58:05,503 [Worker-28: https://sourceforge.net/projects/jasperstudio/files/updatesite/6.3.0/p2.index] INFO  o.a.h.c.h.i.c.HttpRequestRetryExec - Recoverable I/O exception (java.net.SocketException) caught when processing request to {s}->https://sourceforge.net:443
2024-08-19 15:58:05,554 [Worker-24: https://sourceforge.net/projects/jasperstudio/files/updatesite/6.3.0/content.jar] INFO  o.a.h.c.h.i.c.HttpRequestRetryExec - Recoverable I/O exception (java.net.SocketException) caught when processing request to {s}->https://sourceforge.net:443
2024-08-19 15:58:05,623 [Worker-23: https://sourceforge.net/projects/jasperstudio/files/updatesite/6.3.0/content.xml] INFO  o.a.h.c.h.i.c.HttpRequestRetryExec - Recoverable I/O exception (java.net.SocketException) caught when processing request to {s}->https://sourceforge.net:443
2024-08-19 15:58:05,682 [Worker-28: https://sourceforge.net/projects/ireport/files/iReport/iReport-5.6.0/iReport-5.6.0-windows-installer.exe/download/p2.index] INFO  o.a.h.c.h.i.c.HttpRequestRetryExec - Recoverable I/O exception (java.net.SocketException) caught when processing request to {s}->https://sourceforge.net:443
2024-08-19 15:58:05,944 [Worker-24: https://sourceforge.net/projects/ireport/files/iReport/iReport-5.6.0/iReport-5.6.0-windows-installer.exe/download/p2.index] INFO  o.a.h.c.h.i.c.HttpRequestRetryExec - Recoverable I/O exception (java.net.SocketException) caught when processing request to {s}->https://sourceforge.net:443
2024-08-19 15:58:06,013 [Worker-23: https://sourceforge.net/projects/ireport/files/iReport/iReport-5.6.0/iReport-5.6.0-windows-installer.exe/download/content.jar] INFO  o.a.h.c.h.i.c.HttpRequestRetryExec - Recoverable I/O exception (java.net.SocketException) caught when processing request to {s}->https://sourceforge.net:443
2024-08-19 15:58:06,087 [Worker-27: https://sourceforge.net/projects/ireport/files/iReport/iReport-5.6.0/iReport-5.6.0-windows-installer.exe/download/content.xml] INFO  o.a.h.c.h.i.c.HttpRequestRetryExec - Recoverable I/O exception (java.net.SocketException) caught when processing request to {s}->https://sourceforge.net:443
2024-08-19 15:58:06,153 [Worker-24: https://sourceforge.net/projects/sapnweclipse/files/updates/p2.index] INFO  o.a.h.c.h.i.c.HttpRequestRetryExec - Recoverable I/O exception (java.net.SocketException) caught when processing request to {s}->https://sourceforge.net:443
2024-08-19 15:58:06,424 [Worker-24: https://sourceforge.net/projects/sapnweclipse/files/updates/p2.index] INFO  o.a.h.c.h.i.c.HttpRequestRetryExec - Recoverable I/O exception (java.net.SocketException) caught when processing request to {s}->https://sourceforge.net:443
2024-08-19 15:58:06,484 [Worker-25: https://sourceforge.net/projects/sapnweclipse/files/updates/site.xml] INFO  o.a.h.c.h.i.c.HttpRequestRetryExec - Recoverable I/O exception (java.net.SocketException) caught when processing request to {s}->https://sourceforge.net:443
2024-08-19 15:58:06,754 [Worker-24: https://sourceforge.net/projects/sapnweclipse/files/updates/site.xml] INFO  o.a.h.c.h.i.c.HttpRequestRetryExec - Recoverable I/O exception (java.net.SocketException) caught when processing request to {s}->https://sourceforge.net:443
2024-08-19 15:58:06,843 [Worker-28: http://sourceforge.net/projects/jasperstudio/files/updatesite/6.2.2/content.jar] INFO  o.a.h.c.h.i.c.HttpRequestRetryExec - Recoverable I/O exception (org.apache.hc.core5.http.NoHttpResponseException) caught when processing request to {}->http://sourceforge.net:80
2024-08-19 15:58:06,874 [Worker-25: http://sourceforge.net/projects/jasperstudio/files/updatesite/6.2.2/content.jar] INFO  o.a.h.c.h.i.c.HttpRequestRetryExec - Recoverable I/O exception (org.apache.hc.core5.http.NoHttpResponseException) caught when processing request to {}->http://sourceforge.net:80
2024-08-20 15:02:33,273 [Worker-0: Loading available Gradle versions] INFO  o.e.b.c.i.u.g.PublishedGradleVersions - Gradle version information cache is up-to-date. Trying to read.
2024-08-20 15:02:35,470 [ForkJoinPool.commonPool-worker-7] INFO  o.s.s.s.o.s.c.s.PostProcessorRegistrationDelegate$BeanPostProcessorChecker - Bean 'sonarLintSpringAppConfig' of type [org.sonarsource.sonarlint.core.spring.SonarLintSpringAppConfig$$EnhancerBySpringCGLIB$$68861c8e] is not eligible for getting processed by all BeanPostProcessors (for example: not eligible for auto-proxying)
2024-08-20 15:02:35,554 [ForkJoinPool.commonPool-worker-7] INFO  o.s.s.s.o.s.c.s.PostProcessorRegistrationDelegate$BeanPostProcessorChecker - Bean 'provideClientEventBus' of type [com.google.common.eventbus.AsyncEventBus] is not eligible for getting processed by all BeanPostProcessors (for example: not eligible for auto-proxying)
2024-08-21 14:01:25,705 [Worker-1: Loading available Gradle versions] INFO  o.e.b.c.i.u.g.PublishedGradleVersions - Gradle version information cache is out-of-date. Trying to update.
2024-08-21 14:01:27,909 [ForkJoinPool.commonPool-worker-3] INFO  o.s.s.s.o.s.c.s.PostProcessorRegistrationDelegate$BeanPostProcessorChecker - Bean 'sonarLintSpringAppConfig' of type [org.sonarsource.sonarlint.core.spring.SonarLintSpringAppConfig$$EnhancerBySpringCGLIB$$56d174a9] is not eligible for getting processed by all BeanPostProcessors (for example: not eligible for auto-proxying)
2024-08-21 14:01:28,073 [ForkJoinPool.commonPool-worker-3] INFO  o.s.s.s.o.s.c.s.PostProcessorRegistrationDelegate$BeanPostProcessorChecker - Bean 'provideClientEventBus' of type [com.google.common.eventbus.AsyncEventBus] is not eligible for getting processed by all BeanPostProcessors (for example: not eligible for auto-proxying)
2024-08-21 14:56:48,945 [Worker-1: Loading available Gradle versions] INFO  o.e.b.c.i.u.g.PublishedGradleVersions - Gradle version information cache is up-to-date. Trying to read.
2024-08-21 14:56:51,797 [ForkJoinPool.commonPool-worker-3] INFO  o.s.s.s.o.s.c.s.PostProcessorRegistrationDelegate$BeanPostProcessorChecker - Bean 'sonarLintSpringAppConfig' of type [org.sonarsource.sonarlint.core.spring.SonarLintSpringAppConfig$$EnhancerBySpringCGLIB$$4f249bfb] is not eligible for getting processed by all BeanPostProcessors (for example: not eligible for auto-proxying)
2024-08-21 14:56:51,888 [ForkJoinPool.commonPool-worker-3] INFO  o.s.s.s.o.s.c.s.PostProcessorRegistrationDelegate$BeanPostProcessorChecker - Bean 'provideClientEventBus' of type [com.google.common.eventbus.AsyncEventBus] is not eligible for getting processed by all BeanPostProcessors (for example: not eligible for auto-proxying)
2024-08-21 16:46:47,244 [Worker-34: Check for devtools] INFO  o.e.m.c.i.p.WorkspaceClassifierResolverManager - Resolving P/WeatherApiCommon: com.weatherapi:weather-api-common:1.0.0 with classifier  to /WeatherApiCommon/target/classes
2024-08-22 09:24:43,870 [Worker-2: Loading available Gradle versions] INFO  o.e.b.c.i.u.g.PublishedGradleVersions - Gradle version information cache is up-to-date. Trying to read.
2024-08-22 09:24:50,121 [ForkJoinPool.commonPool-worker-3] INFO  o.s.s.s.o.s.c.s.PostProcessorRegistrationDelegate$BeanPostProcessorChecker - Bean 'sonarLintSpringAppConfig' of type [org.sonarsource.sonarlint.core.spring.SonarLintSpringAppConfig$$EnhancerBySpringCGLIB$$a39ebd20] is not eligible for getting processed by all BeanPostProcessors (for example: not eligible for auto-proxying)
2024-08-22 09:24:50,511 [ForkJoinPool.commonPool-worker-3] INFO  o.s.s.s.o.s.c.s.PostProcessorRegistrationDelegate$BeanPostProcessorChecker - Bean 'provideClientEventBus' of type [com.google.common.eventbus.AsyncEventBus] is not eligible for getting processed by all BeanPostProcessors (for example: not eligible for auto-proxying)
2024-08-22 10:48:27,600 [Worker-3: Loading available Gradle versions] INFO  o.e.b.c.i.u.g.PublishedGradleVersions - Gradle version information cache is up-to-date. Trying to read.
2024-08-22 10:48:29,886 [ForkJoinPool.commonPool-worker-5] INFO  o.s.s.s.o.s.c.s.PostProcessorRegistrationDelegate$BeanPostProcessorChecker - Bean 'sonarLintSpringAppConfig' of type [org.sonarsource.sonarlint.core.spring.SonarLintSpringAppConfig$$EnhancerBySpringCGLIB$$635933e5] is not eligible for getting processed by all BeanPostProcessors (for example: not eligible for auto-proxying)
2024-08-22 10:48:29,962 [ForkJoinPool.commonPool-worker-5] INFO  o.s.s.s.o.s.c.s.PostProcessorRegistrationDelegate$BeanPostProcessorChecker - Bean 'provideClientEventBus' of type [com.google.common.eventbus.AsyncEventBus] is not eligible for getting processed by all BeanPostProcessors (for example: not eligible for auto-proxying)
2024-09-04 21:15:36,907 [Worker-0: Loading available Gradle versions] INFO  o.e.b.c.i.u.g.PublishedGradleVersions - Gradle version information cache is up-to-date. Trying to read.
2024-09-04 21:15:39,399 [ForkJoinPool.commonPool-worker-5] INFO  o.s.s.s.o.s.c.s.PostProcessorRegistrationDelegate$BeanPostProcessorChecker - Bean 'sonarLintSpringAppConfig' of type [org.sonarsource.sonarlint.core.spring.SonarLintSpringAppConfig$$EnhancerBySpringCGLIB$$c99fbc0f] is not eligible for getting processed by all BeanPostProcessors (for example: not eligible for auto-proxying)
2024-09-04 21:15:39,590 [ForkJoinPool.commonPool-worker-5] INFO  o.s.s.s.o.s.c.s.PostProcessorRegistrationDelegate$BeanPostProcessorChecker - Bean 'provideClientEventBus' of type [com.google.common.eventbus.AsyncEventBus] is not eligible for getting processed by all BeanPostProcessors (for example: not eligible for auto-proxying)
2024-09-04 21:22:09,817 [Worker-9: Launching RealtimeWeatherApiControllerTests.testGetShouldReturnStatus200OK] INFO  o.a.m.s.f.DefaultMavenResourcesFiltering - Copying 1 resource from src\main\resources to target\classes
2024-09-04 21:22:09,834 [Worker-9: Launching RealtimeWeatherApiControllerTests.testGetShouldReturnStatus200OK] INFO  o.a.m.s.f.DefaultMavenResourcesFiltering - Copying 0 resource from src\main\resources to target\classes
2024-09-04 21:22:09,838 [Worker-9: Launching RealtimeWeatherApiControllerTests.testGetShouldReturnStatus200OK] INFO  o.a.m.s.f.DefaultMavenResourcesFiltering - skip non existing resourceDirectory D:\project-java-spring\RestApiCourse\WeatherAPIs\WeatherApiProject\WeatherApiCommon\src\test\resources
2024-09-04 21:22:11,312 [Worker-9: Launching RealtimeWeatherApiControllerTests.testGetShouldReturnStatus200OK] INFO  o.e.m.c.i.p.WorkspaceClassifierResolverManager - Resolving P/WeatherApiCommon: com.weatherapi:weather-api-common:1.0.0 with classifier  to /WeatherApiCommon/target/classes
2024-09-04 21:22:11,461 [Worker-9: Launching RealtimeWeatherApiControllerTests.testGetShouldReturnStatus200OK] INFO  o.a.m.s.f.DefaultMavenResourcesFiltering - Copying 1 resource from src\main\resources to target\classes
2024-09-04 21:22:11,482 [Worker-9: Launching RealtimeWeatherApiControllerTests.testGetShouldReturnStatus200OK] INFO  o.a.m.s.f.DefaultMavenResourcesFiltering - Copying 0 resource from src\main\resources to target\classes
2024-09-04 21:22:11,488 [Worker-9: Launching RealtimeWeatherApiControllerTests.testGetShouldReturnStatus200OK] INFO  o.a.m.s.f.DefaultMavenResourcesFiltering - skip non existing resourceDirectory D:\project-java-spring\RestApiCourse\WeatherAPIs\WeatherApiProject\WeatherApiService\src\test\resources
2024-09-04 21:22:12,419 [Worker-9: Launching RealtimeWeatherApiControllerTests.testGetShouldReturnStatus200OK] INFO  o.e.m.c.i.p.WorkspaceClassifierResolverManager - Resolving P/WeatherApiCommon: com.weatherapi:weather-api-common:1.0.0 with classifier null to /WeatherApiCommon/target/classes
2024-09-04 21:22:12,731 [Worker-9: Launching RealtimeWeatherApiControllerTests.testGetShouldReturnStatus200OK] INFO  o.e.m.c.i.p.WorkspaceClassifierResolverManager - Resolving P/WeatherApiCommon: com.weatherapi:weather-api-common:1.0.0 with classifier null to /WeatherApiCommon/target/classes
2024-09-04 21:30:54,351 [Worker-36: Launching RealtimeWeatherApiControllerTests.testGetShouldReturnStatus200OK] INFO  o.a.m.s.f.DefaultMavenResourcesFiltering - Copying 1 resource from src\main\resources to target\classes
2024-09-04 21:30:54,458 [Worker-36: Launching RealtimeWeatherApiControllerTests.testGetShouldReturnStatus200OK] INFO  o.a.m.s.f.DefaultMavenResourcesFiltering - Copying 0 resource from src\main\resources to target\classes
2024-09-04 21:30:54,462 [Worker-36: Launching RealtimeWeatherApiControllerTests.testGetShouldReturnStatus200OK] INFO  o.a.m.s.f.DefaultMavenResourcesFiltering - skip non existing resourceDirectory D:\project-java-spring\RestApiCourse\WeatherAPIs\WeatherApiProject\WeatherApiService\src\test\resources
2024-09-04 21:30:54,639 [Worker-36: Launching RealtimeWeatherApiControllerTests.testGetShouldReturnStatus200OK] INFO  o.e.m.c.i.p.WorkspaceClassifierResolverManager - Resolving P/WeatherApiCommon: com.weatherapi:weather-api-common:1.0.0 with classifier null to /WeatherApiCommon/target/classes
2024-09-04 21:30:54,777 [Worker-36: Launching RealtimeWeatherApiControllerTests.testGetShouldReturnStatus200OK] INFO  o.e.m.c.i.p.WorkspaceClassifierResolverManager - Resolving P/WeatherApiCommon: com.weatherapi:weather-api-common:1.0.0 with classifier null to /WeatherApiCommon/target/classes
2024-09-04 21:36:10,634 [Worker-37: Launching WeatherApiService - WeatherApiServiceApplication] INFO  o.e.m.c.i.p.WorkspaceClassifierResolverManager - Resolving P/WeatherApiCommon: com.weatherapi:weather-api-common:1.0.0 with classifier null to /WeatherApiCommon/target/classes
2024-09-04 21:36:10,717 [Worker-37: Launching WeatherApiService - WeatherApiServiceApplication] INFO  o.e.m.c.i.p.WorkspaceClassifierResolverManager - Resolving P/WeatherApiCommon: com.weatherapi:weather-api-common:1.0.0 with classifier null to /WeatherApiCommon/target/classes
2024-09-04 21:36:10,799 [Worker-37: Launching WeatherApiService - WeatherApiServiceApplication] INFO  o.e.m.c.i.p.WorkspaceClassifierResolverManager - Resolving P/WeatherApiCommon: com.weatherapi:weather-api-common:1.0.0 with classifier null to /WeatherApiCommon/target/classes
2024-09-04 21:45:59,991 [Worker-46: Launching WeatherApiService - WeatherApiServiceApplication] INFO  o.a.m.s.f.DefaultMavenResourcesFiltering - Copying 1 resource from src\main\resources to target\classes
2024-09-04 21:46:00,107 [Worker-46: Launching WeatherApiService - WeatherApiServiceApplication] INFO  o.a.m.s.f.DefaultMavenResourcesFiltering - Copying 0 resource from src\main\resources to target\classes
2024-09-04 21:46:00,111 [Worker-46: Launching WeatherApiService - WeatherApiServiceApplication] INFO  o.a.m.s.f.DefaultMavenResourcesFiltering - skip non existing resourceDirectory D:\project-java-spring\RestApiCourse\WeatherAPIs\WeatherApiProject\WeatherApiService\src\test\resources
2024-09-04 21:46:00,410 [Worker-46: Launching WeatherApiService - WeatherApiServiceApplication] INFO  o.e.m.c.i.p.WorkspaceClassifierResolverManager - Resolving P/WeatherApiCommon: com.weatherapi:weather-api-common:1.0.0 with classifier null to /WeatherApiCommon/target/classes
2024-09-04 21:46:00,557 [Worker-46: Launching WeatherApiService - WeatherApiServiceApplication] INFO  o.e.m.c.i.p.WorkspaceClassifierResolverManager - Resolving P/WeatherApiCommon: com.weatherapi:weather-api-common:1.0.0 with classifier null to /WeatherApiCommon/target/classes
2024-09-04 21:46:00,693 [Worker-46: Launching WeatherApiService - WeatherApiServiceApplication] INFO  o.e.m.c.i.p.WorkspaceClassifierResolverManager - Resolving P/WeatherApiCommon: com.weatherapi:weather-api-common:1.0.0 with classifier null to /WeatherApiCommon/target/classes
2024-09-04 21:58:10,874 [Worker-48: https://download.eclipse.org/eclemma/releases/3.1.8/p2.index] INFO  o.a.h.c.h.i.c.HttpRequestRetryExec - Recoverable I/O exception (java.net.SocketException) caught when processing request to {s}->https://download.eclipse.org:443
2024-09-05 20:31:52,584 [Worker-3: Loading available Gradle versions] INFO  o.e.b.c.i.u.g.PublishedGradleVersions - Gradle version information cache is up-to-date. Trying to read.
2024-09-05 20:32:00,384 [ForkJoinPool.commonPool-worker-3] INFO  o.s.s.s.o.s.c.s.PostProcessorRegistrationDelegate$BeanPostProcessorChecker - Bean 'sonarLintSpringAppConfig' of type [org.sonarsource.sonarlint.core.spring.SonarLintSpringAppConfig$$EnhancerBySpringCGLIB$$32aeb143] is not eligible for getting processed by all BeanPostProcessors (for example: not eligible for auto-proxying)
2024-09-05 20:32:00,708 [ForkJoinPool.commonPool-worker-3] INFO  o.s.s.s.o.s.c.s.PostProcessorRegistrationDelegate$BeanPostProcessorChecker - Bean 'provideClientEventBus' of type [com.google.common.eventbus.AsyncEventBus] is not eligible for getting processed by all BeanPostProcessors (for example: not eligible for auto-proxying)
2024-09-13 13:53:54,693 [Worker-2: Loading available Gradle versions] INFO  o.e.b.c.i.u.g.PublishedGradleVersions - Gradle version information cache is up-to-date. Trying to read.
2024-09-13 13:53:57,084 [ForkJoinPool.commonPool-worker-3] INFO  o.s.s.s.o.s.c.s.PostProcessorRegistrationDelegate$BeanPostProcessorChecker - Bean 'sonarLintSpringAppConfig' of type [org.sonarsource.sonarlint.core.spring.SonarLintSpringAppConfig$$EnhancerBySpringCGLIB$$890858bb] is not eligible for getting processed by all BeanPostProcessors (for example: not eligible for auto-proxying)
2024-09-13 13:53:57,205 [ForkJoinPool.commonPool-worker-3] INFO  o.s.s.s.o.s.c.s.PostProcessorRegistrationDelegate$BeanPostProcessorChecker - Bean 'provideClientEventBus' of type [com.google.common.eventbus.AsyncEventBus] is not eligible for getting processed by all BeanPostProcessors (for example: not eligible for auto-proxying)
2024-09-13 14:00:07,281 [Worker-17: https://eclipse.schedenig.name/p2.index] INFO  o.a.h.c.h.i.c.HttpRequestRetryExec - Recoverable I/O exception (java.net.SocketException) caught when processing request to {s}->https://eclipse.schedenig.name:443
2024-09-13 14:00:07,918 [Worker-13: https://eclipse.schedenig.name/p2.index] INFO  o.a.h.c.h.i.c.HttpRequestRetryExec - Recoverable I/O exception (java.net.SocketException) caught when processing request to {s}->https://eclipse.schedenig.name:443
2024-09-13 14:00:08,288 [Worker-4: https://eclipse.schedenig.name/compositeContent.jar] INFO  o.a.h.c.h.i.c.HttpRequestRetryExec - Recoverable I/O exception (java.net.SocketException) caught when processing request to {s}->https://eclipse.schedenig.name:443
2024-09-13 14:00:08,657 [Worker-12: https://eclipse.schedenig.name/compositeContent.xml] INFO  o.a.h.c.h.i.c.HttpRequestRetryExec - Recoverable I/O exception (java.net.SocketException) caught when processing request to {s}->https://eclipse.schedenig.name:443
2024-09-13 14:00:25,042 [Worker-5: http://sourceforge.net/projects/ireport/files/ireport/5.6.0/content.jar] INFO  o.a.h.c.h.i.c.HttpRequestRetryExec - Recoverable I/O exception (org.apache.hc.core5.http.NoHttpResponseException) caught when processing request to {}->http://sourceforge.net:80
2024-09-13 14:00:25,105 [Worker-12: http://sourceforge.net/projects/ireport/files/ireport/5.6.0/content.jar] INFO  o.a.h.c.h.i.c.HttpRequestRetryExec - Recoverable I/O exception (org.apache.hc.core5.http.NoHttpResponseException) caught when processing request to {}->http://sourceforge.net:80
2024-09-13 14:01:18,636 [Worker-4: https://sourceforge.net/projects/ireport/files/iReport/iReport-5.6.0/p2.index] INFO  o.a.h.c.h.i.c.HttpRequestRetryExec - Recoverable I/O exception (java.net.SocketException) caught when processing request to {s}->https://sourceforge.net:443
2024-09-13 14:01:18,946 [Worker-10: https://sourceforge.net/projects/ireport/files/iReport/iReport-5.6.0/p2.index] INFO  o.a.h.c.h.i.c.HttpRequestRetryExec - Recoverable I/O exception (java.net.SocketException) caught when processing request to {s}->https://sourceforge.net:443
2024-09-13 14:01:19,026 [Worker-1: https://sourceforge.net/projects/ireport/files/iReport/iReport-5.6.0/content.jar] INFO  o.a.h.c.h.i.c.HttpRequestRetryExec - Recoverable I/O exception (java.net.SocketException) caught when processing request to {s}->https://sourceforge.net:443
2024-09-13 14:01:19,101 [Worker-11: https://sourceforge.net/projects/ireport/files/iReport/iReport-5.6.0/content.xml] INFO  o.a.h.c.h.i.c.HttpRequestRetryExec - Recoverable I/O exception (java.net.SocketException) caught when processing request to {s}->https://sourceforge.net:443
2024-09-13 14:01:23,591 [Worker-10: https://sourceforge.net/projects/jasperstudio/files/updatesite/6.2.2/p2.index] INFO  o.a.h.c.h.i.c.HttpRequestRetryExec - Recoverable I/O exception (java.net.SocketException) caught when processing request to {s}->https://sourceforge.net:443
2024-09-13 14:01:23,859 [Worker-17: https://sourceforge.net/projects/jasperstudio/files/updatesite/6.2.2/p2.index] INFO  o.a.h.c.h.i.c.HttpRequestRetryExec - Recoverable I/O exception (java.net.SocketException) caught when processing request to {s}->https://sourceforge.net:443
2024-09-13 14:01:23,918 [Worker-18: https://sourceforge.net/projects/jasperstudio/files/updatesite/6.2.2/content.jar] INFO  o.a.h.c.h.i.c.HttpRequestRetryExec - Recoverable I/O exception (java.net.SocketException) caught when processing request to {s}->https://sourceforge.net:443
2024-09-13 14:01:23,978 [Worker-15: https://sourceforge.net/projects/jasperstudio/files/updatesite/6.2.2/content.xml] INFO  o.a.h.c.h.i.c.HttpRequestRetryExec - Recoverable I/O exception (java.net.SocketException) caught when processing request to {s}->https://sourceforge.net:443
2024-09-13 14:11:52,467 [Worker-6: https://sourceforge.net/projects/jasperstudio/files/updatesite/6.3.0/p2.index] INFO  o.a.h.c.h.i.c.HttpRequestRetryExec - Recoverable I/O exception (java.net.SocketException) caught when processing request to {s}->https://sourceforge.net:443
2024-09-13 14:11:52,774 [Worker-15: https://sourceforge.net/projects/jasperstudio/files/updatesite/6.3.0/p2.index] INFO  o.a.h.c.h.i.c.HttpRequestRetryExec - Recoverable I/O exception (java.net.SocketException) caught when processing request to {s}->https://sourceforge.net:443
2024-09-13 14:11:52,859 [Worker-18: https://sourceforge.net/projects/jasperstudio/files/updatesite/6.3.0/content.jar] INFO  o.a.h.c.h.i.c.HttpRequestRetryExec - Recoverable I/O exception (java.net.SocketException) caught when processing request to {s}->https://sourceforge.net:443
2024-09-13 14:11:52,955 [Worker-13: https://sourceforge.net/projects/jasperstudio/files/updatesite/6.3.0/content.xml] INFO  o.a.h.c.h.i.c.HttpRequestRetryExec - Recoverable I/O exception (java.net.SocketException) caught when processing request to {s}->https://sourceforge.net:443
2024-09-13 14:12:10,130 [Worker-11: https://sourceforge.net/projects/ireport/files/iReport/iReport-5.6.0/iReport-5.6.0-windows-installer.exe/download/p2.index] INFO  o.a.h.c.h.i.c.HttpRequestRetryExec - Recoverable I/O exception (java.net.SocketException) caught when processing request to {s}->https://sourceforge.net:443
2024-09-13 14:12:10,482 [Worker-1: https://sourceforge.net/projects/ireport/files/iReport/iReport-5.6.0/iReport-5.6.0-windows-installer.exe/download/p2.index] INFO  o.a.h.c.h.i.c.HttpRequestRetryExec - Recoverable I/O exception (java.net.SocketException) caught when processing request to {s}->https://sourceforge.net:443
2024-09-13 14:12:10,680 [Worker-16: https://sourceforge.net/projects/ireport/files/iReport/iReport-5.6.0/iReport-5.6.0-windows-installer.exe/download/content.jar] INFO  o.a.h.c.h.i.c.HttpRequestRetryExec - Recoverable I/O exception (java.net.SocketException) caught when processing request to {s}->https://sourceforge.net:443
2024-09-13 14:12:10,886 [Worker-10: https://sourceforge.net/projects/ireport/files/iReport/iReport-5.6.0/iReport-5.6.0-windows-installer.exe/download/content.xml] INFO  o.a.h.c.h.i.c.HttpRequestRetryExec - Recoverable I/O exception (java.net.SocketException) caught when processing request to {s}->https://sourceforge.net:443
2024-09-13 14:13:55,206 [Worker-1: https://sourceforge.net/projects/sapnweclipse/files/updates/p2.index] INFO  o.a.h.c.h.i.c.HttpRequestRetryExec - Recoverable I/O exception (java.net.SocketException) caught when processing request to {s}->https://sourceforge.net:443
2024-09-13 14:13:55,481 [Worker-8: https://sourceforge.net/projects/sapnweclipse/files/updates/p2.index] INFO  o.a.h.c.h.i.c.HttpRequestRetryExec - Recoverable I/O exception (java.net.SocketException) caught when processing request to {s}->https://sourceforge.net:443
2024-09-13 14:13:55,563 [Worker-3: https://sourceforge.net/projects/sapnweclipse/files/updates/site.xml] INFO  o.a.h.c.h.i.c.HttpRequestRetryExec - Recoverable I/O exception (java.net.SocketException) caught when processing request to {s}->https://sourceforge.net:443
2024-09-13 14:13:55,825 [Worker-5: https://sourceforge.net/projects/sapnweclipse/files/updates/site.xml] INFO  o.a.h.c.h.i.c.HttpRequestRetryExec - Recoverable I/O exception (java.net.SocketException) caught when processing request to {s}->https://sourceforge.net:443
2024-09-13 14:13:58,697 [Worker-1: http://sourceforge.net/projects/jasperstudio/files/updatesite/6.2.2/content.jar] INFO  o.a.h.c.h.i.c.HttpRequestRetryExec - Recoverable I/O exception (org.apache.hc.core5.http.NoHttpResponseException) caught when processing request to {}->http://sourceforge.net:80
2024-09-13 14:13:58,727 [Worker-0: http://sourceforge.net/projects/jasperstudio/files/updatesite/6.2.2/content.jar] INFO  o.a.h.c.h.i.c.HttpRequestRetryExec - Recoverable I/O exception (org.apache.hc.core5.http.NoHttpResponseException) caught when processing request to {}->http://sourceforge.net:80
2024-09-13 14:15:42,103 [Worker-2: https://eclipse.schedenig.name/p2.index] INFO  o.a.h.c.h.i.c.HttpRequestRetryExec - Recoverable I/O exception (java.net.SocketException) caught when processing request to {s}->https://eclipse.schedenig.name:443
2024-09-13 14:15:42,696 [Worker-5: https://eclipse.schedenig.name/p2.index] INFO  o.a.h.c.h.i.c.HttpRequestRetryExec - Recoverable I/O exception (java.net.SocketException) caught when processing request to {s}->https://eclipse.schedenig.name:443
2024-09-13 14:15:43,073 [Worker-16: https://eclipse.schedenig.name/compositeContent.jar] INFO  o.a.h.c.h.i.c.HttpRequestRetryExec - Recoverable I/O exception (java.net.SocketException) caught when processing request to {s}->https://eclipse.schedenig.name:443
2024-09-13 14:15:43,438 [Worker-8: https://eclipse.schedenig.name/compositeContent.xml] INFO  o.a.h.c.h.i.c.HttpRequestRetryExec - Recoverable I/O exception (java.net.SocketException) caught when processing request to {s}->https://eclipse.schedenig.name:443
2024-09-13 14:15:43,675 [Worker-4: http://sourceforge.net/projects/ireport/files/ireport/5.6.0/content.jar] INFO  o.a.h.c.h.i.c.HttpRequestRetryExec - Recoverable I/O exception (org.apache.hc.core5.http.NoHttpResponseException) caught when processing request to {}->http://sourceforge.net:80
2024-09-13 14:15:43,707 [Worker-17: http://sourceforge.net/projects/ireport/files/ireport/5.6.0/content.jar] INFO  o.a.h.c.h.i.c.HttpRequestRetryExec - Recoverable I/O exception (org.apache.hc.core5.http.NoHttpResponseException) caught when processing request to {}->http://sourceforge.net:80
2024-09-13 14:15:43,766 [Worker-8: https://sourceforge.net/projects/ireport/files/iReport/iReport-5.6.0/p2.index] INFO  o.a.h.c.h.i.c.HttpRequestRetryExec - Recoverable I/O exception (java.net.SocketException) caught when processing request to {s}->https://sourceforge.net:443
2024-09-13 14:15:44,043 [Worker-12: https://sourceforge.net/projects/ireport/files/iReport/iReport-5.6.0/p2.index] INFO  o.a.h.c.h.i.c.HttpRequestRetryExec - Recoverable I/O exception (java.net.SocketException) caught when processing request to {s}->https://sourceforge.net:443
2024-09-13 14:15:44,101 [Worker-11: https://sourceforge.net/projects/ireport/files/iReport/iReport-5.6.0/content.jar] INFO  o.a.h.c.h.i.c.HttpRequestRetryExec - Recoverable I/O exception (java.net.SocketException) caught when processing request to {s}->https://sourceforge.net:443
2024-09-13 14:15:44,169 [Worker-10: https://sourceforge.net/projects/ireport/files/iReport/iReport-5.6.0/content.xml] INFO  o.a.h.c.h.i.c.HttpRequestRetryExec - Recoverable I/O exception (java.net.SocketException) caught when processing request to {s}->https://sourceforge.net:443
2024-09-13 14:15:44,225 [Worker-8: https://sourceforge.net/projects/jasperstudio/files/updatesite/6.2.2/p2.index] INFO  o.a.h.c.h.i.c.HttpRequestRetryExec - Recoverable I/O exception (java.net.SocketException) caught when processing request to {s}->https://sourceforge.net:443
2024-09-13 14:15:44,497 [Worker-15: https://sourceforge.net/projects/jasperstudio/files/updatesite/6.2.2/p2.index] INFO  o.a.h.c.h.i.c.HttpRequestRetryExec - Recoverable I/O exception (java.net.SocketException) caught when processing request to {s}->https://sourceforge.net:443
2024-09-13 14:15:44,568 [Worker-5: https://sourceforge.net/projects/jasperstudio/files/updatesite/6.2.2/content.jar] INFO  o.a.h.c.h.i.c.HttpRequestRetryExec - Recoverable I/O exception (java.net.SocketException) caught when processing request to {s}->https://sourceforge.net:443
2024-09-13 14:15:44,654 [Worker-10: https://sourceforge.net/projects/jasperstudio/files/updatesite/6.2.2/content.xml] INFO  o.a.h.c.h.i.c.HttpRequestRetryExec - Recoverable I/O exception (java.net.SocketException) caught when processing request to {s}->https://sourceforge.net:443
2024-09-13 14:15:54,836 [Worker-8: https://sourceforge.net/projects/jasperstudio/files/updatesite/6.3.0/p2.index] INFO  o.a.h.c.h.i.c.HttpRequestRetryExec - Recoverable I/O exception (java.net.SocketException) caught when processing request to {s}->https://sourceforge.net:443
2024-09-13 14:15:55,102 [Worker-4: https://sourceforge.net/projects/jasperstudio/files/updatesite/6.3.0/p2.index] INFO  o.a.h.c.h.i.c.HttpRequestRetryExec - Recoverable I/O exception (java.net.SocketException) caught when processing request to {s}->https://sourceforge.net:443
2024-09-13 14:15:55,157 [Worker-14: https://sourceforge.net/projects/jasperstudio/files/updatesite/6.3.0/content.jar] INFO  o.a.h.c.h.i.c.HttpRequestRetryExec - Recoverable I/O exception (java.net.SocketException) caught when processing request to {s}->https://sourceforge.net:443
2024-09-13 14:15:55,212 [Worker-0: https://sourceforge.net/projects/jasperstudio/files/updatesite/6.3.0/content.xml] INFO  o.a.h.c.h.i.c.HttpRequestRetryExec - Recoverable I/O exception (java.net.SocketException) caught when processing request to {s}->https://sourceforge.net:443
2024-09-13 14:15:55,259 [Worker-5: https://sourceforge.net/projects/ireport/files/iReport/iReport-5.6.0/iReport-5.6.0-windows-installer.exe/download/p2.index] INFO  o.a.h.c.h.i.c.HttpRequestRetryExec - Recoverable I/O exception (java.net.SocketException) caught when processing request to {s}->https://sourceforge.net:443
2024-09-13 14:15:55,512 [Worker-0: https://sourceforge.net/projects/ireport/files/iReport/iReport-5.6.0/iReport-5.6.0-windows-installer.exe/download/p2.index] INFO  o.a.h.c.h.i.c.HttpRequestRetryExec - Recoverable I/O exception (java.net.SocketException) caught when processing request to {s}->https://sourceforge.net:443
2024-09-13 14:15:55,573 [Worker-14: https://sourceforge.net/projects/ireport/files/iReport/iReport-5.6.0/iReport-5.6.0-windows-installer.exe/download/content.jar] INFO  o.a.h.c.h.i.c.HttpRequestRetryExec - Recoverable I/O exception (java.net.SocketException) caught when processing request to {s}->https://sourceforge.net:443
2024-09-13 14:15:55,626 [Worker-1: https://sourceforge.net/projects/ireport/files/iReport/iReport-5.6.0/iReport-5.6.0-windows-installer.exe/download/content.xml] INFO  o.a.h.c.h.i.c.HttpRequestRetryExec - Recoverable I/O exception (java.net.SocketException) caught when processing request to {s}->https://sourceforge.net:443
2024-09-13 14:15:55,692 [Worker-5: https://sourceforge.net/projects/sapnweclipse/files/updates/p2.index] INFO  o.a.h.c.h.i.c.HttpRequestRetryExec - Recoverable I/O exception (java.net.SocketException) caught when processing request to {s}->https://sourceforge.net:443
2024-09-13 14:15:55,942 [Worker-1: https://sourceforge.net/projects/sapnweclipse/files/updates/p2.index] INFO  o.a.h.c.h.i.c.HttpRequestRetryExec - Recoverable I/O exception (java.net.SocketException) caught when processing request to {s}->https://sourceforge.net:443
2024-09-13 14:15:55,999 [Worker-0: https://sourceforge.net/projects/sapnweclipse/files/updates/site.xml] INFO  o.a.h.c.h.i.c.HttpRequestRetryExec - Recoverable I/O exception (java.net.SocketException) caught when processing request to {s}->https://sourceforge.net:443
2024-09-13 14:15:56,254 [Worker-5: https://sourceforge.net/projects/sapnweclipse/files/updates/site.xml] INFO  o.a.h.c.h.i.c.HttpRequestRetryExec - Recoverable I/O exception (java.net.SocketException) caught when processing request to {s}->https://sourceforge.net:443
2024-09-13 14:15:57,348 [Worker-4: http://sourceforge.net/projects/jasperstudio/files/updatesite/6.2.2/content.jar] INFO  o.a.h.c.h.i.c.HttpRequestRetryExec - Recoverable I/O exception (org.apache.hc.core5.http.NoHttpResponseException) caught when processing request to {}->http://sourceforge.net:80
2024-09-13 14:15:57,379 [Worker-2: http://sourceforge.net/projects/jasperstudio/files/updatesite/6.2.2/content.jar] INFO  o.a.h.c.h.i.c.HttpRequestRetryExec - Recoverable I/O exception (org.apache.hc.core5.http.NoHttpResponseException) caught when processing request to {}->http://sourceforge.net:80
2024-09-13 14:26:24,911 [Worker-2: Loading available Gradle versions] INFO  o.e.b.c.i.u.g.PublishedGradleVersions - Gradle version information cache is up-to-date. Trying to read.
2024-09-13 14:26:31,362 [ForkJoinPool.commonPool-worker-2] INFO  o.s.s.s.o.s.c.s.PostProcessorRegistrationDelegate$BeanPostProcessorChecker - Bean 'sonarLintSpringAppConfig' of type [org.sonarsource.sonarlint.core.spring.SonarLintSpringAppConfig$$EnhancerBySpringCGLIB$$cde77b63] is not eligible for getting processed by all BeanPostProcessors (for example: not eligible for auto-proxying)
2024-09-13 14:26:31,507 [ForkJoinPool.commonPool-worker-2] INFO  o.s.s.s.o.s.c.s.PostProcessorRegistrationDelegate$BeanPostProcessorChecker - Bean 'provideClientEventBus' of type [com.google.common.eventbus.AsyncEventBus] is not eligible for getting processed by all BeanPostProcessors (for example: not eligible for auto-proxying)
2024-09-13 14:37:48,557 [Worker-19: Launching RealtimeWeatherRepositoryTests.testUpdateRealtimeWeather] INFO  o.a.m.s.f.DefaultMavenResourcesFiltering - Copying 1 resource from src\main\resources to target\classes
2024-09-13 14:37:48,585 [Worker-19: Launching RealtimeWeatherRepositoryTests.testUpdateRealtimeWeather] INFO  o.a.m.s.f.DefaultMavenResourcesFiltering - Copying 0 resource from src\main\resources to target\classes
2024-09-13 14:37:48,589 [Worker-19: Launching RealtimeWeatherRepositoryTests.testUpdateRealtimeWeather] INFO  o.a.m.s.f.DefaultMavenResourcesFiltering - skip non existing resourceDirectory D:\project-java-spring\RestApiCourse\WeatherAPIs\WeatherApiProject\WeatherApiCommon\src\test\resources
2024-09-13 14:37:50,022 [Worker-19: Launching RealtimeWeatherRepositoryTests.testUpdateRealtimeWeather] INFO  o.e.m.c.i.p.WorkspaceClassifierResolverManager - Resolving P/WeatherApiCommon: com.weatherapi:weather-api-common:1.0.0 with classifier  to /WeatherApiCommon/target/classes
2024-09-13 14:37:50,125 [Worker-19: Launching RealtimeWeatherRepositoryTests.testUpdateRealtimeWeather] INFO  o.a.m.s.f.DefaultMavenResourcesFiltering - Copying 1 resource from src\main\resources to target\classes
2024-09-13 14:37:50,140 [Worker-19: Launching RealtimeWeatherRepositoryTests.testUpdateRealtimeWeather] INFO  o.a.m.s.f.DefaultMavenResourcesFiltering - Copying 0 resource from src\main\resources to target\classes
2024-09-13 14:37:50,144 [Worker-19: Launching RealtimeWeatherRepositoryTests.testUpdateRealtimeWeather] INFO  o.a.m.s.f.DefaultMavenResourcesFiltering - skip non existing resourceDirectory D:\project-java-spring\RestApiCourse\WeatherAPIs\WeatherApiProject\WeatherApiService\src\test\resources
2024-09-13 14:37:50,600 [Worker-19: Launching RealtimeWeatherRepositoryTests.testUpdateRealtimeWeather] INFO  o.e.m.c.i.p.WorkspaceClassifierResolverManager - Resolving P/WeatherApiCommon: com.weatherapi:weather-api-common:1.0.0 with classifier null to /WeatherApiCommon/target/classes
2024-09-13 14:37:50,900 [Worker-19: Launching RealtimeWeatherRepositoryTests.testUpdateRealtimeWeather] INFO  o.e.m.c.i.p.WorkspaceClassifierResolverManager - Resolving P/WeatherApiCommon: com.weatherapi:weather-api-common:1.0.0 with classifier null to /WeatherApiCommon/target/classes
2024-09-13 14:42:06,180 [Worker-15: Launching RealtimeWeatherRepositoryTests.testFindByLocationCodeNotFound] INFO  o.a.m.s.f.DefaultMavenResourcesFiltering - Copying 0 resource from src\main\resources to target\classes
2024-09-13 14:42:06,180 [Worker-15: Launching RealtimeWeatherRepositoryTests.testFindByLocationCodeNotFound] INFO  o.a.m.s.f.DefaultMavenResourcesFiltering - Copying 0 resource from src\main\resources to target\classes
2024-09-13 14:42:06,183 [Worker-15: Launching RealtimeWeatherRepositoryTests.testFindByLocationCodeNotFound] INFO  o.a.m.s.f.DefaultMavenResourcesFiltering - skip non existing resourceDirectory D:\project-java-spring\RestApiCourse\WeatherAPIs\WeatherApiProject\WeatherApiService\src\test\resources
2024-09-13 14:42:06,390 [Worker-15: Launching RealtimeWeatherRepositoryTests.testFindByLocationCodeNotFound] INFO  o.e.m.c.i.p.WorkspaceClassifierResolverManager - Resolving P/WeatherApiCommon: com.weatherapi:weather-api-common:1.0.0 with classifier null to /WeatherApiCommon/target/classes
2024-09-13 14:42:06,582 [Worker-15: Launching RealtimeWeatherRepositoryTests.testFindByLocationCodeNotFound] INFO  o.e.m.c.i.p.WorkspaceClassifierResolverManager - Resolving P/WeatherApiCommon: com.weatherapi:weather-api-common:1.0.0 with classifier null to /WeatherApiCommon/target/classes
2024-09-13 14:42:37,278 [Worker-14: Launching RealtimeWeatherRepositoryTests.testFindByLocationCodeNotFound] INFO  o.a.m.s.f.DefaultMavenResourcesFiltering - Copying 0 resource from src\main\resources to target\classes
2024-09-13 14:42:37,278 [Worker-14: Launching RealtimeWeatherRepositoryTests.testFindByLocationCodeNotFound] INFO  o.a.m.s.f.DefaultMavenResourcesFiltering - Copying 0 resource from src\main\resources to target\classes
2024-09-13 14:42:37,282 [Worker-14: Launching RealtimeWeatherRepositoryTests.testFindByLocationCodeNotFound] INFO  o.a.m.s.f.DefaultMavenResourcesFiltering - skip non existing resourceDirectory D:\project-java-spring\RestApiCourse\WeatherAPIs\WeatherApiProject\WeatherApiService\src\test\resources
2024-09-13 14:42:37,439 [Worker-14: Launching RealtimeWeatherRepositoryTests.testFindByLocationCodeNotFound] INFO  o.e.m.c.i.p.WorkspaceClassifierResolverManager - Resolving P/WeatherApiCommon: com.weatherapi:weather-api-common:1.0.0 with classifier null to /WeatherApiCommon/target/classes
2024-09-13 14:42:37,566 [Worker-14: Launching RealtimeWeatherRepositoryTests.testFindByLocationCodeNotFound] INFO  o.e.m.c.i.p.WorkspaceClassifierResolverManager - Resolving P/WeatherApiCommon: com.weatherapi:weather-api-common:1.0.0 with classifier null to /WeatherApiCommon/target/classes
2024-09-13 14:46:51,567 [Worker-22: Launching RealtimeWeatherRepositoryTests.testFindBYLocationCodeFound] INFO  o.a.m.s.f.DefaultMavenResourcesFiltering - Copying 0 resource from src\main\resources to target\classes
2024-09-13 14:46:51,570 [Worker-22: Launching RealtimeWeatherRepositoryTests.testFindBYLocationCodeFound] INFO  o.a.m.s.f.DefaultMavenResourcesFiltering - Copying 0 resource from src\main\resources to target\classes
2024-09-13 14:46:51,573 [Worker-22: Launching RealtimeWeatherRepositoryTests.testFindBYLocationCodeFound] INFO  o.a.m.s.f.DefaultMavenResourcesFiltering - skip non existing resourceDirectory D:\project-java-spring\RestApiCourse\WeatherAPIs\WeatherApiProject\WeatherApiService\src\test\resources
2024-09-13 14:46:51,833 [Worker-22: Launching RealtimeWeatherRepositoryTests.testFindBYLocationCodeFound] INFO  o.e.m.c.i.p.WorkspaceClassifierResolverManager - Resolving P/WeatherApiCommon: com.weatherapi:weather-api-common:1.0.0 with classifier null to /WeatherApiCommon/target/classes
2024-09-13 14:46:51,974 [Worker-22: Launching RealtimeWeatherRepositoryTests.testFindBYLocationCodeFound] INFO  o.e.m.c.i.p.WorkspaceClassifierResolverManager - Resolving P/WeatherApiCommon: com.weatherapi:weather-api-common:1.0.0 with classifier null to /WeatherApiCommon/target/classes
2024-09-13 14:47:53,359 [Worker-23: https://eclipse.schedenig.name/p2.index] INFO  o.a.h.c.h.i.c.HttpRequestRetryExec - Recoverable I/O exception (java.net.SocketException) caught when processing request to {s}->https://eclipse.schedenig.name:443
2024-09-13 14:47:54,012 [Worker-15: https://eclipse.schedenig.name/p2.index] INFO  o.a.h.c.h.i.c.HttpRequestRetryExec - Recoverable I/O exception (java.net.SocketException) caught when processing request to {s}->https://eclipse.schedenig.name:443
2024-09-13 14:47:54,384 [Worker-22: https://eclipse.schedenig.name/compositeContent.jar] INFO  o.a.h.c.h.i.c.HttpRequestRetryExec - Recoverable I/O exception (java.net.SocketException) caught when processing request to {s}->https://eclipse.schedenig.name:443
2024-09-13 14:47:54,761 [Worker-20: https://eclipse.schedenig.name/compositeContent.xml] INFO  o.a.h.c.h.i.c.HttpRequestRetryExec - Recoverable I/O exception (java.net.SocketException) caught when processing request to {s}->https://eclipse.schedenig.name:443
2024-09-13 14:48:11,364 [Worker-15: http://sourceforge.net/projects/ireport/files/ireport/5.6.0/content.jar] INFO  o.a.h.c.h.i.c.HttpRequestRetryExec - Recoverable I/O exception (org.apache.hc.core5.http.NoHttpResponseException) caught when processing request to {}->http://sourceforge.net:80
2024-09-13 14:48:11,459 [Worker-24: http://sourceforge.net/projects/ireport/files/ireport/5.6.0/content.jar] INFO  o.a.h.c.h.i.c.HttpRequestRetryExec - Recoverable I/O exception (org.apache.hc.core5.http.NoHttpResponseException) caught when processing request to {}->http://sourceforge.net:80
2024-09-13 14:49:14,790 [Worker-15: https://sourceforge.net/projects/ireport/files/iReport/iReport-5.6.0/p2.index] INFO  o.a.h.c.h.i.c.HttpRequestRetryExec - Recoverable I/O exception (java.net.SocketException) caught when processing request to {s}->https://sourceforge.net:443
2024-09-13 14:49:15,088 [Worker-14: https://sourceforge.net/projects/ireport/files/iReport/iReport-5.6.0/p2.index] INFO  o.a.h.c.h.i.c.HttpRequestRetryExec - Recoverable I/O exception (java.net.SocketException) caught when processing request to {s}->https://sourceforge.net:443
2024-09-13 14:49:15,166 [Worker-24: https://sourceforge.net/projects/ireport/files/iReport/iReport-5.6.0/content.jar] INFO  o.a.h.c.h.i.c.HttpRequestRetryExec - Recoverable I/O exception (java.net.SocketException) caught when processing request to {s}->https://sourceforge.net:443
2024-09-13 14:49:15,244 [Worker-19: https://sourceforge.net/projects/ireport/files/iReport/iReport-5.6.0/content.xml] INFO  o.a.h.c.h.i.c.HttpRequestRetryExec - Recoverable I/O exception (java.net.SocketException) caught when processing request to {s}->https://sourceforge.net:443
2024-09-13 14:49:20,229 [Worker-21: https://sourceforge.net/projects/jasperstudio/files/updatesite/6.2.2/p2.index] INFO  o.a.h.c.h.i.c.HttpRequestRetryExec - Recoverable I/O exception (java.net.SocketException) caught when processing request to {s}->https://sourceforge.net:443
2024-09-13 14:49:20,751 [Worker-18: https://sourceforge.net/projects/jasperstudio/files/updatesite/6.2.2/p2.index] INFO  o.a.h.c.h.i.c.HttpRequestRetryExec - Recoverable I/O exception (java.net.SocketException) caught when processing request to {s}->https://sourceforge.net:443
2024-09-13 14:49:20,813 [Worker-24: https://sourceforge.net/projects/jasperstudio/files/updatesite/6.2.2/content.jar] INFO  o.a.h.c.h.i.c.HttpRequestRetryExec - Recoverable I/O exception (java.net.SocketException) caught when processing request to {s}->https://sourceforge.net:443
2024-09-13 14:49:20,876 [Worker-22: https://sourceforge.net/projects/jasperstudio/files/updatesite/6.2.2/content.xml] INFO  o.a.h.c.h.i.c.HttpRequestRetryExec - Recoverable I/O exception (java.net.SocketException) caught when processing request to {s}->https://sourceforge.net:443
2024-09-13 14:58:40,146 [Worker-26: Launching RealtimeWeatherRepositoryTests.testFindByTrashedLocationNotFound] INFO  o.a.m.s.f.DefaultMavenResourcesFiltering - Copying 0 resource from src\main\resources to target\classes
2024-09-13 14:58:40,643 [Worker-26: Launching RealtimeWeatherRepositoryTests.testFindByTrashedLocationNotFound] INFO  o.a.m.s.f.DefaultMavenResourcesFiltering - Copying 0 resource from src\main\resources to target\classes
2024-09-13 14:58:40,646 [Worker-26: Launching RealtimeWeatherRepositoryTests.testFindByTrashedLocationNotFound] INFO  o.a.m.s.f.DefaultMavenResourcesFiltering - skip non existing resourceDirectory D:\project-java-spring\RestApiCourse\WeatherAPIs\WeatherApiProject\WeatherApiService\src\test\resources
2024-09-13 14:58:41,388 [Worker-26: Launching RealtimeWeatherRepositoryTests.testFindByTrashedLocationNotFound] INFO  o.e.m.c.i.p.WorkspaceClassifierResolverManager - Resolving P/WeatherApiCommon: com.weatherapi:weather-api-common:1.0.0 with classifier null to /WeatherApiCommon/target/classes
2024-09-13 14:58:41,554 [Worker-26: Launching RealtimeWeatherRepositoryTests.testFindByTrashedLocationNotFound] INFO  o.e.m.c.i.p.WorkspaceClassifierResolverManager - Resolving P/WeatherApiCommon: com.weatherapi:weather-api-common:1.0.0 with classifier null to /WeatherApiCommon/target/classes
2024-09-13 15:00:01,479 [Worker-26: Launching RealtimeWeatherRepositoryTests.testFindByTrashedLocationNotFound] INFO  o.e.m.c.i.p.WorkspaceClassifierResolverManager - Resolving P/WeatherApiCommon: com.weatherapi:weather-api-common:1.0.0 with classifier null to /WeatherApiCommon/target/classes
2024-09-13 15:00:01,614 [Worker-26: Launching RealtimeWeatherRepositoryTests.testFindByTrashedLocationNotFound] INFO  o.e.m.c.i.p.WorkspaceClassifierResolverManager - Resolving P/WeatherApiCommon: com.weatherapi:weather-api-common:1.0.0 with classifier null to /WeatherApiCommon/target/classes
2024-09-13 15:01:11,043 [Worker-22: Launching RealtimeWeatherRepositoryTests.testFindBYLocationCodeFound] INFO  o.e.m.c.i.p.WorkspaceClassifierResolverManager - Resolving P/WeatherApiCommon: com.weatherapi:weather-api-common:1.0.0 with classifier null to /WeatherApiCommon/target/classes
2024-09-13 15:01:11,177 [Worker-22: Launching RealtimeWeatherRepositoryTests.testFindBYLocationCodeFound] INFO  o.e.m.c.i.p.WorkspaceClassifierResolverManager - Resolving P/WeatherApiCommon: com.weatherapi:weather-api-common:1.0.0 with classifier null to /WeatherApiCommon/target/classes
2024-09-13 15:01:32,508 [Worker-22: https://sourceforge.net/projects/jasperstudio/files/updatesite/6.3.0/p2.index] INFO  o.a.h.c.h.i.c.HttpRequestRetryExec - Recoverable I/O exception (java.net.SocketException) caught when processing request to {s}->https://sourceforge.net:443
2024-09-13 15:01:33,813 [Worker-28: https://sourceforge.net/projects/jasperstudio/files/updatesite/6.3.0/p2.index] INFO  o.a.h.c.h.i.c.HttpRequestRetryExec - Recoverable I/O exception (java.net.SocketException) caught when processing request to {s}->https://sourceforge.net:443
2024-09-13 15:01:33,906 [Worker-29: https://sourceforge.net/projects/jasperstudio/files/updatesite/6.3.0/content.jar] INFO  o.a.h.c.h.i.c.HttpRequestRetryExec - Recoverable I/O exception (java.net.SocketException) caught when processing request to {s}->https://sourceforge.net:443
2024-09-13 15:01:33,996 [Worker-22: https://sourceforge.net/projects/jasperstudio/files/updatesite/6.3.0/content.xml] INFO  o.a.h.c.h.i.c.HttpRequestRetryExec - Recoverable I/O exception (java.net.SocketException) caught when processing request to {s}->https://sourceforge.net:443
2024-09-13 15:01:46,177 [Worker-20: https://sourceforge.net/projects/ireport/files/iReport/iReport-5.6.0/iReport-5.6.0-windows-installer.exe/download/p2.index] INFO  o.a.h.c.h.i.c.HttpRequestRetryExec - Recoverable I/O exception (java.net.SocketException) caught when processing request to {s}->https://sourceforge.net:443
2024-09-13 15:01:46,446 [Worker-18: https://sourceforge.net/projects/ireport/files/iReport/iReport-5.6.0/iReport-5.6.0-windows-installer.exe/download/p2.index] INFO  o.a.h.c.h.i.c.HttpRequestRetryExec - Recoverable I/O exception (java.net.SocketException) caught when processing request to {s}->https://sourceforge.net:443
2024-09-13 15:01:46,509 [Worker-20: https://sourceforge.net/projects/ireport/files/iReport/iReport-5.6.0/iReport-5.6.0-windows-installer.exe/download/content.jar] INFO  o.a.h.c.h.i.c.HttpRequestRetryExec - Recoverable I/O exception (java.net.SocketException) caught when processing request to {s}->https://sourceforge.net:443
2024-09-13 15:01:46,565 [Worker-24: https://sourceforge.net/projects/ireport/files/iReport/iReport-5.6.0/iReport-5.6.0-windows-installer.exe/download/content.xml] INFO  o.a.h.c.h.i.c.HttpRequestRetryExec - Recoverable I/O exception (java.net.SocketException) caught when processing request to {s}->https://sourceforge.net:443
2024-09-13 15:03:07,643 [Worker-25: https://sourceforge.net/projects/sapnweclipse/files/updates/p2.index] INFO  o.a.h.c.h.i.c.HttpRequestRetryExec - Recoverable I/O exception (java.net.SocketException) caught when processing request to {s}->https://sourceforge.net:443
2024-09-13 15:03:07,904 [Worker-22: https://sourceforge.net/projects/sapnweclipse/files/updates/p2.index] INFO  o.a.h.c.h.i.c.HttpRequestRetryExec - Recoverable I/O exception (java.net.SocketException) caught when processing request to {s}->https://sourceforge.net:443
2024-09-13 15:03:07,961 [Worker-27: https://sourceforge.net/projects/sapnweclipse/files/updates/site.xml] INFO  o.a.h.c.h.i.c.HttpRequestRetryExec - Recoverable I/O exception (java.net.SocketException) caught when processing request to {s}->https://sourceforge.net:443
2024-09-13 15:03:08,228 [Worker-29: https://sourceforge.net/projects/sapnweclipse/files/updates/site.xml] INFO  o.a.h.c.h.i.c.HttpRequestRetryExec - Recoverable I/O exception (java.net.SocketException) caught when processing request to {s}->https://sourceforge.net:443
2024-09-13 15:03:11,616 [Worker-29: http://sourceforge.net/projects/jasperstudio/files/updatesite/6.2.2/content.jar] INFO  o.a.h.c.h.i.c.HttpRequestRetryExec - Recoverable I/O exception (org.apache.hc.core5.http.NoHttpResponseException) caught when processing request to {}->http://sourceforge.net:80
2024-09-13 15:03:11,652 [Worker-26: http://sourceforge.net/projects/jasperstudio/files/updatesite/6.2.2/content.jar] INFO  o.a.h.c.h.i.c.HttpRequestRetryExec - Recoverable I/O exception (org.apache.hc.core5.http.NoHttpResponseException) caught when processing request to {}->http://sourceforge.net:80
2024-09-13 15:05:06,476 [Worker-18: https://eclipse.schedenig.name/p2.index] INFO  o.a.h.c.h.i.c.HttpRequestRetryExec - Recoverable I/O exception (java.net.SocketException) caught when processing request to {s}->https://eclipse.schedenig.name:443
2024-09-13 15:05:07,050 [Worker-24: https://eclipse.schedenig.name/p2.index] INFO  o.a.h.c.h.i.c.HttpRequestRetryExec - Recoverable I/O exception (java.net.SocketException) caught when processing request to {s}->https://eclipse.schedenig.name:443
2024-09-13 15:05:07,412 [Worker-29: https://eclipse.schedenig.name/compositeContent.jar] INFO  o.a.h.c.h.i.c.HttpRequestRetryExec - Recoverable I/O exception (java.net.SocketException) caught when processing request to {s}->https://eclipse.schedenig.name:443
2024-09-13 15:05:07,780 [Worker-18: https://eclipse.schedenig.name/compositeContent.xml] INFO  o.a.h.c.h.i.c.HttpRequestRetryExec - Recoverable I/O exception (java.net.SocketException) caught when processing request to {s}->https://eclipse.schedenig.name:443
2024-09-13 15:05:08,013 [Worker-28: http://sourceforge.net/projects/ireport/files/ireport/5.6.0/content.jar] INFO  o.a.h.c.h.i.c.HttpRequestRetryExec - Recoverable I/O exception (org.apache.hc.core5.http.NoHttpResponseException) caught when processing request to {}->http://sourceforge.net:80
2024-09-13 15:05:08,040 [Worker-24: http://sourceforge.net/projects/ireport/files/ireport/5.6.0/content.jar] INFO  o.a.h.c.h.i.c.HttpRequestRetryExec - Recoverable I/O exception (org.apache.hc.core5.http.NoHttpResponseException) caught when processing request to {}->http://sourceforge.net:80
2024-09-13 15:05:08,103 [Worker-28: https://sourceforge.net/projects/ireport/files/iReport/iReport-5.6.0/p2.index] INFO  o.a.h.c.h.i.c.HttpRequestRetryExec - Recoverable I/O exception (java.net.SocketException) caught when processing request to {s}->https://sourceforge.net:443
2024-09-13 15:05:08,348 [Worker-24: https://sourceforge.net/projects/ireport/files/iReport/iReport-5.6.0/p2.index] INFO  o.a.h.c.h.i.c.HttpRequestRetryExec - Recoverable I/O exception (java.net.SocketException) caught when processing request to {s}->https://sourceforge.net:443
2024-09-13 15:05:08,398 [Worker-28: https://sourceforge.net/projects/ireport/files/iReport/iReport-5.6.0/content.jar] INFO  o.a.h.c.h.i.c.HttpRequestRetryExec - Recoverable I/O exception (java.net.SocketException) caught when processing request to {s}->https://sourceforge.net:443
2024-09-13 15:05:08,449 [Worker-22: https://sourceforge.net/projects/ireport/files/iReport/iReport-5.6.0/content.xml] INFO  o.a.h.c.h.i.c.HttpRequestRetryExec - Recoverable I/O exception (java.net.SocketException) caught when processing request to {s}->https://sourceforge.net:443
2024-09-13 15:05:09,501 [Worker-29: https://sourceforge.net/projects/jasperstudio/files/updatesite/6.2.2/p2.index] INFO  o.a.h.c.h.i.c.HttpRequestRetryExec - Recoverable I/O exception (java.net.SocketException) caught when processing request to {s}->https://sourceforge.net:443
2024-09-13 15:05:09,761 [Worker-28: https://sourceforge.net/projects/jasperstudio/files/updatesite/6.2.2/p2.index] INFO  o.a.h.c.h.i.c.HttpRequestRetryExec - Recoverable I/O exception (java.net.SocketException) caught when processing request to {s}->https://sourceforge.net:443
2024-09-13 15:05:09,805 [Worker-20: https://sourceforge.net/projects/jasperstudio/files/updatesite/6.2.2/content.jar] INFO  o.a.h.c.h.i.c.HttpRequestRetryExec - Recoverable I/O exception (java.net.SocketException) caught when processing request to {s}->https://sourceforge.net:443
2024-09-13 15:05:09,901 [Worker-24: https://sourceforge.net/projects/jasperstudio/files/updatesite/6.2.2/content.xml] INFO  o.a.h.c.h.i.c.HttpRequestRetryExec - Recoverable I/O exception (java.net.SocketException) caught when processing request to {s}->https://sourceforge.net:443
2024-09-13 15:05:19,813 [Worker-20: https://sourceforge.net/projects/jasperstudio/files/updatesite/6.3.0/p2.index] INFO  o.a.h.c.h.i.c.HttpRequestRetryExec - Recoverable I/O exception (java.net.SocketException) caught when processing request to {s}->https://sourceforge.net:443
2024-09-13 15:05:20,080 [Worker-27: https://sourceforge.net/projects/jasperstudio/files/updatesite/6.3.0/p2.index] INFO  o.a.h.c.h.i.c.HttpRequestRetryExec - Recoverable I/O exception (java.net.SocketException) caught when processing request to {s}->https://sourceforge.net:443
2024-09-13 15:05:20,146 [Worker-22: https://sourceforge.net/projects/jasperstudio/files/updatesite/6.3.0/content.jar] INFO  o.a.h.c.h.i.c.HttpRequestRetryExec - Recoverable I/O exception (java.net.SocketException) caught when processing request to {s}->https://sourceforge.net:443
2024-09-13 15:05:20,196 [Worker-26: https://sourceforge.net/projects/jasperstudio/files/updatesite/6.3.0/content.xml] INFO  o.a.h.c.h.i.c.HttpRequestRetryExec - Recoverable I/O exception (java.net.SocketException) caught when processing request to {s}->https://sourceforge.net:443
2024-09-13 15:05:20,247 [Worker-24: https://sourceforge.net/projects/ireport/files/iReport/iReport-5.6.0/iReport-5.6.0-windows-installer.exe/download/p2.index] INFO  o.a.h.c.h.i.c.HttpRequestRetryExec - Recoverable I/O exception (java.net.SocketException) caught when processing request to {s}->https://sourceforge.net:443
2024-09-13 15:05:20,500 [Worker-27: https://sourceforge.net/projects/ireport/files/iReport/iReport-5.6.0/iReport-5.6.0-windows-installer.exe/download/p2.index] INFO  o.a.h.c.h.i.c.HttpRequestRetryExec - Recoverable I/O exception (java.net.SocketException) caught when processing request to {s}->https://sourceforge.net:443
2024-09-13 15:05:20,548 [Worker-20: https://sourceforge.net/projects/ireport/files/iReport/iReport-5.6.0/iReport-5.6.0-windows-installer.exe/download/content.jar] INFO  o.a.h.c.h.i.c.HttpRequestRetryExec - Recoverable I/O exception (java.net.SocketException) caught when processing request to {s}->https://sourceforge.net:443
2024-09-13 15:05:20,597 [Worker-28: https://sourceforge.net/projects/ireport/files/iReport/iReport-5.6.0/iReport-5.6.0-windows-installer.exe/download/content.xml] INFO  o.a.h.c.h.i.c.HttpRequestRetryExec - Recoverable I/O exception (java.net.SocketException) caught when processing request to {s}->https://sourceforge.net:443
2024-09-13 15:05:20,650 [Worker-25: https://sourceforge.net/projects/sapnweclipse/files/updates/p2.index] INFO  o.a.h.c.h.i.c.HttpRequestRetryExec - Recoverable I/O exception (java.net.SocketException) caught when processing request to {s}->https://sourceforge.net:443
2024-09-13 15:05:20,912 [Worker-18: https://sourceforge.net/projects/sapnweclipse/files/updates/p2.index] INFO  o.a.h.c.h.i.c.HttpRequestRetryExec - Recoverable I/O exception (java.net.SocketException) caught when processing request to {s}->https://sourceforge.net:443
2024-09-13 15:05:20,999 [Worker-20: https://sourceforge.net/projects/sapnweclipse/files/updates/site.xml] INFO  o.a.h.c.h.i.c.HttpRequestRetryExec - Recoverable I/O exception (java.net.SocketException) caught when processing request to {s}->https://sourceforge.net:443
2024-09-13 15:05:21,257 [Worker-28: https://sourceforge.net/projects/sapnweclipse/files/updates/site.xml] INFO  o.a.h.c.h.i.c.HttpRequestRetryExec - Recoverable I/O exception (java.net.SocketException) caught when processing request to {s}->https://sourceforge.net:443
2024-09-13 15:05:21,331 [Worker-24: http://sourceforge.net/projects/jasperstudio/files/updatesite/6.2.2/content.jar] INFO  o.a.h.c.h.i.c.HttpRequestRetryExec - Recoverable I/O exception (org.apache.hc.core5.http.NoHttpResponseException) caught when processing request to {}->http://sourceforge.net:80
2024-09-13 15:05:21,359 [Worker-29: http://sourceforge.net/projects/jasperstudio/files/updatesite/6.2.2/content.jar] INFO  o.a.h.c.h.i.c.HttpRequestRetryExec - Recoverable I/O exception (org.apache.hc.core5.http.NoHttpResponseException) caught when processing request to {}->http://sourceforge.net:80
2024-09-13 15:31:25,980 [Worker-35: Launching RealtimeWeatherApiControllerTests.testGetByLocationCodeShouldReturnStatus404NotFound] INFO  o.a.m.s.f.DefaultMavenResourcesFiltering - Copying 1 resource from src\main\resources to target\classes
2024-09-13 15:31:26,297 [Worker-35: Launching RealtimeWeatherApiControllerTests.testGetByLocationCodeShouldReturnStatus404NotFound] INFO  o.a.m.s.f.DefaultMavenResourcesFiltering - Copying 0 resource from src\main\resources to target\classes
2024-09-13 15:31:26,302 [Worker-35: Launching RealtimeWeatherApiControllerTests.testGetByLocationCodeShouldReturnStatus404NotFound] INFO  o.a.m.s.f.DefaultMavenResourcesFiltering - skip non existing resourceDirectory D:\project-java-spring\RestApiCourse\WeatherAPIs\WeatherApiProject\WeatherApiService\src\test\resources
2024-09-13 15:31:26,815 [Worker-35: Launching RealtimeWeatherApiControllerTests.testGetByLocationCodeShouldReturnStatus404NotFound] INFO  o.e.m.c.i.p.WorkspaceClassifierResolverManager - Resolving P/WeatherApiCommon: com.weatherapi:weather-api-common:1.0.0 with classifier null to /WeatherApiCommon/target/classes
2024-09-13 15:31:27,014 [Worker-35: Launching RealtimeWeatherApiControllerTests.testGetByLocationCodeShouldReturnStatus404NotFound] INFO  o.e.m.c.i.p.WorkspaceClassifierResolverManager - Resolving P/WeatherApiCommon: com.weatherapi:weather-api-common:1.0.0 with classifier null to /WeatherApiCommon/target/classes
2024-09-13 16:23:26,664 [Worker-41: Launching RealtimeWeatherApiControllerTests.testGetByLocationCodeShouldReturnStatus200OK] INFO  o.a.m.s.f.DefaultMavenResourcesFiltering - Copying 0 resource from src\main\resources to target\classes
2024-09-13 16:23:26,668 [Worker-41: Launching RealtimeWeatherApiControllerTests.testGetByLocationCodeShouldReturnStatus200OK] INFO  o.a.m.s.f.DefaultMavenResourcesFiltering - Copying 0 resource from src\main\resources to target\classes
2024-09-13 16:23:26,674 [Worker-41: Launching RealtimeWeatherApiControllerTests.testGetByLocationCodeShouldReturnStatus200OK] INFO  o.a.m.s.f.DefaultMavenResourcesFiltering - skip non existing resourceDirectory D:\project-java-spring\RestApiCourse\WeatherAPIs\WeatherApiProject\WeatherApiService\src\test\resources
2024-09-13 16:23:27,047 [Worker-41: Launching RealtimeWeatherApiControllerTests.testGetByLocationCodeShouldReturnStatus200OK] INFO  o.e.m.c.i.p.WorkspaceClassifierResolverManager - Resolving P/WeatherApiCommon: com.weatherapi:weather-api-common:1.0.0 with classifier null to /WeatherApiCommon/target/classes
2024-09-13 16:23:27,233 [Worker-41: Launching RealtimeWeatherApiControllerTests.testGetByLocationCodeShouldReturnStatus200OK] INFO  o.e.m.c.i.p.WorkspaceClassifierResolverManager - Resolving P/WeatherApiCommon: com.weatherapi:weather-api-common:1.0.0 with classifier null to /WeatherApiCommon/target/classes
2024-09-13 16:25:04,796 [Worker-41: Launching WeatherApiService - WeatherApiServiceApplication] INFO  o.e.m.c.i.p.WorkspaceClassifierResolverManager - Resolving P/WeatherApiCommon: com.weatherapi:weather-api-common:1.0.0 with classifier null to /WeatherApiCommon/target/classes
2024-09-13 16:25:04,943 [Worker-41: Launching WeatherApiService - WeatherApiServiceApplication] INFO  o.e.m.c.i.p.WorkspaceClassifierResolverManager - Resolving P/WeatherApiCommon: com.weatherapi:weather-api-common:1.0.0 with classifier null to /WeatherApiCommon/target/classes
2024-09-13 16:25:05,087 [Worker-41: Launching WeatherApiService - WeatherApiServiceApplication] INFO  o.e.m.c.i.p.WorkspaceClassifierResolverManager - Resolving P/WeatherApiCommon: com.weatherapi:weather-api-common:1.0.0 with classifier null to /WeatherApiCommon/target/classes
2024-09-17 10:45:20,127 [ForkJoinPool.commonPool-worker-6] INFO  o.s.s.s.o.s.c.s.PostProcessorRegistrationDelegate$BeanPostProcessorChecker - Bean 'sonarLintSpringAppConfig' of type [org.sonarsource.sonarlint.core.spring.SonarLintSpringAppConfig$$EnhancerBySpringCGLIB$$33707f87] is not eligible for getting processed by all BeanPostProcessors (for example: not eligible for auto-proxying)
2024-09-17 10:45:20,725 [ForkJoinPool.commonPool-worker-6] INFO  o.s.s.s.o.s.c.s.PostProcessorRegistrationDelegate$BeanPostProcessorChecker - Bean 'provideClientEventBus' of type [com.google.common.eventbus.AsyncEventBus] is not eligible for getting processed by all BeanPostProcessors (for example: not eligible for auto-proxying)
2024-09-17 10:45:30,559 [Worker-9: Loading available Gradle versions] INFO  o.e.b.c.i.u.g.PublishedGradleVersions - Gradle version information cache is up-to-date. Trying to read.
2024-09-17 10:58:39,028 [Worker-5: Loading available Gradle versions] INFO  o.e.b.c.i.u.g.PublishedGradleVersions - Gradle version information cache is up-to-date. Trying to read.
2024-09-17 10:58:43,870 [ForkJoinPool.commonPool-worker-6] INFO  o.s.s.s.o.s.c.s.PostProcessorRegistrationDelegate$BeanPostProcessorChecker - Bean 'sonarLintSpringAppConfig' of type [org.sonarsource.sonarlint.core.spring.SonarLintSpringAppConfig$$EnhancerBySpringCGLIB$$986a7411] is not eligible for getting processed by all BeanPostProcessors (for example: not eligible for auto-proxying)
2024-09-17 10:58:46,738 [ForkJoinPool.commonPool-worker-6] INFO  o.s.s.s.o.s.c.s.PostProcessorRegistrationDelegate$BeanPostProcessorChecker - Bean 'provideClientEventBus' of type [com.google.common.eventbus.AsyncEventBus] is not eligible for getting processed by all BeanPostProcessors (for example: not eligible for auto-proxying)
2024-09-17 13:14:36,673 [Worker-4: Loading available Gradle versions] INFO  o.e.b.c.i.u.g.PublishedGradleVersions - Gradle version information cache is up-to-date. Trying to read.
2024-09-17 13:14:40,507 [ForkJoinPool.commonPool-worker-7] INFO  o.s.s.s.o.s.c.s.PostProcessorRegistrationDelegate$BeanPostProcessorChecker - Bean 'sonarLintSpringAppConfig' of type [org.sonarsource.sonarlint.core.spring.SonarLintSpringAppConfig$$EnhancerBySpringCGLIB$$267abbfb] is not eligible for getting processed by all BeanPostProcessors (for example: not eligible for auto-proxying)
2024-09-17 13:14:40,687 [ForkJoinPool.commonPool-worker-7] INFO  o.s.s.s.o.s.c.s.PostProcessorRegistrationDelegate$BeanPostProcessorChecker - Bean 'provideClientEventBus' of type [com.google.common.eventbus.AsyncEventBus] is not eligible for getting processed by all BeanPostProcessors (for example: not eligible for auto-proxying)
2024-09-17 13:42:34,692 [Worker-29: https://download.eclipse.org/tools/orbit/downloads/drops/S20230516204213/repository/content.xml.xz] INFO  o.a.h.c.h.i.c.HttpRequestRetryExec - Recoverable I/O exception (java.net.SocketException) caught when processing request to {s}->https://download.eclipse.org:443
2024-09-17 13:48:21,157 [Worker-6: Loading available Gradle versions] INFO  o.e.b.c.i.u.g.PublishedGradleVersions - Gradle version information cache is up-to-date. Trying to read.
2024-09-17 13:48:24,940 [ForkJoinPool.commonPool-worker-4] INFO  o.s.s.s.o.s.c.s.PostProcessorRegistrationDelegate$BeanPostProcessorChecker - Bean 'sonarLintSpringAppConfig' of type [org.sonarsource.sonarlint.core.spring.SonarLintSpringAppConfig$$EnhancerBySpringCGLIB$$6b4dfe05] is not eligible for getting processed by all BeanPostProcessors (for example: not eligible for auto-proxying)
2024-09-17 13:48:25,079 [ForkJoinPool.commonPool-worker-4] INFO  o.s.s.s.o.s.c.s.PostProcessorRegistrationDelegate$BeanPostProcessorChecker - Bean 'provideClientEventBus' of type [com.google.common.eventbus.AsyncEventBus] is not eligible for getting processed by all BeanPostProcessors (for example: not eligible for auto-proxying)
2024-09-17 13:56:27,598 [Worker-2: Cleaning all projects] INFO  o.e.m.c.i.p.WorkspaceClassifierResolverManager - Resolving P/WeatherApiCommon: com.weatherapi:weather-api-common:1.0.0 with classifier  to /WeatherApiCommon/target/classes
2024-09-17 13:56:28,025 [Worker-1: Building Workspace] INFO  o.a.m.s.f.DefaultMavenResourcesFiltering - Copying 1 resource from src\main\resources to target\classes
2024-09-17 13:56:28,046 [Worker-1: Building Workspace] INFO  o.a.m.s.f.DefaultMavenResourcesFiltering - Copying 0 resource from src\main\resources to target\classes
2024-09-17 13:56:28,050 [Worker-1: Building Workspace] INFO  o.a.m.s.f.DefaultMavenResourcesFiltering - skip non existing resourceDirectory D:\project-java-spring\RestApiCourse\WeatherAPIs\WeatherApiProject\WeatherApiCommon\src\test\resources
2024-09-17 13:56:30,320 [Worker-1: Building Workspace] INFO  o.a.m.s.f.DefaultMavenResourcesFiltering - Copying 1 resource from src\main\resources to target\classes
2024-09-17 13:56:30,472 [Worker-1: Building Workspace] INFO  o.a.m.s.f.DefaultMavenResourcesFiltering - Copying 0 resource from src\main\resources to target\classes
2024-09-17 13:56:30,482 [Worker-1: Building Workspace] INFO  o.a.m.s.f.DefaultMavenResourcesFiltering - skip non existing resourceDirectory D:\project-java-spring\RestApiCourse\WeatherAPIs\WeatherApiProject\WeatherApiService\src\test\resources
2024-09-17 15:51:37,706 [Worker-30: Launching RealtimeWeatherApiControllerTests.testUpdateShouldReturn400BadRequest] INFO  o.a.m.s.f.DefaultMavenResourcesFiltering - Copying 0 resource from src\main\resources to target\classes
2024-09-17 15:51:37,707 [Worker-30: Launching RealtimeWeatherApiControllerTests.testUpdateShouldReturn400BadRequest] INFO  o.a.m.s.f.DefaultMavenResourcesFiltering - Copying 0 resource from src\main\resources to target\classes
2024-09-17 15:51:37,711 [Worker-30: Launching RealtimeWeatherApiControllerTests.testUpdateShouldReturn400BadRequest] INFO  o.a.m.s.f.DefaultMavenResourcesFiltering - skip non existing resourceDirectory D:\project-java-spring\RestApiCourse\WeatherAPIs\WeatherApiProject\WeatherApiService\src\test\resources
2024-09-17 15:51:38,275 [Worker-30: Launching RealtimeWeatherApiControllerTests.testUpdateShouldReturn400BadRequest] INFO  o.e.m.c.i.p.WorkspaceClassifierResolverManager - Resolving P/WeatherApiCommon: com.weatherapi:weather-api-common:1.0.0 with classifier null to /WeatherApiCommon/target/classes
2024-09-17 15:51:38,514 [Worker-30: Launching RealtimeWeatherApiControllerTests.testUpdateShouldReturn400BadRequest] INFO  o.e.m.c.i.p.WorkspaceClassifierResolverManager - Resolving P/WeatherApiCommon: com.weatherapi:weather-api-common:1.0.0 with classifier null to /WeatherApiCommon/target/classes
2024-09-17 15:58:05,687 [Worker-51: Launching RealtimeWeatherApiControllerTests.testUpdateShouldReturn400BadRequest] INFO  o.a.m.s.f.DefaultMavenResourcesFiltering - Copying 1 resource from src\main\resources to target\classes
2024-09-17 15:58:05,756 [Worker-51: Launching RealtimeWeatherApiControllerTests.testUpdateShouldReturn400BadRequest] INFO  o.a.m.s.f.DefaultMavenResourcesFiltering - Copying 0 resource from src\main\resources to target\classes
2024-09-17 15:58:05,759 [Worker-51: Launching RealtimeWeatherApiControllerTests.testUpdateShouldReturn400BadRequest] INFO  o.a.m.s.f.DefaultMavenResourcesFiltering - skip non existing resourceDirectory D:\project-java-spring\RestApiCourse\WeatherAPIs\WeatherApiProject\WeatherApiCommon\src\test\resources
2024-09-17 15:58:06,493 [Worker-51: Launching RealtimeWeatherApiControllerTests.testUpdateShouldReturn400BadRequest] INFO  o.e.m.c.i.p.WorkspaceClassifierResolverManager - Resolving P/WeatherApiCommon: com.weatherapi:weather-api-common:1.0.0 with classifier null to /WeatherApiCommon/target/classes
2024-09-17 15:58:06,665 [Worker-51: Launching RealtimeWeatherApiControllerTests.testUpdateShouldReturn400BadRequest] INFO  o.e.m.c.i.p.WorkspaceClassifierResolverManager - Resolving P/WeatherApiCommon: com.weatherapi:weather-api-common:1.0.0 with classifier null to /WeatherApiCommon/target/classes
2024-09-17 16:05:13,058 [Worker-49: Launching RealtimeWeatherApiControllerTests.testUpdateShouldReturn400BadRequest] INFO  o.a.m.s.f.DefaultMavenResourcesFiltering - Copying 1 resource from src\main\resources to target\classes
2024-09-17 16:05:13,185 [Worker-49: Launching RealtimeWeatherApiControllerTests.testUpdateShouldReturn400BadRequest] INFO  o.a.m.s.f.DefaultMavenResourcesFiltering - Copying 0 resource from src\main\resources to target\classes
2024-09-17 16:05:13,195 [Worker-49: Launching RealtimeWeatherApiControllerTests.testUpdateShouldReturn400BadRequest] INFO  o.a.m.s.f.DefaultMavenResourcesFiltering - skip non existing resourceDirectory D:\project-java-spring\RestApiCourse\WeatherAPIs\WeatherApiProject\WeatherApiCommon\src\test\resources
2024-09-17 16:05:13,531 [Worker-49: Launching RealtimeWeatherApiControllerTests.testUpdateShouldReturn400BadRequest] INFO  o.a.m.s.f.DefaultMavenResourcesFiltering - Copying 1 resource from src\main\resources to target\classes
2024-09-17 16:05:13,640 [Worker-49: Launching RealtimeWeatherApiControllerTests.testUpdateShouldReturn400BadRequest] INFO  o.a.m.s.f.DefaultMavenResourcesFiltering - Copying 0 resource from src\main\resources to target\classes
2024-09-17 16:05:13,645 [Worker-49: Launching RealtimeWeatherApiControllerTests.testUpdateShouldReturn400BadRequest] INFO  o.a.m.s.f.DefaultMavenResourcesFiltering - skip non existing resourceDirectory D:\project-java-spring\RestApiCourse\WeatherAPIs\WeatherApiProject\WeatherApiService\src\test\resources
2024-09-17 16:05:14,000 [Worker-49: Launching RealtimeWeatherApiControllerTests.testUpdateShouldReturn400BadRequest] INFO  o.e.m.c.i.p.WorkspaceClassifierResolverManager - Resolving P/WeatherApiCommon: com.weatherapi:weather-api-common:1.0.0 with classifier null to /WeatherApiCommon/target/classes
2024-09-17 16:05:14,201 [Worker-49: Launching RealtimeWeatherApiControllerTests.testUpdateShouldReturn400BadRequest] INFO  o.e.m.c.i.p.WorkspaceClassifierResolverManager - Resolving P/WeatherApiCommon: com.weatherapi:weather-api-common:1.0.0 with classifier null to /WeatherApiCommon/target/classes
2024-09-17 16:17:19,389 [Worker-43: Launching RealtimeWeatherApiControllerTests.testUpdateShouldReturn400BadRequest] INFO  o.a.m.s.f.DefaultMavenResourcesFiltering - Copying 1 resource from src\main\resources to target\classes
2024-09-17 16:17:19,489 [Worker-43: Launching RealtimeWeatherApiControllerTests.testUpdateShouldReturn400BadRequest] INFO  o.a.m.s.f.DefaultMavenResourcesFiltering - Copying 0 resource from src\main\resources to target\classes
2024-09-17 16:17:19,494 [Worker-43: Launching RealtimeWeatherApiControllerTests.testUpdateShouldReturn400BadRequest] INFO  o.a.m.s.f.DefaultMavenResourcesFiltering - skip non existing resourceDirectory D:\project-java-spring\RestApiCourse\WeatherAPIs\WeatherApiProject\WeatherApiCommon\src\test\resources
2024-09-17 16:17:19,763 [Worker-43: Launching RealtimeWeatherApiControllerTests.testUpdateShouldReturn400BadRequest] INFO  o.a.m.s.f.DefaultMavenResourcesFiltering - Copying 0 resource from src\main\resources to target\classes
2024-09-17 16:17:19,763 [Worker-43: Launching RealtimeWeatherApiControllerTests.testUpdateShouldReturn400BadRequest] INFO  o.a.m.s.f.DefaultMavenResourcesFiltering - Copying 0 resource from src\main\resources to target\classes
2024-09-17 16:17:19,770 [Worker-43: Launching RealtimeWeatherApiControllerTests.testUpdateShouldReturn400BadRequest] INFO  o.a.m.s.f.DefaultMavenResourcesFiltering - skip non existing resourceDirectory D:\project-java-spring\RestApiCourse\WeatherAPIs\WeatherApiProject\WeatherApiService\src\test\resources
2024-09-17 16:17:20,251 [Worker-43: Launching RealtimeWeatherApiControllerTests.testUpdateShouldReturn400BadRequest] INFO  o.e.m.c.i.p.WorkspaceClassifierResolverManager - Resolving P/WeatherApiCommon: com.weatherapi:weather-api-common:1.0.0 with classifier null to /WeatherApiCommon/target/classes
2024-09-17 16:17:20,474 [Worker-43: Launching RealtimeWeatherApiControllerTests.testUpdateShouldReturn400BadRequest] INFO  o.e.m.c.i.p.WorkspaceClassifierResolverManager - Resolving P/WeatherApiCommon: com.weatherapi:weather-api-common:1.0.0 with classifier null to /WeatherApiCommon/target/classes
2024-09-17 16:18:22,949 [Worker-53: Launching RealtimeWeatherApiControllerTests.testUpdateShouldReturn400BadRequest] INFO  o.a.m.s.f.DefaultMavenResourcesFiltering - Copying 0 resource from src\main\resources to target\classes
2024-09-17 16:18:22,951 [Worker-53: Launching RealtimeWeatherApiControllerTests.testUpdateShouldReturn400BadRequest] INFO  o.a.m.s.f.DefaultMavenResourcesFiltering - Copying 0 resource from src\main\resources to target\classes
2024-09-17 16:18:22,958 [Worker-53: Launching RealtimeWeatherApiControllerTests.testUpdateShouldReturn400BadRequest] INFO  o.a.m.s.f.DefaultMavenResourcesFiltering - skip non existing resourceDirectory D:\project-java-spring\RestApiCourse\WeatherAPIs\WeatherApiProject\WeatherApiService\src\test\resources
2024-09-17 16:18:23,137 [Worker-53: Launching RealtimeWeatherApiControllerTests.testUpdateShouldReturn400BadRequest] INFO  o.e.m.c.i.p.WorkspaceClassifierResolverManager - Resolving P/WeatherApiCommon: com.weatherapi:weather-api-common:1.0.0 with classifier null to /WeatherApiCommon/target/classes
2024-09-17 16:18:23,304 [Worker-53: Launching RealtimeWeatherApiControllerTests.testUpdateShouldReturn400BadRequest] INFO  o.e.m.c.i.p.WorkspaceClassifierResolverManager - Resolving P/WeatherApiCommon: com.weatherapi:weather-api-common:1.0.0 with classifier null to /WeatherApiCommon/target/classes
2024-09-17 16:26:32,530 [Worker-56: Launching RealtimeWeatherApiControllerTests.testUpdateShouldReturn400BadRequest] INFO  o.a.m.s.f.DefaultMavenResourcesFiltering - Copying 0 resource from src\main\resources to target\classes
2024-09-17 16:26:32,531 [Worker-56: Launching RealtimeWeatherApiControllerTests.testUpdateShouldReturn400BadRequest] INFO  o.a.m.s.f.DefaultMavenResourcesFiltering - Copying 0 resource from src\main\resources to target\classes
2024-09-17 16:26:32,543 [Worker-56: Launching RealtimeWeatherApiControllerTests.testUpdateShouldReturn400BadRequest] INFO  o.a.m.s.f.DefaultMavenResourcesFiltering - skip non existing resourceDirectory D:\project-java-spring\RestApiCourse\WeatherAPIs\WeatherApiProject\WeatherApiService\src\test\resources
2024-09-17 16:26:32,869 [Worker-56: Launching RealtimeWeatherApiControllerTests.testUpdateShouldReturn400BadRequest] INFO  o.e.m.c.i.p.WorkspaceClassifierResolverManager - Resolving P/WeatherApiCommon: com.weatherapi:weather-api-common:1.0.0 with classifier null to /WeatherApiCommon/target/classes
2024-09-17 16:26:33,015 [Worker-56: Launching RealtimeWeatherApiControllerTests.testUpdateShouldReturn400BadRequest] INFO  o.e.m.c.i.p.WorkspaceClassifierResolverManager - Resolving P/WeatherApiCommon: com.weatherapi:weather-api-common:1.0.0 with classifier null to /WeatherApiCommon/target/classes
2024-09-17 16:26:54,586 [Worker-61: Launching RealtimeWeatherApiControllerTests.testUpdateShouldReturn400BadRequest] INFO  o.e.m.c.i.p.WorkspaceClassifierResolverManager - Resolving P/WeatherApiCommon: com.weatherapi:weather-api-common:1.0.0 with classifier null to /WeatherApiCommon/target/classes
2024-09-17 16:26:54,762 [Worker-61: Launching RealtimeWeatherApiControllerTests.testUpdateShouldReturn400BadRequest] INFO  o.e.m.c.i.p.WorkspaceClassifierResolverManager - Resolving P/WeatherApiCommon: com.weatherapi:weather-api-common:1.0.0 with classifier null to /WeatherApiCommon/target/classes
2024-09-17 16:28:58,185 [Worker-60: Launching RealtimeWeatherApiControllerTests.testUpdateShouldReturn404NotFound] INFO  o.e.m.c.i.p.WorkspaceClassifierResolverManager - Resolving P/WeatherApiCommon: com.weatherapi:weather-api-common:1.0.0 with classifier null to /WeatherApiCommon/target/classes
2024-09-17 16:28:58,411 [Worker-60: Launching RealtimeWeatherApiControllerTests.testUpdateShouldReturn404NotFound] INFO  o.e.m.c.i.p.WorkspaceClassifierResolverManager - Resolving P/WeatherApiCommon: com.weatherapi:weather-api-common:1.0.0 with classifier null to /WeatherApiCommon/target/classes
2024-09-17 16:34:39,207 [Worker-58: Launching RealtimeWeatherApiControllerTests.testUpdateShouldReturn404NotFound] INFO  o.a.m.s.f.DefaultMavenResourcesFiltering - Copying 1 resource from src\main\resources to target\classes
2024-09-17 16:34:39,392 [Worker-58: Launching RealtimeWeatherApiControllerTests.testUpdateShouldReturn404NotFound] INFO  o.a.m.s.f.DefaultMavenResourcesFiltering - Copying 0 resource from src\main\resources to target\classes
2024-09-17 16:34:39,398 [Worker-58: Launching RealtimeWeatherApiControllerTests.testUpdateShouldReturn404NotFound] INFO  o.a.m.s.f.DefaultMavenResourcesFiltering - skip non existing resourceDirectory D:\project-java-spring\RestApiCourse\WeatherAPIs\WeatherApiProject\WeatherApiCommon\src\test\resources
2024-09-17 16:34:40,668 [Worker-58: Launching RealtimeWeatherApiControllerTests.testUpdateShouldReturn404NotFound] INFO  o.e.m.c.i.p.WorkspaceClassifierResolverManager - Resolving P/WeatherApiCommon: com.weatherapi:weather-api-common:1.0.0 with classifier null to /WeatherApiCommon/target/classes
2024-09-17 16:34:40,875 [Worker-58: Launching RealtimeWeatherApiControllerTests.testUpdateShouldReturn404NotFound] INFO  o.e.m.c.i.p.WorkspaceClassifierResolverManager - Resolving P/WeatherApiCommon: com.weatherapi:weather-api-common:1.0.0 with classifier null to /WeatherApiCommon/target/classes
2024-09-17 16:35:19,975 [Worker-59: Launching RealtimeWeatherApiControllerTests.testUpdateShouldReturn400BadRequest] INFO  o.e.m.c.i.p.WorkspaceClassifierResolverManager - Resolving P/WeatherApiCommon: com.weatherapi:weather-api-common:1.0.0 with classifier null to /WeatherApiCommon/target/classes
2024-09-17 16:35:20,121 [Worker-59: Launching RealtimeWeatherApiControllerTests.testUpdateShouldReturn400BadRequest] INFO  o.e.m.c.i.p.WorkspaceClassifierResolverManager - Resolving P/WeatherApiCommon: com.weatherapi:weather-api-common:1.0.0 with classifier null to /WeatherApiCommon/target/classes
2024-09-17 16:55:57,450 [Worker-67: Launching RealtimeWeatherApiControllerTests.testUpdateShouldReturn200OK] INFO  o.a.m.s.f.DefaultMavenResourcesFiltering - Copying 1 resource from src\main\resources to target\classes
2024-09-17 16:55:57,587 [Worker-67: Launching RealtimeWeatherApiControllerTests.testUpdateShouldReturn200OK] INFO  o.a.m.s.f.DefaultMavenResourcesFiltering - Copying 0 resource from src\main\resources to target\classes
2024-09-17 16:55:57,592 [Worker-67: Launching RealtimeWeatherApiControllerTests.testUpdateShouldReturn200OK] INFO  o.a.m.s.f.DefaultMavenResourcesFiltering - skip non existing resourceDirectory D:\project-java-spring\RestApiCourse\WeatherAPIs\WeatherApiProject\WeatherApiService\src\test\resources
2024-09-17 16:55:58,059 [Worker-67: Launching RealtimeWeatherApiControllerTests.testUpdateShouldReturn200OK] INFO  o.e.m.c.i.p.WorkspaceClassifierResolverManager - Resolving P/WeatherApiCommon: com.weatherapi:weather-api-common:1.0.0 with classifier null to /WeatherApiCommon/target/classes
2024-09-17 16:55:58,264 [Worker-67: Launching RealtimeWeatherApiControllerTests.testUpdateShouldReturn200OK] INFO  o.e.m.c.i.p.WorkspaceClassifierResolverManager - Resolving P/WeatherApiCommon: com.weatherapi:weather-api-common:1.0.0 with classifier null to /WeatherApiCommon/target/classes
2024-09-17 16:58:22,929 [Worker-67: Launching WeatherApiService - WeatherApiServiceApplication] INFO  o.e.m.c.i.p.WorkspaceClassifierResolverManager - Resolving P/WeatherApiCommon: com.weatherapi:weather-api-common:1.0.0 with classifier null to /WeatherApiCommon/target/classes
2024-09-17 16:58:23,321 [Worker-67: Launching WeatherApiService - WeatherApiServiceApplication] INFO  o.e.m.c.i.p.WorkspaceClassifierResolverManager - Resolving P/WeatherApiCommon: com.weatherapi:weather-api-common:1.0.0 with classifier null to /WeatherApiCommon/target/classes
2024-09-17 16:58:23,501 [Worker-67: Launching WeatherApiService - WeatherApiServiceApplication] INFO  o.e.m.c.i.p.WorkspaceClassifierResolverManager - Resolving P/WeatherApiCommon: com.weatherapi:weather-api-common:1.0.0 with classifier null to /WeatherApiCommon/target/classes
2024-09-17 17:10:43,341 [Worker-89: Building Workspace] INFO  o.a.m.s.f.DefaultMavenResourcesFiltering - Copying 1 resource from src\main\resources to target\classes
2024-09-17 17:10:43,366 [Worker-89: Building Workspace] INFO  o.a.m.s.f.DefaultMavenResourcesFiltering - Copying 0 resource from src\main\resources to target\classes
2024-09-17 17:10:43,373 [Worker-89: Building Workspace] INFO  o.a.m.s.f.DefaultMavenResourcesFiltering - skip non existing resourceDirectory D:\project-java-spring\RestApiCourse\WeatherAPIs\WeatherApiProject\WeatherApiCommon\src\test\resources
2024-09-17 17:10:44,929 [Worker-89: Building Workspace] INFO  o.a.m.s.f.DefaultMavenResourcesFiltering - Copying 1 resource from src\main\resources to target\classes
2024-09-17 17:10:44,942 [Worker-89: Building Workspace] INFO  o.a.m.s.f.DefaultMavenResourcesFiltering - Copying 0 resource from src\main\resources to target\classes
2024-09-17 17:10:44,951 [Worker-89: Building Workspace] INFO  o.a.m.s.f.DefaultMavenResourcesFiltering - skip non existing resourceDirectory D:\project-java-spring\RestApiCourse\WeatherAPIs\WeatherApiProject\WeatherApiService\src\test\resources
2024-09-18 09:12:05,080 [ForkJoinPool.commonPool-worker-1] INFO  o.s.s.s.o.s.c.s.PostProcessorRegistrationDelegate$BeanPostProcessorChecker - Bean 'sonarLintSpringAppConfig' of type [org.sonarsource.sonarlint.core.spring.SonarLintSpringAppConfig$$EnhancerBySpringCGLIB$$1b54da53] is not eligible for getting processed by all BeanPostProcessors (for example: not eligible for auto-proxying)
2024-09-18 09:12:05,226 [ForkJoinPool.commonPool-worker-1] INFO  o.s.s.s.o.s.c.s.PostProcessorRegistrationDelegate$BeanPostProcessorChecker - Bean 'provideClientEventBus' of type [com.google.common.eventbus.AsyncEventBus] is not eligible for getting processed by all BeanPostProcessors (for example: not eligible for auto-proxying)
2024-09-18 09:12:08,901 [Worker-7: Loading available Gradle versions] INFO  o.e.b.c.i.u.g.PublishedGradleVersions - Gradle version information cache is out-of-date. Trying to update.
2024-09-18 09:31:16,687 [Worker-24: Launching WeatherApiService - WeatherApiServiceApplication] INFO  o.a.m.s.f.DefaultMavenResourcesFiltering - Copying 1 resource from src\main\resources to target\classes
2024-09-18 09:31:16,714 [Worker-24: Launching WeatherApiService - WeatherApiServiceApplication] INFO  o.a.m.s.f.DefaultMavenResourcesFiltering - Copying 0 resource from src\main\resources to target\classes
2024-09-18 09:31:16,718 [Worker-24: Launching WeatherApiService - WeatherApiServiceApplication] INFO  o.a.m.s.f.DefaultMavenResourcesFiltering - skip non existing resourceDirectory D:\project-java-spring\RestApiCourse\WeatherAPIs\WeatherApiProject\WeatherApiCommon\src\test\resources
2024-09-18 09:31:18,044 [Worker-24: Launching WeatherApiService - WeatherApiServiceApplication] INFO  o.e.m.c.i.p.WorkspaceClassifierResolverManager - Resolving P/WeatherApiCommon: com.weatherapi:weather-api-common:1.0.0 with classifier  to /WeatherApiCommon/target/classes
2024-09-18 09:31:18,180 [Worker-24: Launching WeatherApiService - WeatherApiServiceApplication] INFO  o.a.m.s.f.DefaultMavenResourcesFiltering - Copying 1 resource from src\main\resources to target\classes
2024-09-18 09:31:18,195 [Worker-24: Launching WeatherApiService - WeatherApiServiceApplication] INFO  o.a.m.s.f.DefaultMavenResourcesFiltering - Copying 0 resource from src\main\resources to target\classes
2024-09-18 09:31:18,199 [Worker-24: Launching WeatherApiService - WeatherApiServiceApplication] INFO  o.a.m.s.f.DefaultMavenResourcesFiltering - skip non existing resourceDirectory D:\project-java-spring\RestApiCourse\WeatherAPIs\WeatherApiProject\WeatherApiService\src\test\resources
2024-09-18 09:31:18,428 [Worker-24: Launching WeatherApiService - WeatherApiServiceApplication] INFO  o.e.m.c.i.p.WorkspaceClassifierResolverManager - Resolving P/WeatherApiCommon: com.weatherapi:weather-api-common:1.0.0 with classifier null to /WeatherApiCommon/target/classes
2024-09-18 09:31:18,520 [Worker-24: Launching WeatherApiService - WeatherApiServiceApplication] INFO  o.e.m.c.i.p.WorkspaceClassifierResolverManager - Resolving P/WeatherApiCommon: com.weatherapi:weather-api-common:1.0.0 with classifier null to /WeatherApiCommon/target/classes
2024-09-18 09:31:18,633 [Worker-24: Launching WeatherApiService - WeatherApiServiceApplication] INFO  o.e.m.c.i.p.WorkspaceClassifierResolverManager - Resolving P/WeatherApiCommon: com.weatherapi:weather-api-common:1.0.0 with classifier null to /WeatherApiCommon/target/classes
2024-09-18 09:34:27,552 [Worker-27: Launching WeatherApiService - WeatherApiServiceApplication] INFO  o.a.m.s.f.DefaultMavenResourcesFiltering - Copying 1 resource from src\main\resources to target\classes
2024-09-18 09:34:27,568 [Worker-27: Launching WeatherApiService - WeatherApiServiceApplication] INFO  o.a.m.s.f.DefaultMavenResourcesFiltering - Copying 0 resource from src\main\resources to target\classes
2024-09-18 09:34:27,572 [Worker-27: Launching WeatherApiService - WeatherApiServiceApplication] INFO  o.a.m.s.f.DefaultMavenResourcesFiltering - skip non existing resourceDirectory D:\project-java-spring\RestApiCourse\WeatherAPIs\WeatherApiProject\WeatherApiCommon\src\test\resources
2024-09-18 09:34:27,873 [Worker-27: Launching WeatherApiService - WeatherApiServiceApplication] INFO  o.e.m.c.i.p.WorkspaceClassifierResolverManager - Resolving P/WeatherApiCommon: com.weatherapi:weather-api-common:1.0.0 with classifier null to /WeatherApiCommon/target/classes
2024-09-18 09:34:27,965 [Worker-27: Launching WeatherApiService - WeatherApiServiceApplication] INFO  o.e.m.c.i.p.WorkspaceClassifierResolverManager - Resolving P/WeatherApiCommon: com.weatherapi:weather-api-common:1.0.0 with classifier null to /WeatherApiCommon/target/classes
2024-09-18 09:34:28,051 [Worker-27: Launching WeatherApiService - WeatherApiServiceApplication] INFO  o.e.m.c.i.p.WorkspaceClassifierResolverManager - Resolving P/WeatherApiCommon: com.weatherapi:weather-api-common:1.0.0 with classifier null to /WeatherApiCommon/target/classes
2024-09-18 09:39:12,817 [Worker-27: Launching WeatherApiService - WeatherApiServiceApplication] INFO  o.a.m.s.f.DefaultMavenResourcesFiltering - Copying 1 resource from src\main\resources to target\classes
2024-09-18 09:39:12,902 [Worker-27: Launching WeatherApiService - WeatherApiServiceApplication] INFO  o.a.m.s.f.DefaultMavenResourcesFiltering - Copying 0 resource from src\main\resources to target\classes
2024-09-18 09:39:12,905 [Worker-27: Launching WeatherApiService - WeatherApiServiceApplication] INFO  o.a.m.s.f.DefaultMavenResourcesFiltering - skip non existing resourceDirectory D:\project-java-spring\RestApiCourse\WeatherAPIs\WeatherApiProject\WeatherApiCommon\src\test\resources
2024-09-18 09:39:13,277 [Worker-27: Launching WeatherApiService - WeatherApiServiceApplication] INFO  o.e.m.c.i.p.WorkspaceClassifierResolverManager - Resolving P/WeatherApiCommon: com.weatherapi:weather-api-common:1.0.0 with classifier null to /WeatherApiCommon/target/classes
2024-09-18 09:39:13,375 [Worker-27: Launching WeatherApiService - WeatherApiServiceApplication] INFO  o.e.m.c.i.p.WorkspaceClassifierResolverManager - Resolving P/WeatherApiCommon: com.weatherapi:weather-api-common:1.0.0 with classifier null to /WeatherApiCommon/target/classes
2024-09-18 09:39:13,466 [Worker-27: Launching WeatherApiService - WeatherApiServiceApplication] INFO  o.e.m.c.i.p.WorkspaceClassifierResolverManager - Resolving P/WeatherApiCommon: com.weatherapi:weather-api-common:1.0.0 with classifier null to /WeatherApiCommon/target/classes
2024-09-18 10:16:41,477 [ForkJoinPool.commonPool-worker-3] INFO  o.s.s.s.o.s.c.s.PostProcessorRegistrationDelegate$BeanPostProcessorChecker - Bean 'sonarLintSpringAppConfig' of type [org.sonarsource.sonarlint.core.spring.SonarLintSpringAppConfig$$EnhancerBySpringCGLIB$$ac06153b] is not eligible for getting processed by all BeanPostProcessors (for example: not eligible for auto-proxying)
2024-09-18 10:16:41,687 [ForkJoinPool.commonPool-worker-3] INFO  o.s.s.s.o.s.c.s.PostProcessorRegistrationDelegate$BeanPostProcessorChecker - Bean 'provideClientEventBus' of type [com.google.common.eventbus.AsyncEventBus] is not eligible for getting processed by all BeanPostProcessors (for example: not eligible for auto-proxying)
2024-09-18 10:16:48,531 [Worker-18: Loading available Gradle versions] INFO  o.e.b.c.i.u.g.PublishedGradleVersions - Gradle version information cache is up-to-date. Trying to read.
2024-09-18 10:25:18,082 [ForkJoinPool.commonPool-worker-6] INFO  o.s.s.s.o.s.c.s.PostProcessorRegistrationDelegate$BeanPostProcessorChecker - Bean 'sonarLintSpringAppConfig' of type [org.sonarsource.sonarlint.core.spring.SonarLintSpringAppConfig$$EnhancerBySpringCGLIB$$9378601c] is not eligible for getting processed by all BeanPostProcessors (for example: not eligible for auto-proxying)
2024-09-18 10:25:18,271 [ForkJoinPool.commonPool-worker-6] INFO  o.s.s.s.o.s.c.s.PostProcessorRegistrationDelegate$BeanPostProcessorChecker - Bean 'provideClientEventBus' of type [com.google.common.eventbus.AsyncEventBus] is not eligible for getting processed by all BeanPostProcessors (for example: not eligible for auto-proxying)
2024-09-18 10:25:25,589 [Worker-14: Loading available Gradle versions] INFO  o.e.b.c.i.u.g.PublishedGradleVersions - Gradle version information cache is up-to-date. Trying to read.
2024-09-18 10:34:15,355 [ForkJoinPool.commonPool-worker-6] INFO  o.s.s.s.o.s.c.s.PostProcessorRegistrationDelegate$BeanPostProcessorChecker - Bean 'sonarLintSpringAppConfig' of type [org.sonarsource.sonarlint.core.spring.SonarLintSpringAppConfig$$EnhancerBySpringCGLIB$$b0322635] is not eligible for getting processed by all BeanPostProcessors (for example: not eligible for auto-proxying)
2024-09-18 10:34:15,464 [ForkJoinPool.commonPool-worker-6] INFO  o.s.s.s.o.s.c.s.PostProcessorRegistrationDelegate$BeanPostProcessorChecker - Bean 'provideClientEventBus' of type [com.google.common.eventbus.AsyncEventBus] is not eligible for getting processed by all BeanPostProcessors (for example: not eligible for auto-proxying)
2024-09-18 10:34:25,759 [Worker-11: Loading available Gradle versions] INFO  o.e.b.c.i.u.g.PublishedGradleVersions - Gradle version information cache is up-to-date. Trying to read.
2024-09-18 10:57:57,813 [Worker-0: Launching WeatherApiService - WeatherApiServiceApplication] INFO  o.a.m.s.f.DefaultMavenResourcesFiltering - Copying 1 resource from src\main\resources to target\classes
2024-09-18 10:57:57,833 [Worker-0: Launching WeatherApiService - WeatherApiServiceApplication] INFO  o.a.m.s.f.DefaultMavenResourcesFiltering - Copying 0 resource from src\main\resources to target\classes
2024-09-18 10:57:57,837 [Worker-0: Launching WeatherApiService - WeatherApiServiceApplication] INFO  o.a.m.s.f.DefaultMavenResourcesFiltering - skip non existing resourceDirectory D:\project-java-spring\RestApiCourse\WeatherAPIs\WeatherApiProject\WeatherApiCommon\src\test\resources
2024-09-18 10:57:59,661 [Worker-0: Launching WeatherApiService - WeatherApiServiceApplication] INFO  o.e.m.c.i.p.WorkspaceClassifierResolverManager - Resolving P/WeatherApiCommon: com.weatherapi:weather-api-common:1.0.0 with classifier  to /WeatherApiCommon/target/classes
2024-09-18 10:57:59,770 [Worker-0: Launching WeatherApiService - WeatherApiServiceApplication] INFO  o.a.m.s.f.DefaultMavenResourcesFiltering - Copying 1 resource from src\main\resources to target\classes
2024-09-18 10:57:59,784 [Worker-0: Launching WeatherApiService - WeatherApiServiceApplication] INFO  o.a.m.s.f.DefaultMavenResourcesFiltering - Copying 0 resource from src\main\resources to target\classes
2024-09-18 10:57:59,788 [Worker-0: Launching WeatherApiService - WeatherApiServiceApplication] INFO  o.a.m.s.f.DefaultMavenResourcesFiltering - skip non existing resourceDirectory D:\project-java-spring\RestApiCourse\WeatherAPIs\WeatherApiProject\WeatherApiService\src\test\resources
2024-09-18 10:58:00,112 [Worker-0: Launching WeatherApiService - WeatherApiServiceApplication] INFO  o.e.m.c.i.p.WorkspaceClassifierResolverManager - Resolving P/WeatherApiCommon: com.weatherapi:weather-api-common:1.0.0 with classifier null to /WeatherApiCommon/target/classes
2024-09-18 10:58:00,228 [Worker-0: Launching WeatherApiService - WeatherApiServiceApplication] INFO  o.e.m.c.i.p.WorkspaceClassifierResolverManager - Resolving P/WeatherApiCommon: com.weatherapi:weather-api-common:1.0.0 with classifier null to /WeatherApiCommon/target/classes
2024-09-18 10:58:00,357 [Worker-0: Launching WeatherApiService - WeatherApiServiceApplication] INFO  o.e.m.c.i.p.WorkspaceClassifierResolverManager - Resolving P/WeatherApiCommon: com.weatherapi:weather-api-common:1.0.0 with classifier null to /WeatherApiCommon/target/classes
2024-09-18 13:48:34,175 [Worker-48: Launching LocationRepositoryTests.testAddSuccess] INFO  o.a.m.s.f.DefaultMavenResourcesFiltering - Copying 0 resource from src\main\resources to target\classes
2024-09-18 13:48:34,177 [Worker-48: Launching LocationRepositoryTests.testAddSuccess] INFO  o.a.m.s.f.DefaultMavenResourcesFiltering - Copying 0 resource from src\main\resources to target\classes
2024-09-18 13:48:34,182 [Worker-48: Launching LocationRepositoryTests.testAddSuccess] INFO  o.a.m.s.f.DefaultMavenResourcesFiltering - skip non existing resourceDirectory D:\project-java-spring\RestApiCourse\WeatherAPIs\WeatherApiProject\WeatherApiService\src\test\resources
2024-09-18 13:48:34,720 [Worker-48: Launching LocationRepositoryTests.testAddSuccess] INFO  o.e.m.c.i.p.WorkspaceClassifierResolverManager - Resolving P/WeatherApiCommon: com.weatherapi:weather-api-common:1.0.0 with classifier null to /WeatherApiCommon/target/classes
2024-09-18 13:48:34,908 [Worker-48: Launching LocationRepositoryTests.testAddSuccess] INFO  o.e.m.c.i.p.WorkspaceClassifierResolverManager - Resolving P/WeatherApiCommon: com.weatherapi:weather-api-common:1.0.0 with classifier null to /WeatherApiCommon/target/classes
2024-09-18 13:56:01,485 [ForkJoinPool.commonPool-worker-7] INFO  o.s.s.s.o.s.c.s.PostProcessorRegistrationDelegate$BeanPostProcessorChecker - Bean 'sonarLintSpringAppConfig' of type [org.sonarsource.sonarlint.core.spring.SonarLintSpringAppConfig$$EnhancerBySpringCGLIB$$6328693b] is not eligible for getting processed by all BeanPostProcessors (for example: not eligible for auto-proxying)
2024-09-18 13:56:01,766 [ForkJoinPool.commonPool-worker-7] INFO  o.s.s.s.o.s.c.s.PostProcessorRegistrationDelegate$BeanPostProcessorChecker - Bean 'provideClientEventBus' of type [com.google.common.eventbus.AsyncEventBus] is not eligible for getting processed by all BeanPostProcessors (for example: not eligible for auto-proxying)
2024-09-18 13:56:08,132 [Worker-3: Loading available Gradle versions] INFO  o.e.b.c.i.u.g.PublishedGradleVersions - Gradle version information cache is up-to-date. Trying to read.
2024-09-18 14:00:32,710 [Worker-6: Launching LocationRepositoryTests.testAddRealtimeWeatherData] INFO  o.e.m.c.i.p.WorkspaceClassifierResolverManager - Resolving P/WeatherApiCommon: com.weatherapi:weather-api-common:1.0.0 with classifier  to /WeatherApiCommon/target/classes
2024-09-18 14:00:33,042 [Worker-6: Launching LocationRepositoryTests.testAddRealtimeWeatherData] INFO  o.a.m.s.f.DefaultMavenResourcesFiltering - Copying 1 resource from src\main\resources to target\classes
2024-09-18 14:00:33,092 [Worker-6: Launching LocationRepositoryTests.testAddRealtimeWeatherData] INFO  o.a.m.s.f.DefaultMavenResourcesFiltering - Copying 0 resource from src\main\resources to target\classes
2024-09-18 14:00:33,097 [Worker-6: Launching LocationRepositoryTests.testAddRealtimeWeatherData] INFO  o.a.m.s.f.DefaultMavenResourcesFiltering - skip non existing resourceDirectory D:\project-java-spring\RestApiCourse\WeatherAPIs\WeatherApiProject\WeatherApiService\src\test\resources
2024-09-18 14:00:33,685 [Worker-6: Launching LocationRepositoryTests.testAddRealtimeWeatherData] INFO  o.e.m.c.i.p.WorkspaceClassifierResolverManager - Resolving P/WeatherApiCommon: com.weatherapi:weather-api-common:1.0.0 with classifier null to /WeatherApiCommon/target/classes
2024-09-18 14:00:33,862 [Worker-6: Launching LocationRepositoryTests.testAddRealtimeWeatherData] INFO  o.e.m.c.i.p.WorkspaceClassifierResolverManager - Resolving P/WeatherApiCommon: com.weatherapi:weather-api-common:1.0.0 with classifier null to /WeatherApiCommon/target/classes
2024-09-18 14:02:23,188 [Worker-0: Launching RealtimeWeatherRepositoryTests.testUpdateRealtimeWeather] INFO  o.a.m.s.f.DefaultMavenResourcesFiltering - Copying 0 resource from src\main\resources to target\classes
2024-09-18 14:02:23,188 [Worker-0: Launching RealtimeWeatherRepositoryTests.testUpdateRealtimeWeather] INFO  o.a.m.s.f.DefaultMavenResourcesFiltering - Copying 0 resource from src\main\resources to target\classes
2024-09-18 14:02:23,193 [Worker-0: Launching RealtimeWeatherRepositoryTests.testUpdateRealtimeWeather] INFO  o.a.m.s.f.DefaultMavenResourcesFiltering - skip non existing resourceDirectory D:\project-java-spring\RestApiCourse\WeatherAPIs\WeatherApiProject\WeatherApiService\src\test\resources
2024-09-18 14:02:23,389 [Worker-0: Launching RealtimeWeatherRepositoryTests.testUpdateRealtimeWeather] INFO  o.e.m.c.i.p.WorkspaceClassifierResolverManager - Resolving P/WeatherApiCommon: com.weatherapi:weather-api-common:1.0.0 with classifier null to /WeatherApiCommon/target/classes
2024-09-18 14:02:23,528 [Worker-0: Launching RealtimeWeatherRepositoryTests.testUpdateRealtimeWeather] INFO  o.e.m.c.i.p.WorkspaceClassifierResolverManager - Resolving P/WeatherApiCommon: com.weatherapi:weather-api-common:1.0.0 with classifier null to /WeatherApiCommon/target/classes
2024-09-18 14:03:09,332 [Worker-11: Launching WeatherApiService - WeatherApiServiceApplication] INFO  o.a.m.s.f.DefaultMavenResourcesFiltering - Copying 0 resource from src\main\resources to target\classes
2024-09-18 14:03:09,332 [Worker-11: Launching WeatherApiService - WeatherApiServiceApplication] INFO  o.a.m.s.f.DefaultMavenResourcesFiltering - Copying 0 resource from src\main\resources to target\classes
2024-09-18 14:03:09,332 [Worker-11: Launching WeatherApiService - WeatherApiServiceApplication] INFO  o.a.m.s.f.DefaultMavenResourcesFiltering - skip non existing resourceDirectory D:\project-java-spring\RestApiCourse\WeatherAPIs\WeatherApiProject\WeatherApiService\src\test\resources
2024-09-18 14:03:09,461 [Worker-11: Launching WeatherApiService - WeatherApiServiceApplication] INFO  o.e.m.c.i.p.WorkspaceClassifierResolverManager - Resolving P/WeatherApiCommon: com.weatherapi:weather-api-common:1.0.0 with classifier null to /WeatherApiCommon/target/classes
2024-09-18 14:03:09,553 [Worker-11: Launching WeatherApiService - WeatherApiServiceApplication] INFO  o.e.m.c.i.p.WorkspaceClassifierResolverManager - Resolving P/WeatherApiCommon: com.weatherapi:weather-api-common:1.0.0 with classifier null to /WeatherApiCommon/target/classes
2024-09-18 14:03:09,640 [Worker-11: Launching WeatherApiService - WeatherApiServiceApplication] INFO  o.e.m.c.i.p.WorkspaceClassifierResolverManager - Resolving P/WeatherApiCommon: com.weatherapi:weather-api-common:1.0.0 with classifier null to /WeatherApiCommon/target/classes
2024-09-18 14:11:18,581 [Worker-11: http://download.eclipse.org/usssdk/drops/nightly/N20240917-034142/content.xml.xz] INFO  o.a.h.c.h.i.c.HttpRequestRetryExec - Recoverable I/O exception (java.net.SocketException) caught when processing request to {s}->https://download.eclipse.org:443
2024-09-18 14:45:59,866 [ForkJoinPool.commonPool-worker-6] INFO  o.s.s.s.o.s.c.s.PostProcessorRegistrationDelegate$BeanPostProcessorChecker - Bean 'sonarLintSpringAppConfig' of type [org.sonarsource.sonarlint.core.spring.SonarLintSpringAppConfig$$EnhancerBySpringCGLIB$$d001905e] is not eligible for getting processed by all BeanPostProcessors (for example: not eligible for auto-proxying)
2024-09-18 14:46:00,347 [ForkJoinPool.commonPool-worker-6] INFO  o.s.s.s.o.s.c.s.PostProcessorRegistrationDelegate$BeanPostProcessorChecker - Bean 'provideClientEventBus' of type [com.google.common.eventbus.AsyncEventBus] is not eligible for getting processed by all BeanPostProcessors (for example: not eligible for auto-proxying)
2024-09-18 14:46:04,542 [Worker-0: Loading available Gradle versions] INFO  o.e.b.c.i.u.g.PublishedGradleVersions - Gradle version information cache is up-to-date. Trying to read.
2024-09-18 15:41:45,242 [Worker-27: http://testng.org/testng-p2-update-site/7.0.0/compositeContent.jar] INFO  o.a.h.c.h.i.c.HttpRequestRetryExec - Recoverable I/O exception (java.net.SocketException) caught when processing request to {}->http://testng.org:80
2024-09-19 09:34:00,120 [ForkJoinPool.commonPool-worker-3] INFO  o.s.s.s.o.s.c.s.PostProcessorRegistrationDelegate$BeanPostProcessorChecker - Bean 'sonarLintSpringAppConfig' of type [org.sonarsource.sonarlint.core.spring.SonarLintSpringAppConfig$$EnhancerBySpringCGLIB$$4219255] is not eligible for getting processed by all BeanPostProcessors (for example: not eligible for auto-proxying)
2024-09-19 09:34:00,369 [ForkJoinPool.commonPool-worker-3] INFO  o.s.s.s.o.s.c.s.PostProcessorRegistrationDelegate$BeanPostProcessorChecker - Bean 'provideClientEventBus' of type [com.google.common.eventbus.AsyncEventBus] is not eligible for getting processed by all BeanPostProcessors (for example: not eligible for auto-proxying)
2024-09-19 09:34:06,053 [Worker-13: Loading available Gradle versions] INFO  o.e.b.c.i.u.g.PublishedGradleVersions - Gradle version information cache is out-of-date. Trying to update.
2024-09-19 10:16:09,269 [ForkJoinPool.commonPool-worker-5] INFO  o.s.s.s.o.s.c.s.PostProcessorRegistrationDelegate$BeanPostProcessorChecker - Bean 'sonarLintSpringAppConfig' of type [org.sonarsource.sonarlint.core.spring.SonarLintSpringAppConfig$$EnhancerBySpringCGLIB$$45af30c1] is not eligible for getting processed by all BeanPostProcessors (for example: not eligible for auto-proxying)
2024-09-19 10:16:09,733 [ForkJoinPool.commonPool-worker-5] INFO  o.s.s.s.o.s.c.s.PostProcessorRegistrationDelegate$BeanPostProcessorChecker - Bean 'provideClientEventBus' of type [com.google.common.eventbus.AsyncEventBus] is not eligible for getting processed by all BeanPostProcessors (for example: not eligible for auto-proxying)
2024-09-19 10:16:19,679 [Worker-7: Loading available Gradle versions] INFO  o.e.b.c.i.u.g.PublishedGradleVersions - Gradle version information cache is up-to-date. Trying to read.
2024-09-19 10:20:48,174 [Worker-8: Launching LocationRepositoryTests.testAddHourlyWeatherData] INFO  o.a.m.s.f.DefaultMavenResourcesFiltering - Copying 1 resource from src\main\resources to target\classes
2024-09-19 10:20:48,197 [Worker-8: Launching LocationRepositoryTests.testAddHourlyWeatherData] INFO  o.a.m.s.f.DefaultMavenResourcesFiltering - Copying 0 resource from src\main\resources to target\classes
2024-09-19 10:20:48,202 [Worker-8: Launching LocationRepositoryTests.testAddHourlyWeatherData] INFO  o.a.m.s.f.DefaultMavenResourcesFiltering - skip non existing resourceDirectory D:\project-java-spring\RestApiCourse\WeatherAPIs\WeatherApiProject\WeatherApiCommon\src\test\resources
2024-09-19 10:20:50,510 [Worker-8: Launching LocationRepositoryTests.testAddHourlyWeatherData] INFO  o.e.m.c.i.p.WorkspaceClassifierResolverManager - Resolving P/WeatherApiCommon: com.weatherapi:weather-api-common:1.0.0 with classifier  to /WeatherApiCommon/target/classes
2024-09-19 10:20:50,668 [Worker-8: Launching LocationRepositoryTests.testAddHourlyWeatherData] INFO  o.a.m.s.f.DefaultMavenResourcesFiltering - Copying 1 resource from src\main\resources to target\classes
2024-09-19 10:20:50,688 [Worker-8: Launching LocationRepositoryTests.testAddHourlyWeatherData] INFO  o.a.m.s.f.DefaultMavenResourcesFiltering - Copying 0 resource from src\main\resources to target\classes
2024-09-19 10:20:50,693 [Worker-8: Launching LocationRepositoryTests.testAddHourlyWeatherData] INFO  o.a.m.s.f.DefaultMavenResourcesFiltering - skip non existing resourceDirectory D:\project-java-spring\RestApiCourse\WeatherAPIs\WeatherApiProject\WeatherApiService\src\test\resources
2024-09-19 10:20:51,230 [Worker-8: Launching LocationRepositoryTests.testAddHourlyWeatherData] INFO  o.e.m.c.i.p.WorkspaceClassifierResolverManager - Resolving P/WeatherApiCommon: com.weatherapi:weather-api-common:1.0.0 with classifier null to /WeatherApiCommon/target/classes
2024-09-19 10:20:51,544 [Worker-8: Launching LocationRepositoryTests.testAddHourlyWeatherData] INFO  o.e.m.c.i.p.WorkspaceClassifierResolverManager - Resolving P/WeatherApiCommon: com.weatherapi:weather-api-common:1.0.0 with classifier null to /WeatherApiCommon/target/classes
2024-09-19 10:23:39,780 [Worker-17: Launching LocationRepositoryTests.testAddHourlyWeatherData] INFO  o.a.m.s.f.DefaultMavenResourcesFiltering - Copying 0 resource from src\main\resources to target\classes
2024-09-19 10:23:39,781 [Worker-17: Launching LocationRepositoryTests.testAddHourlyWeatherData] INFO  o.a.m.s.f.DefaultMavenResourcesFiltering - Copying 0 resource from src\main\resources to target\classes
2024-09-19 10:23:39,784 [Worker-17: Launching LocationRepositoryTests.testAddHourlyWeatherData] INFO  o.a.m.s.f.DefaultMavenResourcesFiltering - skip non existing resourceDirectory D:\project-java-spring\RestApiCourse\WeatherAPIs\WeatherApiProject\WeatherApiService\src\test\resources
2024-09-19 10:23:39,974 [Worker-17: Launching LocationRepositoryTests.testAddHourlyWeatherData] INFO  o.e.m.c.i.p.WorkspaceClassifierResolverManager - Resolving P/WeatherApiCommon: com.weatherapi:weather-api-common:1.0.0 with classifier null to /WeatherApiCommon/target/classes
2024-09-19 10:23:40,094 [Worker-17: Launching LocationRepositoryTests.testAddHourlyWeatherData] INFO  o.e.m.c.i.p.WorkspaceClassifierResolverManager - Resolving P/WeatherApiCommon: com.weatherapi:weather-api-common:1.0.0 with classifier null to /WeatherApiCommon/target/classes
2024-09-19 10:34:56,636 [Worker-22: Launching LocationRepositoryTests.testAddHourlyWeatherData] INFO  o.a.m.s.f.DefaultMavenResourcesFiltering - Copying 0 resource from src\main\resources to target\classes
2024-09-19 10:34:56,637 [Worker-22: Launching LocationRepositoryTests.testAddHourlyWeatherData] INFO  o.a.m.s.f.DefaultMavenResourcesFiltering - Copying 0 resource from src\main\resources to target\classes
2024-09-19 10:34:56,640 [Worker-22: Launching LocationRepositoryTests.testAddHourlyWeatherData] INFO  o.a.m.s.f.DefaultMavenResourcesFiltering - skip non existing resourceDirectory D:\project-java-spring\RestApiCourse\WeatherAPIs\WeatherApiProject\WeatherApiService\src\test\resources
2024-09-19 10:34:56,818 [Worker-22: Launching LocationRepositoryTests.testAddHourlyWeatherData] INFO  o.e.m.c.i.p.WorkspaceClassifierResolverManager - Resolving P/WeatherApiCommon: com.weatherapi:weather-api-common:1.0.0 with classifier null to /WeatherApiCommon/target/classes
2024-09-19 10:34:56,944 [Worker-22: Launching LocationRepositoryTests.testAddHourlyWeatherData] INFO  o.e.m.c.i.p.WorkspaceClassifierResolverManager - Resolving P/WeatherApiCommon: com.weatherapi:weather-api-common:1.0.0 with classifier null to /WeatherApiCommon/target/classes
2024-09-19 10:37:12,912 [Worker-5: Launching LocationRepositoryTests.testAddHourlyWeatherData] INFO  o.a.m.s.f.DefaultMavenResourcesFiltering - Copying 0 resource from src\main\resources to target\classes
2024-09-19 10:37:12,912 [Worker-5: Launching LocationRepositoryTests.testAddHourlyWeatherData] INFO  o.a.m.s.f.DefaultMavenResourcesFiltering - Copying 0 resource from src\main\resources to target\classes
2024-09-19 10:37:12,915 [Worker-5: Launching LocationRepositoryTests.testAddHourlyWeatherData] INFO  o.a.m.s.f.DefaultMavenResourcesFiltering - skip non existing resourceDirectory D:\project-java-spring\RestApiCourse\WeatherAPIs\WeatherApiProject\WeatherApiService\src\test\resources
2024-09-19 10:37:13,088 [Worker-5: Launching LocationRepositoryTests.testAddHourlyWeatherData] INFO  o.e.m.c.i.p.WorkspaceClassifierResolverManager - Resolving P/WeatherApiCommon: com.weatherapi:weather-api-common:1.0.0 with classifier null to /WeatherApiCommon/target/classes
2024-09-19 10:37:13,231 [Worker-5: Launching LocationRepositoryTests.testAddHourlyWeatherData] INFO  o.e.m.c.i.p.WorkspaceClassifierResolverManager - Resolving P/WeatherApiCommon: com.weatherapi:weather-api-common:1.0.0 with classifier null to /WeatherApiCommon/target/classes
2024-09-19 10:39:17,900 [Worker-26: Launching LocationRepositoryTests.testAddHourlyWeatherData] INFO  o.a.m.s.f.DefaultMavenResourcesFiltering - Copying 0 resource from src\main\resources to target\classes
2024-09-19 10:39:17,900 [Worker-26: Launching LocationRepositoryTests.testAddHourlyWeatherData] INFO  o.a.m.s.f.DefaultMavenResourcesFiltering - Copying 0 resource from src\main\resources to target\classes
2024-09-19 10:39:17,900 [Worker-26: Launching LocationRepositoryTests.testAddHourlyWeatherData] INFO  o.a.m.s.f.DefaultMavenResourcesFiltering - skip non existing resourceDirectory D:\project-java-spring\RestApiCourse\WeatherAPIs\WeatherApiProject\WeatherApiService\src\test\resources
2024-09-19 10:39:18,077 [Worker-26: Launching LocationRepositoryTests.testAddHourlyWeatherData] INFO  o.e.m.c.i.p.WorkspaceClassifierResolverManager - Resolving P/WeatherApiCommon: com.weatherapi:weather-api-common:1.0.0 with classifier null to /WeatherApiCommon/target/classes
2024-09-19 10:39:18,209 [Worker-26: Launching LocationRepositoryTests.testAddHourlyWeatherData] INFO  o.e.m.c.i.p.WorkspaceClassifierResolverManager - Resolving P/WeatherApiCommon: com.weatherapi:weather-api-common:1.0.0 with classifier null to /WeatherApiCommon/target/classes
2024-09-19 10:40:49,266 [Worker-23: https://download.eclipse.org/eclipse/updates/4.27/p2.index] INFO  o.a.h.c.h.i.c.HttpRequestRetryExec - Recoverable I/O exception (java.net.SocketException) caught when processing request to {s}->https://download.eclipse.org:443
2024-09-19 20:28:59,508 [ForkJoinPool.commonPool-worker-5] INFO  o.s.s.s.o.s.c.s.PostProcessorRegistrationDelegate$BeanPostProcessorChecker - Bean 'sonarLintSpringAppConfig' of type [org.sonarsource.sonarlint.core.spring.SonarLintSpringAppConfig$$EnhancerBySpringCGLIB$$3efa2d95] is not eligible for getting processed by all BeanPostProcessors (for example: not eligible for auto-proxying)
2024-09-19 20:28:59,644 [ForkJoinPool.commonPool-worker-5] INFO  o.s.s.s.o.s.c.s.PostProcessorRegistrationDelegate$BeanPostProcessorChecker - Bean 'provideClientEventBus' of type [com.google.common.eventbus.AsyncEventBus] is not eligible for getting processed by all BeanPostProcessors (for example: not eligible for auto-proxying)
2024-09-19 20:29:02,600 [Worker-7: Loading available Gradle versions] INFO  o.e.b.c.i.u.g.PublishedGradleVersions - Gradle version information cache is up-to-date. Trying to read.
2024-09-20 08:39:28,667 [ForkJoinPool.commonPool-worker-5] INFO  o.s.s.s.o.s.c.s.PostProcessorRegistrationDelegate$BeanPostProcessorChecker - Bean 'sonarLintSpringAppConfig' of type [org.sonarsource.sonarlint.core.spring.SonarLintSpringAppConfig$$EnhancerBySpringCGLIB$$7da927d0] is not eligible for getting processed by all BeanPostProcessors (for example: not eligible for auto-proxying)
2024-09-20 08:39:28,854 [ForkJoinPool.commonPool-worker-5] INFO  o.s.s.s.o.s.c.s.PostProcessorRegistrationDelegate$BeanPostProcessorChecker - Bean 'provideClientEventBus' of type [com.google.common.eventbus.AsyncEventBus] is not eligible for getting processed by all BeanPostProcessors (for example: not eligible for auto-proxying)
2024-09-20 08:39:33,970 [Worker-14: Loading available Gradle versions] INFO  o.e.b.c.i.u.g.PublishedGradleVersions - Gradle version information cache is up-to-date. Trying to read.
2024-09-24 14:03:10,113 [ForkJoinPool.commonPool-worker-1] INFO  o.s.s.s.o.s.c.s.PostProcessorRegistrationDelegate$BeanPostProcessorChecker - Bean 'sonarLintSpringAppConfig' of type [org.sonarsource.sonarlint.core.spring.SonarLintSpringAppConfig$$EnhancerBySpringCGLIB$$499602e3] is not eligible for getting processed by all BeanPostProcessors (for example: not eligible for auto-proxying)
2024-09-24 14:03:10,219 [ForkJoinPool.commonPool-worker-1] INFO  o.s.s.s.o.s.c.s.PostProcessorRegistrationDelegate$BeanPostProcessorChecker - Bean 'provideClientEventBus' of type [com.google.common.eventbus.AsyncEventBus] is not eligible for getting processed by all BeanPostProcessors (for example: not eligible for auto-proxying)
2024-09-24 14:03:22,936 [Worker-2: Loading available Gradle versions] INFO  o.e.b.c.i.u.g.PublishedGradleVersions - Gradle version information cache is up-to-date. Trying to read.
2024-09-24 15:03:28,067 [Worker-1: Loading available Gradle versions] INFO  o.e.b.c.i.u.g.PublishedGradleVersions - Gradle version information cache is up-to-date. Trying to read.
2024-09-24 15:03:37,064 [ForkJoinPool.commonPool-worker-3] INFO  o.s.s.s.o.s.c.s.PostProcessorRegistrationDelegate$BeanPostProcessorChecker - Bean 'sonarLintSpringAppConfig' of type [org.sonarsource.sonarlint.core.spring.SonarLintSpringAppConfig$$EnhancerBySpringCGLIB$$76f752a4] is not eligible for getting processed by all BeanPostProcessors (for example: not eligible for auto-proxying)
2024-09-24 15:03:38,713 [ForkJoinPool.commonPool-worker-3] INFO  o.s.s.s.o.s.c.s.PostProcessorRegistrationDelegate$BeanPostProcessorChecker - Bean 'provideClientEventBus' of type [com.google.common.eventbus.AsyncEventBus] is not eligible for getting processed by all BeanPostProcessors (for example: not eligible for auto-proxying)
2024-09-24 22:37:55,558 [Worker-0: Loading available Gradle versions] INFO  o.e.b.c.i.u.g.PublishedGradleVersions - Gradle version information cache is up-to-date. Trying to read.
2024-09-24 22:38:25,559 [ForkJoinPool.commonPool-worker-3] INFO  o.s.s.s.o.s.c.s.PostProcessorRegistrationDelegate$BeanPostProcessorChecker - Bean 'sonarLintSpringAppConfig' of type [org.sonarsource.sonarlint.core.spring.SonarLintSpringAppConfig$$EnhancerBySpringCGLIB$$4ef93686] is not eligible for getting processed by all BeanPostProcessors (for example: not eligible for auto-proxying)
2024-09-24 22:38:26,490 [ForkJoinPool.commonPool-worker-3] INFO  o.s.s.s.o.s.c.s.PostProcessorRegistrationDelegate$BeanPostProcessorChecker - Bean 'provideClientEventBus' of type [com.google.common.eventbus.AsyncEventBus] is not eligible for getting processed by all BeanPostProcessors (for example: not eligible for auto-proxying)
2024-09-24 22:41:18,593 [Worker-9: reload maven project] INFO  o.e.m.c.i.p.WorkspaceClassifierResolverManager - Resolving P/WeatherApiCommon: com.weatherapi:weather-api-common:1.0.0 with classifier  to /WeatherApiCommon/target/classes
2024-09-24 22:52:56,287 [Worker-13: https://download.eclipse.org/eclipse/updates/4.29/R-4.29-202309031000/content.xml.xz] INFO  o.a.h.c.h.i.c.HttpRequestRetryExec - Recoverable I/O exception (java.net.SocketException) caught when processing request to {s}->https://download.eclipse.org:443
2024-09-25 10:22:06,136 [Worker-0: Loading available Gradle versions] INFO  o.e.b.c.i.u.g.PublishedGradleVersions - Gradle version information cache is up-to-date. Trying to read.
2024-09-25 10:22:10,170 [ForkJoinPool.commonPool-worker-6] INFO  o.s.s.s.o.s.c.s.PostProcessorRegistrationDelegate$BeanPostProcessorChecker - Bean 'sonarLintSpringAppConfig' of type [org.sonarsource.sonarlint.core.spring.SonarLintSpringAppConfig$$EnhancerBySpringCGLIB$$d7af549b] is not eligible for getting processed by all BeanPostProcessors (for example: not eligible for auto-proxying)
2024-09-25 10:22:10,388 [ForkJoinPool.commonPool-worker-6] INFO  o.s.s.s.o.s.c.s.PostProcessorRegistrationDelegate$BeanPostProcessorChecker - Bean 'provideClientEventBus' of type [com.google.common.eventbus.AsyncEventBus] is not eligible for getting processed by all BeanPostProcessors (for example: not eligible for auto-proxying)
2024-09-25 11:42:21,147 [Worker-5: Loading available Gradle versions] INFO  o.e.b.c.i.u.g.PublishedGradleVersions - Gradle version information cache is up-to-date. Trying to read.
2024-09-25 11:42:24,655 [ForkJoinPool.commonPool-worker-4] INFO  o.s.s.s.o.s.c.s.PostProcessorRegistrationDelegate$BeanPostProcessorChecker - Bean 'sonarLintSpringAppConfig' of type [org.sonarsource.sonarlint.core.spring.SonarLintSpringAppConfig$$EnhancerBySpringCGLIB$$ba367475] is not eligible for getting processed by all BeanPostProcessors (for example: not eligible for auto-proxying)
2024-09-25 11:42:24,888 [ForkJoinPool.commonPool-worker-4] INFO  o.s.s.s.o.s.c.s.PostProcessorRegistrationDelegate$BeanPostProcessorChecker - Bean 'provideClientEventBus' of type [com.google.common.eventbus.AsyncEventBus] is not eligible for getting processed by all BeanPostProcessors (for example: not eligible for auto-proxying)
2024-09-25 11:42:35,675 [Worker-1: reload maven project] INFO  o.e.m.c.i.p.WorkspaceClassifierResolverManager - Resolving P/WeatherApiCommon: com.weatherapi:weather-api-common:1.0.0 with classifier  to /WeatherApiCommon/target/classes
2024-09-25 11:56:48,321 [Worker-0: Loading available Gradle versions] INFO  o.e.b.c.i.u.g.PublishedGradleVersions - Gradle version information cache is up-to-date. Trying to read.
2024-09-25 11:56:50,954 [ForkJoinPool.commonPool-worker-6] INFO  o.s.s.s.o.s.c.s.PostProcessorRegistrationDelegate$BeanPostProcessorChecker - Bean 'sonarLintSpringAppConfig' of type [org.sonarsource.sonarlint.core.spring.SonarLintSpringAppConfig$$EnhancerBySpringCGLIB$$94cc5440] is not eligible for getting processed by all BeanPostProcessors (for example: not eligible for auto-proxying)
2024-09-25 11:56:51,140 [ForkJoinPool.commonPool-worker-6] INFO  o.s.s.s.o.s.c.s.PostProcessorRegistrationDelegate$BeanPostProcessorChecker - Bean 'provideClientEventBus' of type [com.google.common.eventbus.AsyncEventBus] is not eligible for getting processed by all BeanPostProcessors (for example: not eligible for auto-proxying)
2024-09-25 11:56:56,129 [Worker-10: reload maven project] INFO  o.e.m.c.i.p.WorkspaceClassifierResolverManager - Resolving P/WeatherApiCommon: com.weatherapi:weather-api-common:1.0.0 with classifier  to /WeatherApiCommon/target/classes
2024-09-25 12:00:19,004 [Worker-11: Building Workspace] INFO  o.a.m.s.f.DefaultMavenResourcesFiltering - Copying 1 resource from src\main\resources to target\classes
2024-09-25 12:00:19,049 [Worker-11: Building Workspace] INFO  o.a.m.s.f.DefaultMavenResourcesFiltering - Copying 0 resource from src\main\resources to target\classes
2024-09-25 12:00:19,057 [Worker-11: Building Workspace] INFO  o.a.m.s.f.DefaultMavenResourcesFiltering - skip non existing resourceDirectory D:\project-java-spring\RestApiCourse\WeatherAPIs\WeatherApiProject\WeatherApiCommon\src\test\resources
2024-09-25 12:00:21,099 [Worker-11: Building Workspace] INFO  o.a.m.s.f.DefaultMavenResourcesFiltering - Copying 1 resource from src\main\resources to target\classes
2024-09-25 12:00:21,129 [Worker-11: Building Workspace] INFO  o.a.m.s.f.DefaultMavenResourcesFiltering - Copying 0 resource from src\main\resources to target\classes
2024-09-25 12:00:21,137 [Worker-11: Building Workspace] INFO  o.a.m.s.f.DefaultMavenResourcesFiltering - skip non existing resourceDirectory D:\project-java-spring\RestApiCourse\WeatherAPIs\WeatherApiProject\WeatherApiService\src\test\resources
2024-09-25 12:00:28,600 [Worker-1: Updating Maven Project] INFO  o.e.m.c.i.p.ProjectConfigurationManager - Update started
2024-09-25 12:00:29,637 [Worker-1: Updating Maven Project] INFO  o.e.m.c.i.l.LifecycleMappingFactory - Using NULL lifecycle mapping for MavenProject: com-weatherapi:WeatherApiProject:1.0.0 @ D:\project-java-spring\RestApiCourse\WeatherAPIs\WeatherApiProject\pom.xml.
2024-09-25 12:00:30,145 [Worker-1: Updating Maven Project] INFO  o.e.m.c.i.l.LifecycleMappingFactory - Using org.eclipse.m2e.jdt.JarLifecycleMapping lifecycle mapping for MavenProject: com.weatherapi:weather-api-common:1.0.0 @ D:\project-java-spring\RestApiCourse\WeatherAPIs\WeatherApiProject\WeatherApiCommon\pom.xml.
2024-09-25 12:00:31,012 [Worker-1: Updating Maven Project] INFO  o.e.m.c.i.l.LifecycleMappingFactory - Using org.eclipse.m2e.jdt.JarLifecycleMapping lifecycle mapping for MavenProject: com.weatherapi:WeatherApiService:1.0.0 @ D:\project-java-spring\RestApiCourse\WeatherAPIs\WeatherApiProject\WeatherApiService\pom.xml.
2024-09-25 12:00:31,311 [Worker-1: Updating Maven Project] INFO  o.e.m.c.i.p.WorkspaceClassifierResolverManager - Resolving P/WeatherApiCommon: com.weatherapi:weather-api-common:1.0.0 with classifier  to /WeatherApiCommon/target/classes
2024-09-25 12:00:32,492 [Worker-1: Updating Maven Project] INFO  o.e.m.j.i.AbstractJavaProjectConfigurator - Adding source folder /WeatherApiCommon/src/main/java
2024-09-25 12:00:32,494 [Worker-1: Updating Maven Project] INFO  o.e.m.j.i.AbstractJavaProjectConfigurator - Adding resource folder /WeatherApiCommon/src/main/resources
2024-09-25 12:00:32,494 [Worker-1: Updating Maven Project] INFO  o.e.m.j.i.AbstractJavaProjectConfigurator - Adding resource folder /WeatherApiCommon/src/main/resources
2024-09-25 12:00:32,495 [Worker-1: Updating Maven Project] INFO  o.e.m.j.i.AbstractJavaProjectConfigurator - Adding source folder /WeatherApiCommon/src/test/java
2024-09-25 12:00:33,587 [Worker-1: Updating Maven Project] INFO  o.e.m.j.i.AbstractJavaProjectConfigurator - Adding source folder /WeatherApiService/src/main/java
2024-09-25 12:00:33,588 [Worker-1: Updating Maven Project] INFO  o.e.m.j.i.AbstractJavaProjectConfigurator - Adding resource folder /WeatherApiService/src/main/resources
2024-09-25 12:00:33,588 [Worker-1: Updating Maven Project] INFO  o.e.m.j.i.AbstractJavaProjectConfigurator - Adding resource folder /WeatherApiService/src/main/resources
2024-09-25 12:00:33,589 [Worker-1: Updating Maven Project] INFO  o.e.m.j.i.AbstractJavaProjectConfigurator - Adding source folder /WeatherApiService/src/test/java
2024-09-25 12:00:35,028 [Worker-1: Updating Maven Project] INFO  o.e.m.c.i.p.ProjectConfigurationManager - Update completed for 3 poms: local refresh takes 0.00 sec, refresh facades takes 3.00 sec, update config takes 1.00 sec 
2024-09-25 12:30:38,342 [Worker-5: Loading available Gradle versions] INFO  o.e.b.c.i.u.g.PublishedGradleVersions - Gradle version information cache is out-of-date. Trying to update.
2024-09-25 12:30:45,789 [Worker-8: reload maven project] INFO  o.e.m.c.i.p.WorkspaceClassifierResolverManager - Resolving P/WeatherApiCommon: com.weatherapi:weather-api-common:1.0.0 with classifier  to /WeatherApiCommon/target/classes
2024-09-25 12:30:46,856 [ForkJoinPool.commonPool-worker-7] INFO  o.s.s.s.o.s.c.s.PostProcessorRegistrationDelegate$BeanPostProcessorChecker - Bean 'sonarLintSpringAppConfig' of type [org.sonarsource.sonarlint.core.spring.SonarLintSpringAppConfig$$EnhancerBySpringCGLIB$$8807c82f] is not eligible for getting processed by all BeanPostProcessors (for example: not eligible for auto-proxying)
2024-09-25 12:30:48,829 [ForkJoinPool.commonPool-worker-7] INFO  o.s.s.s.o.s.c.s.PostProcessorRegistrationDelegate$BeanPostProcessorChecker - Bean 'provideClientEventBus' of type [com.google.common.eventbus.AsyncEventBus] is not eligible for getting processed by all BeanPostProcessors (for example: not eligible for auto-proxying)
2024-09-25 13:39:55,071 [Worker-2: Loading available Gradle versions] INFO  o.e.b.c.i.u.g.PublishedGradleVersions - Gradle version information cache is up-to-date. Trying to read.
2024-09-25 13:39:57,978 [ForkJoinPool.commonPool-worker-3] INFO  o.s.s.s.o.s.c.s.PostProcessorRegistrationDelegate$BeanPostProcessorChecker - Bean 'sonarLintSpringAppConfig' of type [org.sonarsource.sonarlint.core.spring.SonarLintSpringAppConfig$$EnhancerBySpringCGLIB$$a78f9ab7] is not eligible for getting processed by all BeanPostProcessors (for example: not eligible for auto-proxying)
2024-09-25 13:39:58,120 [ForkJoinPool.commonPool-worker-3] INFO  o.s.s.s.o.s.c.s.PostProcessorRegistrationDelegate$BeanPostProcessorChecker - Bean 'provideClientEventBus' of type [com.google.common.eventbus.AsyncEventBus] is not eligible for getting processed by all BeanPostProcessors (for example: not eligible for auto-proxying)
2024-09-25 14:25:33,852 [Worker-3: Loading available Gradle versions] INFO  o.e.b.c.i.u.g.PublishedGradleVersions - Gradle version information cache is up-to-date. Trying to read.
2024-09-25 14:25:40,332 [ForkJoinPool.commonPool-worker-1] INFO  o.s.s.s.o.s.c.s.PostProcessorRegistrationDelegate$BeanPostProcessorChecker - Bean 'sonarLintSpringAppConfig' of type [org.sonarsource.sonarlint.core.spring.SonarLintSpringAppConfig$$EnhancerBySpringCGLIB$$6d042ab3] is not eligible for getting processed by all BeanPostProcessors (for example: not eligible for auto-proxying)
2024-09-25 14:25:41,519 [ForkJoinPool.commonPool-worker-1] INFO  o.s.s.s.o.s.c.s.PostProcessorRegistrationDelegate$BeanPostProcessorChecker - Bean 'provideClientEventBus' of type [com.google.common.eventbus.AsyncEventBus] is not eligible for getting processed by all BeanPostProcessors (for example: not eligible for auto-proxying)
2024-09-25 14:32:26,539 [Worker-6: Loading available Gradle versions] INFO  o.e.b.c.i.u.g.PublishedGradleVersions - Gradle version information cache is up-to-date. Trying to read.
2024-09-25 14:32:29,214 [ForkJoinPool.commonPool-worker-5] INFO  o.s.s.s.o.s.c.s.PostProcessorRegistrationDelegate$BeanPostProcessorChecker - Bean 'sonarLintSpringAppConfig' of type [org.sonarsource.sonarlint.core.spring.SonarLintSpringAppConfig$$EnhancerBySpringCGLIB$$b7acaf7d] is not eligible for getting processed by all BeanPostProcessors (for example: not eligible for auto-proxying)
2024-09-25 14:32:29,436 [ForkJoinPool.commonPool-worker-5] INFO  o.s.s.s.o.s.c.s.PostProcessorRegistrationDelegate$BeanPostProcessorChecker - Bean 'provideClientEventBus' of type [com.google.common.eventbus.AsyncEventBus] is not eligible for getting processed by all BeanPostProcessors (for example: not eligible for auto-proxying)
2024-09-27 09:47:43,739 [Worker-4: Loading available Gradle versions] INFO  o.e.b.c.i.u.g.PublishedGradleVersions - Gradle version information cache is up-to-date. Trying to read.
2024-09-27 09:47:47,368 [ForkJoinPool.commonPool-worker-5] INFO  o.s.s.s.o.s.c.s.PostProcessorRegistrationDelegate$BeanPostProcessorChecker - Bean 'sonarLintSpringAppConfig' of type [org.sonarsource.sonarlint.core.spring.SonarLintSpringAppConfig$$EnhancerBySpringCGLIB$$ed8d6087] is not eligible for getting processed by all BeanPostProcessors (for example: not eligible for auto-proxying)
2024-09-27 09:47:47,516 [ForkJoinPool.commonPool-worker-5] INFO  o.s.s.s.o.s.c.s.PostProcessorRegistrationDelegate$BeanPostProcessorChecker - Bean 'provideClientEventBus' of type [com.google.common.eventbus.AsyncEventBus] is not eligible for getting processed by all BeanPostProcessors (for example: not eligible for auto-proxying)
2024-09-27 21:53:01,017 [Worker-1: Loading available Gradle versions] INFO  o.e.b.c.i.u.g.PublishedGradleVersions - Gradle version information cache is up-to-date. Trying to read.
2024-09-27 21:53:04,305 [ForkJoinPool.commonPool-worker-3] INFO  o.s.s.s.o.s.c.s.PostProcessorRegistrationDelegate$BeanPostProcessorChecker - Bean 'sonarLintSpringAppConfig' of type [org.sonarsource.sonarlint.core.spring.SonarLintSpringAppConfig$$EnhancerBySpringCGLIB$$e9676a6] is not eligible for getting processed by all BeanPostProcessors (for example: not eligible for auto-proxying)
2024-09-27 21:53:04,871 [ForkJoinPool.commonPool-worker-3] INFO  o.s.s.s.o.s.c.s.PostProcessorRegistrationDelegate$BeanPostProcessorChecker - Bean 'provideClientEventBus' of type [com.google.common.eventbus.AsyncEventBus] is not eligible for getting processed by all BeanPostProcessors (for example: not eligible for auto-proxying)
2024-09-27 22:01:28,951 [Worker-23: Check for devtools] INFO  o.e.m.c.i.p.WorkspaceClassifierResolverManager - Resolving P/WeatherApiCommon: com.weatherapi:weather-api-common:1.0.0 with classifier  to /WeatherApiCommon/target/classes
2024-09-27 22:21:17,967 [Worker-27: Launching HourlyWeatherRepositoryTests.testAdd] INFO  o.a.m.s.f.DefaultMavenResourcesFiltering - Copying 1 resource from src\main\resources to target\classes
2024-09-27 22:21:17,983 [Worker-27: Launching HourlyWeatherRepositoryTests.testAdd] INFO  o.a.m.s.f.DefaultMavenResourcesFiltering - Copying 0 resource from src\main\resources to target\classes
2024-09-27 22:21:17,987 [Worker-27: Launching HourlyWeatherRepositoryTests.testAdd] INFO  o.a.m.s.f.DefaultMavenResourcesFiltering - skip non existing resourceDirectory D:\project-java-spring\RestApiCourse\WeatherAPIs\WeatherApiProject\WeatherApiCommon\src\test\resources
2024-09-27 22:21:18,719 [Worker-27: Launching HourlyWeatherRepositoryTests.testAdd] INFO  o.a.m.s.f.DefaultMavenResourcesFiltering - Copying 1 resource from src\main\resources to target\classes
2024-09-27 22:21:18,734 [Worker-27: Launching HourlyWeatherRepositoryTests.testAdd] INFO  o.a.m.s.f.DefaultMavenResourcesFiltering - Copying 0 resource from src\main\resources to target\classes
2024-09-27 22:21:18,739 [Worker-27: Launching HourlyWeatherRepositoryTests.testAdd] INFO  o.a.m.s.f.DefaultMavenResourcesFiltering - skip non existing resourceDirectory D:\project-java-spring\RestApiCourse\WeatherAPIs\WeatherApiProject\WeatherApiService\src\test\resources
2024-09-27 22:21:19,099 [Worker-27: Launching HourlyWeatherRepositoryTests.testAdd] INFO  o.e.m.c.i.p.WorkspaceClassifierResolverManager - Resolving P/WeatherApiCommon: com.weatherapi:weather-api-common:1.0.0 with classifier null to /WeatherApiCommon/target/classes
2024-09-27 22:21:19,269 [Worker-27: Launching HourlyWeatherRepositoryTests.testAdd] INFO  o.e.m.c.i.p.WorkspaceClassifierResolverManager - Resolving P/WeatherApiCommon: com.weatherapi:weather-api-common:1.0.0 with classifier null to /WeatherApiCommon/target/classes
2024-09-27 22:28:22,737 [Worker-25: Launching HourlyWeatherRepositoryTests.testDelete] INFO  o.a.m.s.f.DefaultMavenResourcesFiltering - Copying 0 resource from src\main\resources to target\classes
2024-09-27 22:28:22,740 [Worker-25: Launching HourlyWeatherRepositoryTests.testDelete] INFO  o.a.m.s.f.DefaultMavenResourcesFiltering - Copying 0 resource from src\main\resources to target\classes
2024-09-27 22:28:22,742 [Worker-25: Launching HourlyWeatherRepositoryTests.testDelete] INFO  o.a.m.s.f.DefaultMavenResourcesFiltering - skip non existing resourceDirectory D:\project-java-spring\RestApiCourse\WeatherAPIs\WeatherApiProject\WeatherApiService\src\test\resources
2024-09-27 22:28:22,995 [Worker-25: Launching HourlyWeatherRepositoryTests.testDelete] INFO  o.e.m.c.i.p.WorkspaceClassifierResolverManager - Resolving P/WeatherApiCommon: com.weatherapi:weather-api-common:1.0.0 with classifier null to /WeatherApiCommon/target/classes
2024-09-27 22:28:23,137 [Worker-25: Launching HourlyWeatherRepositoryTests.testDelete] INFO  o.e.m.c.i.p.WorkspaceClassifierResolverManager - Resolving P/WeatherApiCommon: com.weatherapi:weather-api-common:1.0.0 with classifier null to /WeatherApiCommon/target/classes
2024-09-28 08:29:08,103 [Worker-3: Loading available Gradle versions] INFO  o.e.b.c.i.u.g.PublishedGradleVersions - Gradle version information cache is up-to-date. Trying to read.
2024-09-28 08:29:10,194 [ForkJoinPool.commonPool-worker-1] INFO  o.s.s.s.o.s.c.s.PostProcessorRegistrationDelegate$BeanPostProcessorChecker - Bean 'sonarLintSpringAppConfig' of type [org.sonarsource.sonarlint.core.spring.SonarLintSpringAppConfig$$EnhancerBySpringCGLIB$$31ce9ecb] is not eligible for getting processed by all BeanPostProcessors (for example: not eligible for auto-proxying)
2024-09-28 08:29:10,293 [ForkJoinPool.commonPool-worker-1] INFO  o.s.s.s.o.s.c.s.PostProcessorRegistrationDelegate$BeanPostProcessorChecker - Bean 'provideClientEventBus' of type [com.google.common.eventbus.AsyncEventBus] is not eligible for getting processed by all BeanPostProcessors (for example: not eligible for auto-proxying)
2024-09-28 16:20:30,510 [Worker-2: Loading available Gradle versions] INFO  o.e.b.c.i.u.g.PublishedGradleVersions - Gradle version information cache is out-of-date. Trying to update.
2024-09-28 16:20:37,162 [ForkJoinPool.commonPool-worker-5] INFO  o.s.s.s.o.s.c.s.PostProcessorRegistrationDelegate$BeanPostProcessorChecker - Bean 'sonarLintSpringAppConfig' of type [org.sonarsource.sonarlint.core.spring.SonarLintSpringAppConfig$$EnhancerBySpringCGLIB$$2223280c] is not eligible for getting processed by all BeanPostProcessors (for example: not eligible for auto-proxying)
2024-09-28 16:20:37,361 [ForkJoinPool.commonPool-worker-5] INFO  o.s.s.s.o.s.c.s.PostProcessorRegistrationDelegate$BeanPostProcessorChecker - Bean 'provideClientEventBus' of type [com.google.common.eventbus.AsyncEventBus] is not eligible for getting processed by all BeanPostProcessors (for example: not eligible for auto-proxying)
2024-09-28 16:51:38,946 [Worker-26: Launching LocationRepositoryTests.testFindByCountryCodeAndCityNameNotFound] INFO  o.e.m.c.i.p.WorkspaceClassifierResolverManager - Resolving P/WeatherApiCommon: com.weatherapi:weather-api-common:1.0.0 with classifier  to /WeatherApiCommon/target/classes
2024-09-28 16:51:39,403 [Worker-26: Launching LocationRepositoryTests.testFindByCountryCodeAndCityNameNotFound] INFO  o.a.m.s.f.DefaultMavenResourcesFiltering - Copying 1 resource from src\main\resources to target\classes
2024-09-28 16:51:39,434 [Worker-26: Launching LocationRepositoryTests.testFindByCountryCodeAndCityNameNotFound] INFO  o.a.m.s.f.DefaultMavenResourcesFiltering - Copying 0 resource from src\main\resources to target\classes
2024-09-28 16:51:39,442 [Worker-26: Launching LocationRepositoryTests.testFindByCountryCodeAndCityNameNotFound] INFO  o.a.m.s.f.DefaultMavenResourcesFiltering - skip non existing resourceDirectory D:\project-java-spring\RestApiCourse\WeatherAPIs\WeatherApiProject\WeatherApiService\src\test\resources
2024-09-28 16:51:40,245 [Worker-26: Launching LocationRepositoryTests.testFindByCountryCodeAndCityNameNotFound] INFO  o.e.m.c.i.p.WorkspaceClassifierResolverManager - Resolving P/WeatherApiCommon: com.weatherapi:weather-api-common:1.0.0 with classifier null to /WeatherApiCommon/target/classes
2024-09-28 16:51:40,545 [Worker-26: Launching LocationRepositoryTests.testFindByCountryCodeAndCityNameNotFound] INFO  o.e.m.c.i.p.WorkspaceClassifierResolverManager - Resolving P/WeatherApiCommon: com.weatherapi:weather-api-common:1.0.0 with classifier null to /WeatherApiCommon/target/classes
2024-09-28 16:54:43,351 [Worker-24: Launching LocationRepositoryTests.testFindByCountryCodeAndCityNameFound] INFO  o.a.m.s.f.DefaultMavenResourcesFiltering - Copying 0 resource from src\main\resources to target\classes
2024-09-28 16:54:43,351 [Worker-24: Launching LocationRepositoryTests.testFindByCountryCodeAndCityNameFound] INFO  o.a.m.s.f.DefaultMavenResourcesFiltering - Copying 0 resource from src\main\resources to target\classes
2024-09-28 16:54:43,355 [Worker-24: Launching LocationRepositoryTests.testFindByCountryCodeAndCityNameFound] INFO  o.a.m.s.f.DefaultMavenResourcesFiltering - skip non existing resourceDirectory D:\project-java-spring\RestApiCourse\WeatherAPIs\WeatherApiProject\WeatherApiService\src\test\resources
2024-09-28 16:54:43,486 [Worker-24: Launching LocationRepositoryTests.testFindByCountryCodeAndCityNameFound] INFO  o.e.m.c.i.p.WorkspaceClassifierResolverManager - Resolving P/WeatherApiCommon: com.weatherapi:weather-api-common:1.0.0 with classifier null to /WeatherApiCommon/target/classes
2024-09-28 16:54:43,638 [Worker-24: Launching LocationRepositoryTests.testFindByCountryCodeAndCityNameFound] INFO  o.e.m.c.i.p.WorkspaceClassifierResolverManager - Resolving P/WeatherApiCommon: com.weatherapi:weather-api-common:1.0.0 with classifier null to /WeatherApiCommon/target/classes
2024-09-28 16:56:15,172 [Worker-27: Launching LocationRepositoryTests.testFindByCountryCodeAndCityNameFound] INFO  o.a.m.s.f.DefaultMavenResourcesFiltering - Copying 0 resource from src\main\resources to target\classes
2024-09-28 16:56:15,172 [Worker-27: Launching LocationRepositoryTests.testFindByCountryCodeAndCityNameFound] INFO  o.a.m.s.f.DefaultMavenResourcesFiltering - Copying 0 resource from src\main\resources to target\classes
2024-09-28 16:56:15,173 [Worker-27: Launching LocationRepositoryTests.testFindByCountryCodeAndCityNameFound] INFO  o.a.m.s.f.DefaultMavenResourcesFiltering - skip non existing resourceDirectory D:\project-java-spring\RestApiCourse\WeatherAPIs\WeatherApiProject\WeatherApiService\src\test\resources
2024-09-28 16:56:15,304 [Worker-27: Launching LocationRepositoryTests.testFindByCountryCodeAndCityNameFound] INFO  o.e.m.c.i.p.WorkspaceClassifierResolverManager - Resolving P/WeatherApiCommon: com.weatherapi:weather-api-common:1.0.0 with classifier null to /WeatherApiCommon/target/classes
2024-09-28 16:56:15,417 [Worker-27: Launching LocationRepositoryTests.testFindByCountryCodeAndCityNameFound] INFO  o.e.m.c.i.p.WorkspaceClassifierResolverManager - Resolving P/WeatherApiCommon: com.weatherapi:weather-api-common:1.0.0 with classifier null to /WeatherApiCommon/target/classes
2024-09-28 17:12:01,908 [Worker-26: Launching HourlyWeatherRepositoryTests.testFindByLocationCodeFound] INFO  o.a.m.s.f.DefaultMavenResourcesFiltering - Copying 1 resource from src\main\resources to target\classes
2024-09-28 17:12:01,914 [Worker-26: Launching HourlyWeatherRepositoryTests.testFindByLocationCodeFound] INFO  o.a.m.s.f.DefaultMavenResourcesFiltering - Copying 0 resource from src\main\resources to target\classes
2024-09-28 17:12:01,916 [Worker-26: Launching HourlyWeatherRepositoryTests.testFindByLocationCodeFound] INFO  o.a.m.s.f.DefaultMavenResourcesFiltering - skip non existing resourceDirectory D:\project-java-spring\RestApiCourse\WeatherAPIs\WeatherApiProject\WeatherApiService\src\test\resources
2024-09-28 17:12:02,127 [Worker-26: Launching HourlyWeatherRepositoryTests.testFindByLocationCodeFound] INFO  o.e.m.c.i.p.WorkspaceClassifierResolverManager - Resolving P/WeatherApiCommon: com.weatherapi:weather-api-common:1.0.0 with classifier null to /WeatherApiCommon/target/classes
2024-09-28 17:12:02,243 [Worker-26: Launching HourlyWeatherRepositoryTests.testFindByLocationCodeFound] INFO  o.e.m.c.i.p.WorkspaceClassifierResolverManager - Resolving P/WeatherApiCommon: com.weatherapi:weather-api-common:1.0.0 with classifier null to /WeatherApiCommon/target/classes
2024-09-28 17:12:40,754 [Worker-23: Launching HourlyWeatherRepositoryTests.testFindByLocationCodeFound] INFO  o.a.m.s.f.DefaultMavenResourcesFiltering - Copying 0 resource from src\main\resources to target\classes
2024-09-28 17:12:40,755 [Worker-23: Launching HourlyWeatherRepositoryTests.testFindByLocationCodeFound] INFO  o.a.m.s.f.DefaultMavenResourcesFiltering - Copying 0 resource from src\main\resources to target\classes
2024-09-28 17:12:40,758 [Worker-23: Launching HourlyWeatherRepositoryTests.testFindByLocationCodeFound] INFO  o.a.m.s.f.DefaultMavenResourcesFiltering - skip non existing resourceDirectory D:\project-java-spring\RestApiCourse\WeatherAPIs\WeatherApiProject\WeatherApiService\src\test\resources
2024-09-28 17:12:40,927 [Worker-23: Launching HourlyWeatherRepositoryTests.testFindByLocationCodeFound] INFO  o.e.m.c.i.p.WorkspaceClassifierResolverManager - Resolving P/WeatherApiCommon: com.weatherapi:weather-api-common:1.0.0 with classifier null to /WeatherApiCommon/target/classes
2024-09-28 17:12:41,069 [Worker-23: Launching HourlyWeatherRepositoryTests.testFindByLocationCodeFound] INFO  o.e.m.c.i.p.WorkspaceClassifierResolverManager - Resolving P/WeatherApiCommon: com.weatherapi:weather-api-common:1.0.0 with classifier null to /WeatherApiCommon/target/classes
2024-09-28 17:16:40,902 [Worker-26: Launching HourlyWeatherRepositoryTests.testFindByLocationCodeFound] INFO  o.a.m.s.f.DefaultMavenResourcesFiltering - Copying 1 resource from src\main\resources to target\classes
2024-09-28 17:16:40,907 [Worker-26: Launching HourlyWeatherRepositoryTests.testFindByLocationCodeFound] INFO  o.a.m.s.f.DefaultMavenResourcesFiltering - Copying 0 resource from src\main\resources to target\classes
2024-09-28 17:16:40,911 [Worker-26: Launching HourlyWeatherRepositoryTests.testFindByLocationCodeFound] INFO  o.a.m.s.f.DefaultMavenResourcesFiltering - skip non existing resourceDirectory D:\project-java-spring\RestApiCourse\WeatherAPIs\WeatherApiProject\WeatherApiService\src\test\resources
2024-09-28 17:16:41,064 [Worker-26: Launching HourlyWeatherRepositoryTests.testFindByLocationCodeFound] INFO  o.e.m.c.i.p.WorkspaceClassifierResolverManager - Resolving P/WeatherApiCommon: com.weatherapi:weather-api-common:1.0.0 with classifier null to /WeatherApiCommon/target/classes
2024-09-28 17:16:41,193 [Worker-26: Launching HourlyWeatherRepositoryTests.testFindByLocationCodeFound] INFO  o.e.m.c.i.p.WorkspaceClassifierResolverManager - Resolving P/WeatherApiCommon: com.weatherapi:weather-api-common:1.0.0 with classifier null to /WeatherApiCommon/target/classes
2024-09-28 17:17:21,640 [Worker-32: Launching HourlyWeatherRepositoryTests.testFindByLocationCodeFound] INFO  o.a.m.s.f.DefaultMavenResourcesFiltering - Copying 0 resource from src\main\resources to target\classes
2024-09-28 17:17:21,641 [Worker-32: Launching HourlyWeatherRepositoryTests.testFindByLocationCodeFound] INFO  o.a.m.s.f.DefaultMavenResourcesFiltering - Copying 0 resource from src\main\resources to target\classes
2024-09-28 17:17:21,643 [Worker-32: Launching HourlyWeatherRepositoryTests.testFindByLocationCodeFound] INFO  o.a.m.s.f.DefaultMavenResourcesFiltering - skip non existing resourceDirectory D:\project-java-spring\RestApiCourse\WeatherAPIs\WeatherApiProject\WeatherApiService\src\test\resources
2024-09-28 17:17:21,817 [Worker-32: Launching HourlyWeatherRepositoryTests.testFindByLocationCodeFound] INFO  o.e.m.c.i.p.WorkspaceClassifierResolverManager - Resolving P/WeatherApiCommon: com.weatherapi:weather-api-common:1.0.0 with classifier null to /WeatherApiCommon/target/classes
2024-09-28 17:17:21,944 [Worker-32: Launching HourlyWeatherRepositoryTests.testFindByLocationCodeFound] INFO  o.e.m.c.i.p.WorkspaceClassifierResolverManager - Resolving P/WeatherApiCommon: com.weatherapi:weather-api-common:1.0.0 with classifier null to /WeatherApiCommon/target/classes
2024-09-28 17:17:48,185 [Worker-23: Launching HourlyWeatherRepositoryTests.testFindByLocationCodeFound] INFO  o.a.m.s.f.DefaultMavenResourcesFiltering - Copying 0 resource from src\main\resources to target\classes
2024-09-28 17:17:48,185 [Worker-23: Launching HourlyWeatherRepositoryTests.testFindByLocationCodeFound] INFO  o.a.m.s.f.DefaultMavenResourcesFiltering - Copying 0 resource from src\main\resources to target\classes
2024-09-28 17:17:48,190 [Worker-23: Launching HourlyWeatherRepositoryTests.testFindByLocationCodeFound] INFO  o.a.m.s.f.DefaultMavenResourcesFiltering - skip non existing resourceDirectory D:\project-java-spring\RestApiCourse\WeatherAPIs\WeatherApiProject\WeatherApiService\src\test\resources
2024-09-28 17:17:48,305 [Worker-23: Launching HourlyWeatherRepositoryTests.testFindByLocationCodeFound] INFO  o.e.m.c.i.p.WorkspaceClassifierResolverManager - Resolving P/WeatherApiCommon: com.weatherapi:weather-api-common:1.0.0 with classifier null to /WeatherApiCommon/target/classes
2024-09-28 17:17:48,453 [Worker-23: Launching HourlyWeatherRepositoryTests.testFindByLocationCodeFound] INFO  o.e.m.c.i.p.WorkspaceClassifierResolverManager - Resolving P/WeatherApiCommon: com.weatherapi:weather-api-common:1.0.0 with classifier null to /WeatherApiCommon/target/classes
2024-09-28 17:20:20,681 [Worker-35: Launching HourlyWeatherRepositoryTests.testFindByLocationCodeFound] INFO  o.a.m.s.f.DefaultMavenResourcesFiltering - Copying 0 resource from src\main\resources to target\classes
2024-09-28 17:20:20,681 [Worker-35: Launching HourlyWeatherRepositoryTests.testFindByLocationCodeFound] INFO  o.a.m.s.f.DefaultMavenResourcesFiltering - Copying 0 resource from src\main\resources to target\classes
2024-09-28 17:20:20,683 [Worker-35: Launching HourlyWeatherRepositoryTests.testFindByLocationCodeFound] INFO  o.a.m.s.f.DefaultMavenResourcesFiltering - skip non existing resourceDirectory D:\project-java-spring\RestApiCourse\WeatherAPIs\WeatherApiProject\WeatherApiService\src\test\resources
2024-09-28 17:20:20,828 [Worker-35: Launching HourlyWeatherRepositoryTests.testFindByLocationCodeFound] INFO  o.e.m.c.i.p.WorkspaceClassifierResolverManager - Resolving P/WeatherApiCommon: com.weatherapi:weather-api-common:1.0.0 with classifier null to /WeatherApiCommon/target/classes
2024-09-28 17:20:20,994 [Worker-35: Launching HourlyWeatherRepositoryTests.testFindByLocationCodeFound] INFO  o.e.m.c.i.p.WorkspaceClassifierResolverManager - Resolving P/WeatherApiCommon: com.weatherapi:weather-api-common:1.0.0 with classifier null to /WeatherApiCommon/target/classes
2024-09-28 19:07:40,212 [Worker-44: Launching HourlyWeatherRepositoryTests.testFindByLocationCodeNotFound] INFO  o.a.m.s.f.DefaultMavenResourcesFiltering - Copying 0 resource from src\main\resources to target\classes
2024-09-28 19:07:40,213 [Worker-44: Launching HourlyWeatherRepositoryTests.testFindByLocationCodeNotFound] INFO  o.a.m.s.f.DefaultMavenResourcesFiltering - Copying 0 resource from src\main\resources to target\classes
2024-09-28 19:07:40,215 [Worker-44: Launching HourlyWeatherRepositoryTests.testFindByLocationCodeNotFound] INFO  o.a.m.s.f.DefaultMavenResourcesFiltering - skip non existing resourceDirectory D:\project-java-spring\RestApiCourse\WeatherAPIs\WeatherApiProject\WeatherApiService\src\test\resources
2024-09-28 19:07:40,569 [Worker-44: Launching HourlyWeatherRepositoryTests.testFindByLocationCodeNotFound] INFO  o.e.m.c.i.p.WorkspaceClassifierResolverManager - Resolving P/WeatherApiCommon: com.weatherapi:weather-api-common:1.0.0 with classifier null to /WeatherApiCommon/target/classes
2024-09-28 19:07:40,760 [Worker-44: Launching HourlyWeatherRepositoryTests.testFindByLocationCodeNotFound] INFO  o.e.m.c.i.p.WorkspaceClassifierResolverManager - Resolving P/WeatherApiCommon: com.weatherapi:weather-api-common:1.0.0 with classifier null to /WeatherApiCommon/target/classes
2024-09-29 16:01:42,144 [Worker-6: Loading available Gradle versions] INFO  o.e.b.c.i.u.g.PublishedGradleVersions - Gradle version information cache is up-to-date. Trying to read.
2024-09-29 16:01:45,696 [ForkJoinPool.commonPool-worker-5] INFO  o.s.s.s.o.s.c.s.PostProcessorRegistrationDelegate$BeanPostProcessorChecker - Bean 'sonarLintSpringAppConfig' of type [org.sonarsource.sonarlint.core.spring.SonarLintSpringAppConfig$$EnhancerBySpringCGLIB$$ad1b9516] is not eligible for getting processed by all BeanPostProcessors (for example: not eligible for auto-proxying)
2024-09-29 16:01:46,531 [ForkJoinPool.commonPool-worker-5] INFO  o.s.s.s.o.s.c.s.PostProcessorRegistrationDelegate$BeanPostProcessorChecker - Bean 'provideClientEventBus' of type [com.google.common.eventbus.AsyncEventBus] is not eligible for getting processed by all BeanPostProcessors (for example: not eligible for auto-proxying)
2024-09-29 16:18:22,392 [Worker-9: Check for devtools] INFO  o.e.m.c.i.p.WorkspaceClassifierResolverManager - Resolving P/WeatherApiCommon: com.weatherapi:weather-api-common:1.0.0 with classifier  to /WeatherApiCommon/target/classes
2024-09-29 16:28:24,663 [Worker-8: Launching HourlyWeatherApiControllerTests.testGetByIpShouldReturn400BadRequestBecauseNoHeaderXCurrentHour] INFO  o.a.m.s.f.DefaultMavenResourcesFiltering - Copying 1 resource from src\main\resources to target\classes
2024-09-29 16:28:24,705 [Worker-8: Launching HourlyWeatherApiControllerTests.testGetByIpShouldReturn400BadRequestBecauseNoHeaderXCurrentHour] INFO  o.a.m.s.f.DefaultMavenResourcesFiltering - Copying 0 resource from src\main\resources to target\classes
2024-09-29 16:28:24,716 [Worker-8: Launching HourlyWeatherApiControllerTests.testGetByIpShouldReturn400BadRequestBecauseNoHeaderXCurrentHour] INFO  o.a.m.s.f.DefaultMavenResourcesFiltering - skip non existing resourceDirectory D:\project-java-spring\RestApiCourse\WeatherAPIs\WeatherApiProject\WeatherApiService\src\test\resources
2024-09-29 16:28:25,828 [Worker-8: Launching HourlyWeatherApiControllerTests.testGetByIpShouldReturn400BadRequestBecauseNoHeaderXCurrentHour] INFO  o.e.m.c.i.p.WorkspaceClassifierResolverManager - Resolving P/WeatherApiCommon: com.weatherapi:weather-api-common:1.0.0 with classifier null to /WeatherApiCommon/target/classes
2024-09-29 16:28:26,213 [Worker-8: Launching HourlyWeatherApiControllerTests.testGetByIpShouldReturn400BadRequestBecauseNoHeaderXCurrentHour] INFO  o.e.m.c.i.p.WorkspaceClassifierResolverManager - Resolving P/WeatherApiCommon: com.weatherapi:weather-api-common:1.0.0 with classifier null to /WeatherApiCommon/target/classes
2024-09-29 16:46:56,038 [Worker-8: Launching HourlyWeatherApiControllerTests.testGetByIpShouldReturn400BadRequestBecauseNoHeaderXCurrentHour] INFO  o.a.m.s.f.DefaultMavenResourcesFiltering - Copying 1 resource from src\main\resources to target\classes
2024-09-29 16:46:56,110 [Worker-8: Launching HourlyWeatherApiControllerTests.testGetByIpShouldReturn400BadRequestBecauseNoHeaderXCurrentHour] INFO  o.a.m.s.f.DefaultMavenResourcesFiltering - Copying 0 resource from src\main\resources to target\classes
2024-09-29 16:46:56,115 [Worker-8: Launching HourlyWeatherApiControllerTests.testGetByIpShouldReturn400BadRequestBecauseNoHeaderXCurrentHour] INFO  o.a.m.s.f.DefaultMavenResourcesFiltering - skip non existing resourceDirectory D:\project-java-spring\RestApiCourse\WeatherAPIs\WeatherApiProject\WeatherApiService\src\test\resources
2024-09-29 16:46:56,454 [Worker-8: Launching HourlyWeatherApiControllerTests.testGetByIpShouldReturn400BadRequestBecauseNoHeaderXCurrentHour] INFO  o.e.m.c.i.p.WorkspaceClassifierResolverManager - Resolving P/WeatherApiCommon: com.weatherapi:weather-api-common:1.0.0 with classifier null to /WeatherApiCommon/target/classes
2024-09-29 16:46:56,578 [Worker-8: Launching HourlyWeatherApiControllerTests.testGetByIpShouldReturn400BadRequestBecauseNoHeaderXCurrentHour] INFO  o.e.m.c.i.p.WorkspaceClassifierResolverManager - Resolving P/WeatherApiCommon: com.weatherapi:weather-api-common:1.0.0 with classifier null to /WeatherApiCommon/target/classes
2024-09-29 16:58:18,058 [Worker-8: Launching HourlyWeatherApiControllerTests.testGetByIpShouldReturn400BadRequestBecauseGeolocationException] INFO  o.a.m.s.f.DefaultMavenResourcesFiltering - Copying 0 resource from src\main\resources to target\classes
2024-09-29 16:58:18,060 [Worker-8: Launching HourlyWeatherApiControllerTests.testGetByIpShouldReturn400BadRequestBecauseGeolocationException] INFO  o.a.m.s.f.DefaultMavenResourcesFiltering - Copying 0 resource from src\main\resources to target\classes
2024-09-29 16:58:18,062 [Worker-8: Launching HourlyWeatherApiControllerTests.testGetByIpShouldReturn400BadRequestBecauseGeolocationException] INFO  o.a.m.s.f.DefaultMavenResourcesFiltering - skip non existing resourceDirectory D:\project-java-spring\RestApiCourse\WeatherAPIs\WeatherApiProject\WeatherApiService\src\test\resources
2024-09-29 16:58:18,228 [Worker-8: Launching HourlyWeatherApiControllerTests.testGetByIpShouldReturn400BadRequestBecauseGeolocationException] INFO  o.e.m.c.i.p.WorkspaceClassifierResolverManager - Resolving P/WeatherApiCommon: com.weatherapi:weather-api-common:1.0.0 with classifier null to /WeatherApiCommon/target/classes
2024-09-29 16:58:18,344 [Worker-8: Launching HourlyWeatherApiControllerTests.testGetByIpShouldReturn400BadRequestBecauseGeolocationException] INFO  o.e.m.c.i.p.WorkspaceClassifierResolverManager - Resolving P/WeatherApiCommon: com.weatherapi:weather-api-common:1.0.0 with classifier null to /WeatherApiCommon/target/classes
2024-09-29 17:15:14,066 [Worker-26: Launching HourlyWeatherApiControllerTests.testGetByIpShouldReturn400BadRequestBecauseGeolocationException] INFO  o.a.m.s.f.DefaultMavenResourcesFiltering - Copying 0 resource from src\main\resources to target\classes
2024-09-29 17:15:14,067 [Worker-26: Launching HourlyWeatherApiControllerTests.testGetByIpShouldReturn400BadRequestBecauseGeolocationException] INFO  o.a.m.s.f.DefaultMavenResourcesFiltering - Copying 0 resource from src\main\resources to target\classes
2024-09-29 17:15:14,069 [Worker-26: Launching HourlyWeatherApiControllerTests.testGetByIpShouldReturn400BadRequestBecauseGeolocationException] INFO  o.a.m.s.f.DefaultMavenResourcesFiltering - skip non existing resourceDirectory D:\project-java-spring\RestApiCourse\WeatherAPIs\WeatherApiProject\WeatherApiService\src\test\resources
2024-09-29 17:15:14,250 [Worker-26: Launching HourlyWeatherApiControllerTests.testGetByIpShouldReturn400BadRequestBecauseGeolocationException] INFO  o.e.m.c.i.p.WorkspaceClassifierResolverManager - Resolving P/WeatherApiCommon: com.weatherapi:weather-api-common:1.0.0 with classifier null to /WeatherApiCommon/target/classes
2024-09-29 17:15:14,377 [Worker-26: Launching HourlyWeatherApiControllerTests.testGetByIpShouldReturn400BadRequestBecauseGeolocationException] INFO  o.e.m.c.i.p.WorkspaceClassifierResolverManager - Resolving P/WeatherApiCommon: com.weatherapi:weather-api-common:1.0.0 with classifier null to /WeatherApiCommon/target/classes
2024-09-29 17:19:56,127 [Worker-26: Launching HourlyWeatherApiControllerTests.testGetByIpShouldReturn204NoContent] INFO  o.a.m.s.f.DefaultMavenResourcesFiltering - Copying 0 resource from src\main\resources to target\classes
2024-09-29 17:19:56,129 [Worker-26: Launching HourlyWeatherApiControllerTests.testGetByIpShouldReturn204NoContent] INFO  o.a.m.s.f.DefaultMavenResourcesFiltering - Copying 0 resource from src\main\resources to target\classes
2024-09-29 17:19:56,134 [Worker-26: Launching HourlyWeatherApiControllerTests.testGetByIpShouldReturn204NoContent] INFO  o.a.m.s.f.DefaultMavenResourcesFiltering - skip non existing resourceDirectory D:\project-java-spring\RestApiCourse\WeatherAPIs\WeatherApiProject\WeatherApiService\src\test\resources
2024-09-29 17:19:56,415 [Worker-26: Launching HourlyWeatherApiControllerTests.testGetByIpShouldReturn204NoContent] INFO  o.e.m.c.i.p.WorkspaceClassifierResolverManager - Resolving P/WeatherApiCommon: com.weatherapi:weather-api-common:1.0.0 with classifier null to /WeatherApiCommon/target/classes
2024-09-29 17:19:56,559 [Worker-26: Launching HourlyWeatherApiControllerTests.testGetByIpShouldReturn204NoContent] INFO  o.e.m.c.i.p.WorkspaceClassifierResolverManager - Resolving P/WeatherApiCommon: com.weatherapi:weather-api-common:1.0.0 with classifier null to /WeatherApiCommon/target/classes
2024-09-29 19:21:24,790 [Worker-52: Launching HourlyWeatherApiControllerTests.testGetByIpShouldReturn200NoContent] INFO  o.a.m.s.f.DefaultMavenResourcesFiltering - Copying 0 resource from src\main\resources to target\classes
2024-09-29 19:21:24,795 [Worker-52: Launching HourlyWeatherApiControllerTests.testGetByIpShouldReturn200NoContent] INFO  o.a.m.s.f.DefaultMavenResourcesFiltering - Copying 0 resource from src\main\resources to target\classes
2024-09-29 19:21:24,799 [Worker-52: Launching HourlyWeatherApiControllerTests.testGetByIpShouldReturn200NoContent] INFO  o.a.m.s.f.DefaultMavenResourcesFiltering - skip non existing resourceDirectory D:\project-java-spring\RestApiCourse\WeatherAPIs\WeatherApiProject\WeatherApiService\src\test\resources
2024-09-29 19:21:25,279 [Worker-52: Launching HourlyWeatherApiControllerTests.testGetByIpShouldReturn200NoContent] INFO  o.e.m.c.i.p.WorkspaceClassifierResolverManager - Resolving P/WeatherApiCommon: com.weatherapi:weather-api-common:1.0.0 with classifier null to /WeatherApiCommon/target/classes
2024-09-29 19:21:25,536 [Worker-52: Launching HourlyWeatherApiControllerTests.testGetByIpShouldReturn200NoContent] INFO  o.e.m.c.i.p.WorkspaceClassifierResolverManager - Resolving P/WeatherApiCommon: com.weatherapi:weather-api-common:1.0.0 with classifier null to /WeatherApiCommon/target/classes
2024-09-29 19:25:35,055 [Worker-43: Launching HourlyWeatherApiControllerTests.testGetByIpShouldReturn200NoContent] INFO  o.a.m.s.f.DefaultMavenResourcesFiltering - Copying 0 resource from src\main\resources to target\classes
2024-09-29 19:25:35,058 [Worker-43: Launching HourlyWeatherApiControllerTests.testGetByIpShouldReturn200NoContent] INFO  o.a.m.s.f.DefaultMavenResourcesFiltering - Copying 0 resource from src\main\resources to target\classes
2024-09-29 19:25:35,061 [Worker-43: Launching HourlyWeatherApiControllerTests.testGetByIpShouldReturn200NoContent] INFO  o.a.m.s.f.DefaultMavenResourcesFiltering - skip non existing resourceDirectory D:\project-java-spring\RestApiCourse\WeatherAPIs\WeatherApiProject\WeatherApiService\src\test\resources
2024-09-29 19:25:35,338 [Worker-43: Launching HourlyWeatherApiControllerTests.testGetByIpShouldReturn200NoContent] INFO  o.e.m.c.i.p.WorkspaceClassifierResolverManager - Resolving P/WeatherApiCommon: com.weatherapi:weather-api-common:1.0.0 with classifier null to /WeatherApiCommon/target/classes
2024-09-29 19:25:35,516 [Worker-43: Launching HourlyWeatherApiControllerTests.testGetByIpShouldReturn200NoContent] INFO  o.e.m.c.i.p.WorkspaceClassifierResolverManager - Resolving P/WeatherApiCommon: com.weatherapi:weather-api-common:1.0.0 with classifier null to /WeatherApiCommon/target/classes
2024-09-29 20:08:39,929 [Worker-86: Launching HourlyWeatherApiControllerTests.testGetByIpShouldReturn200NoContent] INFO  o.a.m.s.f.DefaultMavenResourcesFiltering - Copying 1 resource from src\main\resources to target\classes
2024-09-29 20:08:40,152 [Worker-86: Launching HourlyWeatherApiControllerTests.testGetByIpShouldReturn200NoContent] INFO  o.a.m.s.f.DefaultMavenResourcesFiltering - Copying 0 resource from src\main\resources to target\classes
2024-09-29 20:08:40,188 [Worker-86: Launching HourlyWeatherApiControllerTests.testGetByIpShouldReturn200NoContent] INFO  o.a.m.s.f.DefaultMavenResourcesFiltering - skip non existing resourceDirectory D:\project-java-spring\RestApiCourse\WeatherAPIs\WeatherApiProject\WeatherApiService\src\test\resources
2024-09-29 20:08:40,563 [Worker-86: Launching HourlyWeatherApiControllerTests.testGetByIpShouldReturn200NoContent] INFO  o.e.m.c.i.p.WorkspaceClassifierResolverManager - Resolving P/WeatherApiCommon: com.weatherapi:weather-api-common:1.0.0 with classifier null to /WeatherApiCommon/target/classes
2024-09-29 20:08:40,747 [Worker-86: Launching HourlyWeatherApiControllerTests.testGetByIpShouldReturn200NoContent] INFO  o.e.m.c.i.p.WorkspaceClassifierResolverManager - Resolving P/WeatherApiCommon: com.weatherapi:weather-api-common:1.0.0 with classifier null to /WeatherApiCommon/target/classes
2024-09-29 20:29:37,819 [Worker-97: Launching HourlyWeatherApiControllerTests.testGetByIpShouldReturn200NoContent] INFO  o.a.m.s.f.DefaultMavenResourcesFiltering - Copying 1 resource from src\main\resources to target\classes
2024-09-29 20:29:38,545 [Worker-97: Launching HourlyWeatherApiControllerTests.testGetByIpShouldReturn200NoContent] INFO  o.a.m.s.f.DefaultMavenResourcesFiltering - Copying 0 resource from src\main\resources to target\classes
2024-09-29 20:29:38,659 [Worker-97: Launching HourlyWeatherApiControllerTests.testGetByIpShouldReturn200NoContent] INFO  o.a.m.s.f.DefaultMavenResourcesFiltering - skip non existing resourceDirectory D:\project-java-spring\RestApiCourse\WeatherAPIs\WeatherApiProject\WeatherApiService\src\test\resources
2024-09-29 20:29:40,728 [Worker-97: Launching HourlyWeatherApiControllerTests.testGetByIpShouldReturn200NoContent] INFO  o.e.m.c.i.p.WorkspaceClassifierResolverManager - Resolving P/WeatherApiCommon: com.weatherapi:weather-api-common:1.0.0 with classifier null to /WeatherApiCommon/target/classes
2024-09-29 20:29:41,650 [Worker-97: Launching HourlyWeatherApiControllerTests.testGetByIpShouldReturn200NoContent] INFO  o.e.m.c.i.p.WorkspaceClassifierResolverManager - Resolving P/WeatherApiCommon: com.weatherapi:weather-api-common:1.0.0 with classifier null to /WeatherApiCommon/target/classes
2024-09-29 20:48:32,279 [Worker-107: Launching HourlyWeatherApiControllerTests.testGetByIpShouldReturn200NoContent] INFO  o.a.m.s.f.DefaultMavenResourcesFiltering - Copying 1 resource from src\main\resources to target\classes
2024-09-29 20:48:32,398 [Worker-107: Launching HourlyWeatherApiControllerTests.testGetByIpShouldReturn200NoContent] INFO  o.a.m.s.f.DefaultMavenResourcesFiltering - Copying 0 resource from src\main\resources to target\classes
2024-09-29 20:48:32,403 [Worker-107: Launching HourlyWeatherApiControllerTests.testGetByIpShouldReturn200NoContent] INFO  o.a.m.s.f.DefaultMavenResourcesFiltering - skip non existing resourceDirectory D:\project-java-spring\RestApiCourse\WeatherAPIs\WeatherApiProject\WeatherApiService\src\test\resources
2024-09-29 20:48:32,894 [Worker-107: Launching HourlyWeatherApiControllerTests.testGetByIpShouldReturn200NoContent] INFO  o.e.m.c.i.p.WorkspaceClassifierResolverManager - Resolving P/WeatherApiCommon: com.weatherapi:weather-api-common:1.0.0 with classifier null to /WeatherApiCommon/target/classes
2024-09-29 20:48:33,143 [Worker-107: Launching HourlyWeatherApiControllerTests.testGetByIpShouldReturn200NoContent] INFO  o.e.m.c.i.p.WorkspaceClassifierResolverManager - Resolving P/WeatherApiCommon: com.weatherapi:weather-api-common:1.0.0 with classifier null to /WeatherApiCommon/target/classes
2024-09-29 20:50:57,244 [Worker-108: Launching HourlyWeatherApiControllerTests.testGetByIpShouldReturn200NoContent] INFO  o.a.m.s.f.DefaultMavenResourcesFiltering - Copying 0 resource from src\main\resources to target\classes
2024-09-29 20:50:57,246 [Worker-108: Launching HourlyWeatherApiControllerTests.testGetByIpShouldReturn200NoContent] INFO  o.a.m.s.f.DefaultMavenResourcesFiltering - Copying 0 resource from src\main\resources to target\classes
2024-09-29 20:50:57,250 [Worker-108: Launching HourlyWeatherApiControllerTests.testGetByIpShouldReturn200NoContent] INFO  o.a.m.s.f.DefaultMavenResourcesFiltering - skip non existing resourceDirectory D:\project-java-spring\RestApiCourse\WeatherAPIs\WeatherApiProject\WeatherApiService\src\test\resources
2024-09-29 20:50:57,476 [Worker-108: Launching HourlyWeatherApiControllerTests.testGetByIpShouldReturn200NoContent] INFO  o.e.m.c.i.p.WorkspaceClassifierResolverManager - Resolving P/WeatherApiCommon: com.weatherapi:weather-api-common:1.0.0 with classifier null to /WeatherApiCommon/target/classes
2024-09-29 20:50:57,670 [Worker-108: Launching HourlyWeatherApiControllerTests.testGetByIpShouldReturn200NoContent] INFO  o.e.m.c.i.p.WorkspaceClassifierResolverManager - Resolving P/WeatherApiCommon: com.weatherapi:weather-api-common:1.0.0 with classifier null to /WeatherApiCommon/target/classes
2024-09-29 20:52:02,827 [Worker-112: Launching HourlyWeatherApiControllerTests.testGetByIpShouldReturn200NoContent] INFO  o.a.m.s.f.DefaultMavenResourcesFiltering - Copying 0 resource from src\main\resources to target\classes
2024-09-29 20:52:02,828 [Worker-112: Launching HourlyWeatherApiControllerTests.testGetByIpShouldReturn200NoContent] INFO  o.a.m.s.f.DefaultMavenResourcesFiltering - Copying 0 resource from src\main\resources to target\classes
2024-09-29 20:52:02,837 [Worker-112: Launching HourlyWeatherApiControllerTests.testGetByIpShouldReturn200NoContent] INFO  o.a.m.s.f.DefaultMavenResourcesFiltering - skip non existing resourceDirectory D:\project-java-spring\RestApiCourse\WeatherAPIs\WeatherApiProject\WeatherApiService\src\test\resources
2024-09-29 20:52:02,990 [Worker-112: Launching HourlyWeatherApiControllerTests.testGetByIpShouldReturn200NoContent] INFO  o.e.m.c.i.p.WorkspaceClassifierResolverManager - Resolving P/WeatherApiCommon: com.weatherapi:weather-api-common:1.0.0 with classifier null to /WeatherApiCommon/target/classes
2024-09-29 20:52:03,139 [Worker-112: Launching HourlyWeatherApiControllerTests.testGetByIpShouldReturn200NoContent] INFO  o.e.m.c.i.p.WorkspaceClassifierResolverManager - Resolving P/WeatherApiCommon: com.weatherapi:weather-api-common:1.0.0 with classifier null to /WeatherApiCommon/target/classes
2024-09-29 20:52:48,215 [Worker-109: Launching HourlyWeatherApiControllerTests.testGetByIpShouldReturn200NoContent] INFO  o.a.m.s.f.DefaultMavenResourcesFiltering - Copying 0 resource from src\main\resources to target\classes
2024-09-29 20:52:48,215 [Worker-109: Launching HourlyWeatherApiControllerTests.testGetByIpShouldReturn200NoContent] INFO  o.a.m.s.f.DefaultMavenResourcesFiltering - Copying 0 resource from src\main\resources to target\classes
2024-09-29 20:52:48,221 [Worker-109: Launching HourlyWeatherApiControllerTests.testGetByIpShouldReturn200NoContent] INFO  o.a.m.s.f.DefaultMavenResourcesFiltering - skip non existing resourceDirectory D:\project-java-spring\RestApiCourse\WeatherAPIs\WeatherApiProject\WeatherApiService\src\test\resources
2024-09-29 20:52:48,436 [Worker-109: Launching HourlyWeatherApiControllerTests.testGetByIpShouldReturn200NoContent] INFO  o.e.m.c.i.p.WorkspaceClassifierResolverManager - Resolving P/WeatherApiCommon: com.weatherapi:weather-api-common:1.0.0 with classifier null to /WeatherApiCommon/target/classes
2024-09-29 20:52:48,658 [Worker-109: Launching HourlyWeatherApiControllerTests.testGetByIpShouldReturn200NoContent] INFO  o.e.m.c.i.p.WorkspaceClassifierResolverManager - Resolving P/WeatherApiCommon: com.weatherapi:weather-api-common:1.0.0 with classifier null to /WeatherApiCommon/target/classes
2024-09-29 20:55:01,481 [Worker-109: Launching Rerun HourlyWeatherApiControllerTests] INFO  o.e.m.c.i.p.WorkspaceClassifierResolverManager - Resolving P/WeatherApiCommon: com.weatherapi:weather-api-common:1.0.0 with classifier null to /WeatherApiCommon/target/classes
2024-09-29 20:55:01,792 [Worker-109: Launching Rerun HourlyWeatherApiControllerTests] INFO  o.e.m.c.i.p.WorkspaceClassifierResolverManager - Resolving P/WeatherApiCommon: com.weatherapi:weather-api-common:1.0.0 with classifier null to /WeatherApiCommon/target/classes
2024-09-29 20:56:52,030 [Worker-113: Launching WeatherApiService - WeatherApiServiceApplication] INFO  o.e.m.c.i.p.WorkspaceClassifierResolverManager - Resolving P/WeatherApiCommon: com.weatherapi:weather-api-common:1.0.0 with classifier null to /WeatherApiCommon/target/classes
2024-09-29 20:56:52,206 [Worker-113: Launching WeatherApiService - WeatherApiServiceApplication] INFO  o.e.m.c.i.p.WorkspaceClassifierResolverManager - Resolving P/WeatherApiCommon: com.weatherapi:weather-api-common:1.0.0 with classifier null to /WeatherApiCommon/target/classes
2024-09-29 20:56:52,392 [Worker-113: Launching WeatherApiService - WeatherApiServiceApplication] INFO  o.e.m.c.i.p.WorkspaceClassifierResolverManager - Resolving P/WeatherApiCommon: com.weatherapi:weather-api-common:1.0.0 with classifier null to /WeatherApiCommon/target/classes
2024-09-29 21:11:06,158 [Worker-109: Launching HourlyWeatherApiControllerTests.testGetByIpShouldReturn200NoContent] INFO  o.a.m.s.f.DefaultMavenResourcesFiltering - Copying 0 resource from src\main\resources to target\classes
2024-09-29 21:11:06,160 [Worker-109: Launching HourlyWeatherApiControllerTests.testGetByIpShouldReturn200NoContent] INFO  o.a.m.s.f.DefaultMavenResourcesFiltering - Copying 0 resource from src\main\resources to target\classes
2024-09-29 21:11:06,163 [Worker-109: Launching HourlyWeatherApiControllerTests.testGetByIpShouldReturn200NoContent] INFO  o.a.m.s.f.DefaultMavenResourcesFiltering - skip non existing resourceDirectory D:\project-java-spring\RestApiCourse\WeatherAPIs\WeatherApiProject\WeatherApiService\src\test\resources
2024-09-29 21:11:06,476 [Worker-109: Launching HourlyWeatherApiControllerTests.testGetByIpShouldReturn200NoContent] INFO  o.e.m.c.i.p.WorkspaceClassifierResolverManager - Resolving P/WeatherApiCommon: com.weatherapi:weather-api-common:1.0.0 with classifier null to /WeatherApiCommon/target/classes
2024-09-29 21:11:06,627 [Worker-109: Launching HourlyWeatherApiControllerTests.testGetByIpShouldReturn200NoContent] INFO  o.e.m.c.i.p.WorkspaceClassifierResolverManager - Resolving P/WeatherApiCommon: com.weatherapi:weather-api-common:1.0.0 with classifier null to /WeatherApiCommon/target/classes
2024-09-29 21:11:51,820 [Worker-121: Launching HourlyWeatherApiControllerTests.testGetByIpShouldReturn400BadRequestBecauseGeolocationException] INFO  o.a.m.s.f.DefaultMavenResourcesFiltering - Copying 0 resource from src\main\resources to target\classes
2024-09-29 21:11:51,821 [Worker-121: Launching HourlyWeatherApiControllerTests.testGetByIpShouldReturn400BadRequestBecauseGeolocationException] INFO  o.a.m.s.f.DefaultMavenResourcesFiltering - Copying 0 resource from src\main\resources to target\classes
2024-09-29 21:11:51,825 [Worker-121: Launching HourlyWeatherApiControllerTests.testGetByIpShouldReturn400BadRequestBecauseGeolocationException] INFO  o.a.m.s.f.DefaultMavenResourcesFiltering - skip non existing resourceDirectory D:\project-java-spring\RestApiCourse\WeatherAPIs\WeatherApiProject\WeatherApiService\src\test\resources
2024-09-29 21:11:52,040 [Worker-121: Launching HourlyWeatherApiControllerTests.testGetByIpShouldReturn400BadRequestBecauseGeolocationException] INFO  o.e.m.c.i.p.WorkspaceClassifierResolverManager - Resolving P/WeatherApiCommon: com.weatherapi:weather-api-common:1.0.0 with classifier null to /WeatherApiCommon/target/classes
2024-09-29 21:11:52,230 [Worker-121: Launching HourlyWeatherApiControllerTests.testGetByIpShouldReturn400BadRequestBecauseGeolocationException] INFO  o.e.m.c.i.p.WorkspaceClassifierResolverManager - Resolving P/WeatherApiCommon: com.weatherapi:weather-api-common:1.0.0 with classifier null to /WeatherApiCommon/target/classes
2024-09-29 21:12:07,564 [Worker-120: Launching HourlyWeatherApiControllerTests.testGetByIpShouldReturn204NoContent] INFO  o.e.m.c.i.p.WorkspaceClassifierResolverManager - Resolving P/WeatherApiCommon: com.weatherapi:weather-api-common:1.0.0 with classifier null to /WeatherApiCommon/target/classes
2024-09-29 21:12:07,725 [Worker-120: Launching HourlyWeatherApiControllerTests.testGetByIpShouldReturn204NoContent] INFO  o.e.m.c.i.p.WorkspaceClassifierResolverManager - Resolving P/WeatherApiCommon: com.weatherapi:weather-api-common:1.0.0 with classifier null to /WeatherApiCommon/target/classes
2024-09-29 21:15:22,049 [Worker-126: Launching WeatherApiService - WeatherApiServiceApplication] INFO  o.a.m.s.f.DefaultMavenResourcesFiltering - Copying 1 resource from src\main\resources to target\classes
2024-09-29 21:15:22,182 [Worker-126: Launching WeatherApiService - WeatherApiServiceApplication] INFO  o.a.m.s.f.DefaultMavenResourcesFiltering - Copying 0 resource from src\main\resources to target\classes
2024-09-29 21:15:22,189 [Worker-126: Launching WeatherApiService - WeatherApiServiceApplication] INFO  o.a.m.s.f.DefaultMavenResourcesFiltering - skip non existing resourceDirectory D:\project-java-spring\RestApiCourse\WeatherAPIs\WeatherApiProject\WeatherApiService\src\test\resources
2024-09-29 21:15:22,459 [Worker-126: Launching WeatherApiService - WeatherApiServiceApplication] INFO  o.e.m.c.i.p.WorkspaceClassifierResolverManager - Resolving P/WeatherApiCommon: com.weatherapi:weather-api-common:1.0.0 with classifier null to /WeatherApiCommon/target/classes
2024-09-29 21:15:22,665 [Worker-126: Launching WeatherApiService - WeatherApiServiceApplication] INFO  o.e.m.c.i.p.WorkspaceClassifierResolverManager - Resolving P/WeatherApiCommon: com.weatherapi:weather-api-common:1.0.0 with classifier null to /WeatherApiCommon/target/classes
2024-09-29 21:15:22,849 [Worker-126: Launching WeatherApiService - WeatherApiServiceApplication] INFO  o.e.m.c.i.p.WorkspaceClassifierResolverManager - Resolving P/WeatherApiCommon: com.weatherapi:weather-api-common:1.0.0 with classifier null to /WeatherApiCommon/target/classes
2024-10-01 15:53:42,404 [Worker-8: Loading available Gradle versions] INFO  o.e.b.c.i.u.g.PublishedGradleVersions - Gradle version information cache is up-to-date. Trying to read.
2024-10-01 15:53:44,595 [ForkJoinPool.commonPool-worker-2] INFO  o.s.s.s.o.s.c.s.PostProcessorRegistrationDelegate$BeanPostProcessorChecker - Bean 'sonarLintSpringAppConfig' of type [org.sonarsource.sonarlint.core.spring.SonarLintSpringAppConfig$$EnhancerBySpringCGLIB$$d92a9c1f] is not eligible for getting processed by all BeanPostProcessors (for example: not eligible for auto-proxying)
2024-10-01 15:53:44,677 [ForkJoinPool.commonPool-worker-2] INFO  o.s.s.s.o.s.c.s.PostProcessorRegistrationDelegate$BeanPostProcessorChecker - Bean 'provideClientEventBus' of type [com.google.common.eventbus.AsyncEventBus] is not eligible for getting processed by all BeanPostProcessors (for example: not eligible for auto-proxying)
2024-10-02 09:10:25,290 [Worker-3: Loading available Gradle versions] INFO  o.e.b.c.i.u.g.PublishedGradleVersions - Gradle version information cache is up-to-date. Trying to read.
2024-10-02 09:10:28,911 [ForkJoinPool.commonPool-worker-5] INFO  o.s.s.s.o.s.c.s.PostProcessorRegistrationDelegate$BeanPostProcessorChecker - Bean 'sonarLintSpringAppConfig' of type [org.sonarsource.sonarlint.core.spring.SonarLintSpringAppConfig$$EnhancerBySpringCGLIB$$6f7e7209] is not eligible for getting processed by all BeanPostProcessors (for example: not eligible for auto-proxying)
2024-10-02 09:10:29,169 [ForkJoinPool.commonPool-worker-5] INFO  o.s.s.s.o.s.c.s.PostProcessorRegistrationDelegate$BeanPostProcessorChecker - Bean 'provideClientEventBus' of type [com.google.common.eventbus.AsyncEventBus] is not eligible for getting processed by all BeanPostProcessors (for example: not eligible for auto-proxying)
2024-10-02 09:26:29,022 [Worker-24: Launching HourlyWeatherApiControllerTests.testGetByCodeShouldReturn400BadRequest] INFO  o.e.m.c.i.p.WorkspaceClassifierResolverManager - Resolving P/WeatherApiCommon: com.weatherapi:weather-api-common:1.0.0 with classifier  to /WeatherApiCommon/target/classes
2024-10-02 09:26:29,345 [Worker-24: Launching HourlyWeatherApiControllerTests.testGetByCodeShouldReturn400BadRequest] INFO  o.a.m.s.f.DefaultMavenResourcesFiltering - Copying 1 resource from src\main\resources to target\classes
2024-10-02 09:26:29,373 [Worker-24: Launching HourlyWeatherApiControllerTests.testGetByCodeShouldReturn400BadRequest] INFO  o.a.m.s.f.DefaultMavenResourcesFiltering - Copying 0 resource from src\main\resources to target\classes
2024-10-02 09:26:29,377 [Worker-24: Launching HourlyWeatherApiControllerTests.testGetByCodeShouldReturn400BadRequest] INFO  o.a.m.s.f.DefaultMavenResourcesFiltering - skip non existing resourceDirectory D:\project-java-spring\RestApiCourse\WeatherAPIs\WeatherApiProject\WeatherApiService\src\test\resources
2024-10-02 09:26:29,916 [Worker-24: Launching HourlyWeatherApiControllerTests.testGetByCodeShouldReturn400BadRequest] INFO  o.e.m.c.i.p.WorkspaceClassifierResolverManager - Resolving P/WeatherApiCommon: com.weatherapi:weather-api-common:1.0.0 with classifier null to /WeatherApiCommon/target/classes
2024-10-02 09:26:30,063 [Worker-24: Launching HourlyWeatherApiControllerTests.testGetByCodeShouldReturn400BadRequest] INFO  o.e.m.c.i.p.WorkspaceClassifierResolverManager - Resolving P/WeatherApiCommon: com.weatherapi:weather-api-common:1.0.0 with classifier null to /WeatherApiCommon/target/classes
2024-10-02 09:27:49,226 [Worker-24: Launching HourlyWeatherApiControllerTests.testGetByIpShouldReturn200OK] INFO  o.e.m.c.i.p.WorkspaceClassifierResolverManager - Resolving P/WeatherApiCommon: com.weatherapi:weather-api-common:1.0.0 with classifier null to /WeatherApiCommon/target/classes
2024-10-02 09:27:49,413 [Worker-24: Launching HourlyWeatherApiControllerTests.testGetByIpShouldReturn200OK] INFO  o.e.m.c.i.p.WorkspaceClassifierResolverManager - Resolving P/WeatherApiCommon: com.weatherapi:weather-api-common:1.0.0 with classifier null to /WeatherApiCommon/target/classes
2024-10-02 09:28:33,162 [Worker-8: Building Workspace] INFO  o.a.m.s.f.DefaultMavenResourcesFiltering - Copying 1 resource from src\main\resources to target\classes
2024-10-02 09:28:33,177 [Worker-8: Building Workspace] INFO  o.a.m.s.f.DefaultMavenResourcesFiltering - Copying 0 resource from src\main\resources to target\classes
2024-10-02 09:28:33,180 [Worker-8: Building Workspace] INFO  o.a.m.s.f.DefaultMavenResourcesFiltering - skip non existing resourceDirectory D:\project-java-spring\RestApiCourse\WeatherAPIs\WeatherApiProject\WeatherApiCommon\src\test\resources
2024-10-02 09:28:33,619 [Worker-8: Building Workspace] INFO  o.a.m.s.f.DefaultMavenResourcesFiltering - Copying 1 resource from src\main\resources to target\classes
2024-10-02 09:28:33,627 [Worker-8: Building Workspace] INFO  o.a.m.s.f.DefaultMavenResourcesFiltering - Copying 0 resource from src\main\resources to target\classes
2024-10-02 09:28:33,630 [Worker-8: Building Workspace] INFO  o.a.m.s.f.DefaultMavenResourcesFiltering - skip non existing resourceDirectory D:\project-java-spring\RestApiCourse\WeatherAPIs\WeatherApiProject\WeatherApiService\src\test\resources
2024-10-02 09:28:44,174 [main] INFO  o.e.m2e.actions.ExecutePomAction - Using existing launch configuration
2024-10-02 09:28:44,325 [Worker-26: Launching WeatherApiProject] INFO  o.eclipse.m2e.core.internal.Bundles - getClasspathEntries(Bundle=org.eclipse.m2e.maven.runtime_3.8.604.20221130-2149 [345])
2024-10-02 09:28:44,330 [Worker-26: Launching WeatherApiProject] INFO  o.eclipse.m2e.core.internal.Bundles - 	Entry: C:\ProgramData\chocolatey\lib\springtoolsuite\tools\sts-4.17.2.RELEASE\plugins\org.eclipse.m2e.maven.runtime_3.8.604.20221130-2149
2024-10-02 09:28:44,330 [Worker-26: Launching WeatherApiProject] INFO  o.eclipse.m2e.core.internal.Bundles - 	Entry: C:\ProgramData\chocolatey\lib\springtoolsuite\tools\sts-4.17.2.RELEASE\plugins\org.eclipse.m2e.maven.runtime_3.8.604.20221130-2149\jars\aether-connector-okhttp-0.17.8.jar
2024-10-02 09:28:44,330 [Worker-26: Launching WeatherApiProject] INFO  o.eclipse.m2e.core.internal.Bundles - 	Entry: C:\ProgramData\chocolatey\lib\springtoolsuite\tools\sts-4.17.2.RELEASE\plugins\org.eclipse.m2e.maven.runtime_3.8.604.20221130-2149\jars\commons-cli-1.4.jar
2024-10-02 09:28:44,331 [Worker-26: Launching WeatherApiProject] INFO  o.eclipse.m2e.core.internal.Bundles - 	Entry: C:\ProgramData\chocolatey\lib\springtoolsuite\tools\sts-4.17.2.RELEASE\plugins\org.eclipse.m2e.maven.runtime_3.8.604.20221130-2149\jars\commons-io-2.6.jar
2024-10-02 09:28:44,331 [Worker-26: Launching WeatherApiProject] INFO  o.eclipse.m2e.core.internal.Bundles - 	Entry: C:\ProgramData\chocolatey\lib\springtoolsuite\tools\sts-4.17.2.RELEASE\plugins\org.eclipse.m2e.maven.runtime_3.8.604.20221130-2149\jars\commons-lang3-3.8.1.jar
2024-10-02 09:28:44,331 [Worker-26: Launching WeatherApiProject] INFO  o.eclipse.m2e.core.internal.Bundles - 	Entry: C:\ProgramData\chocolatey\lib\springtoolsuite\tools\sts-4.17.2.RELEASE\plugins\org.eclipse.m2e.maven.runtime_3.8.604.20221130-2149\jars\guice-4.2.2-no_aop.jar
2024-10-02 09:28:44,331 [Worker-26: Launching WeatherApiProject] INFO  o.eclipse.m2e.core.internal.Bundles - 	Entry: C:\ProgramData\chocolatey\lib\springtoolsuite\tools\sts-4.17.2.RELEASE\plugins\org.eclipse.m2e.maven.runtime_3.8.604.20221130-2149\jars\jansi-2.4.0.jar
2024-10-02 09:28:44,331 [Worker-26: Launching WeatherApiProject] INFO  o.eclipse.m2e.core.internal.Bundles - 	Entry: C:\ProgramData\chocolatey\lib\springtoolsuite\tools\sts-4.17.2.RELEASE\plugins\org.eclipse.m2e.maven.runtime_3.8.604.20221130-2149\jars\maven-artifact-3.8.6.jar
2024-10-02 09:28:44,332 [Worker-26: Launching WeatherApiProject] INFO  o.eclipse.m2e.core.internal.Bundles - 	Entry: C:\ProgramData\chocolatey\lib\springtoolsuite\tools\sts-4.17.2.RELEASE\plugins\org.eclipse.m2e.maven.runtime_3.8.604.20221130-2149\jars\maven-builder-support-3.8.6.jar
2024-10-02 09:28:44,332 [Worker-26: Launching WeatherApiProject] INFO  o.eclipse.m2e.core.internal.Bundles - 	Entry: C:\ProgramData\chocolatey\lib\springtoolsuite\tools\sts-4.17.2.RELEASE\plugins\org.eclipse.m2e.maven.runtime_3.8.604.20221130-2149\jars\maven-compat-3.8.6.jar
2024-10-02 09:28:44,332 [Worker-26: Launching WeatherApiProject] INFO  o.eclipse.m2e.core.internal.Bundles - 	Entry: C:\ProgramData\chocolatey\lib\springtoolsuite\tools\sts-4.17.2.RELEASE\plugins\org.eclipse.m2e.maven.runtime_3.8.604.20221130-2149\jars\maven-core-3.8.6.jar
2024-10-02 09:28:44,332 [Worker-26: Launching WeatherApiProject] INFO  o.eclipse.m2e.core.internal.Bundles - 	Entry: C:\ProgramData\chocolatey\lib\springtoolsuite\tools\sts-4.17.2.RELEASE\plugins\org.eclipse.m2e.maven.runtime_3.8.604.20221130-2149\jars\maven-embedder-3.8.6.jar
2024-10-02 09:28:44,332 [Worker-26: Launching WeatherApiProject] INFO  o.eclipse.m2e.core.internal.Bundles - 	Entry: C:\ProgramData\chocolatey\lib\springtoolsuite\tools\sts-4.17.2.RELEASE\plugins\org.eclipse.m2e.maven.runtime_3.8.604.20221130-2149\jars\maven-model-3.8.6.jar
2024-10-02 09:28:44,333 [Worker-26: Launching WeatherApiProject] INFO  o.eclipse.m2e.core.internal.Bundles - 	Entry: C:\ProgramData\chocolatey\lib\springtoolsuite\tools\sts-4.17.2.RELEASE\plugins\org.eclipse.m2e.maven.runtime_3.8.604.20221130-2149\jars\maven-model-builder-3.8.6.jar
2024-10-02 09:28:44,333 [Worker-26: Launching WeatherApiProject] INFO  o.eclipse.m2e.core.internal.Bundles - 	Entry: C:\ProgramData\chocolatey\lib\springtoolsuite\tools\sts-4.17.2.RELEASE\plugins\org.eclipse.m2e.maven.runtime_3.8.604.20221130-2149\jars\maven-plugin-api-3.8.6.jar
2024-10-02 09:28:44,333 [Worker-26: Launching WeatherApiProject] INFO  o.eclipse.m2e.core.internal.Bundles - 	Entry: C:\ProgramData\chocolatey\lib\springtoolsuite\tools\sts-4.17.2.RELEASE\plugins\org.eclipse.m2e.maven.runtime_3.8.604.20221130-2149\jars\maven-repository-metadata-3.8.6.jar
2024-10-02 09:28:44,333 [Worker-26: Launching WeatherApiProject] INFO  o.eclipse.m2e.core.internal.Bundles - 	Entry: C:\ProgramData\chocolatey\lib\springtoolsuite\tools\sts-4.17.2.RELEASE\plugins\org.eclipse.m2e.maven.runtime_3.8.604.20221130-2149\jars\maven-resolver-api-1.6.3.jar
2024-10-02 09:28:44,333 [Worker-26: Launching WeatherApiProject] INFO  o.eclipse.m2e.core.internal.Bundles - 	Entry: C:\ProgramData\chocolatey\lib\springtoolsuite\tools\sts-4.17.2.RELEASE\plugins\org.eclipse.m2e.maven.runtime_3.8.604.20221130-2149\jars\maven-resolver-connector-basic-1.6.3.jar
2024-10-02 09:28:44,334 [Worker-26: Launching WeatherApiProject] INFO  o.eclipse.m2e.core.internal.Bundles - 	Entry: C:\ProgramData\chocolatey\lib\springtoolsuite\tools\sts-4.17.2.RELEASE\plugins\org.eclipse.m2e.maven.runtime_3.8.604.20221130-2149\jars\maven-resolver-impl-1.6.3.jar
2024-10-02 09:28:44,334 [Worker-26: Launching WeatherApiProject] INFO  o.eclipse.m2e.core.internal.Bundles - 	Entry: C:\ProgramData\chocolatey\lib\springtoolsuite\tools\sts-4.17.2.RELEASE\plugins\org.eclipse.m2e.maven.runtime_3.8.604.20221130-2149\jars\maven-resolver-provider-3.8.6.jar
2024-10-02 09:28:44,334 [Worker-26: Launching WeatherApiProject] INFO  o.eclipse.m2e.core.internal.Bundles - 	Entry: C:\ProgramData\chocolatey\lib\springtoolsuite\tools\sts-4.17.2.RELEASE\plugins\org.eclipse.m2e.maven.runtime_3.8.604.20221130-2149\jars\maven-resolver-spi-1.6.3.jar
2024-10-02 09:28:44,334 [Worker-26: Launching WeatherApiProject] INFO  o.eclipse.m2e.core.internal.Bundles - 	Entry: C:\ProgramData\chocolatey\lib\springtoolsuite\tools\sts-4.17.2.RELEASE\plugins\org.eclipse.m2e.maven.runtime_3.8.604.20221130-2149\jars\maven-resolver-transport-wagon-1.6.3.jar
2024-10-02 09:28:44,334 [Worker-26: Launching WeatherApiProject] INFO  o.eclipse.m2e.core.internal.Bundles - 	Entry: C:\ProgramData\chocolatey\lib\springtoolsuite\tools\sts-4.17.2.RELEASE\plugins\org.eclipse.m2e.maven.runtime_3.8.604.20221130-2149\jars\maven-resolver-util-1.6.3.jar
2024-10-02 09:28:44,334 [Worker-26: Launching WeatherApiProject] INFO  o.eclipse.m2e.core.internal.Bundles - 	Entry: C:\ProgramData\chocolatey\lib\springtoolsuite\tools\sts-4.17.2.RELEASE\plugins\org.eclipse.m2e.maven.runtime_3.8.604.20221130-2149\jars\maven-settings-3.8.6.jar
2024-10-02 09:28:44,334 [Worker-26: Launching WeatherApiProject] INFO  o.eclipse.m2e.core.internal.Bundles - 	Entry: C:\ProgramData\chocolatey\lib\springtoolsuite\tools\sts-4.17.2.RELEASE\plugins\org.eclipse.m2e.maven.runtime_3.8.604.20221130-2149\jars\maven-settings-builder-3.8.6.jar
2024-10-02 09:28:44,335 [Worker-26: Launching WeatherApiProject] INFO  o.eclipse.m2e.core.internal.Bundles - 	Entry: C:\ProgramData\chocolatey\lib\springtoolsuite\tools\sts-4.17.2.RELEASE\plugins\org.eclipse.m2e.maven.runtime_3.8.604.20221130-2149\jars\maven-shared-utils-3.3.4.jar
2024-10-02 09:28:44,335 [Worker-26: Launching WeatherApiProject] INFO  o.eclipse.m2e.core.internal.Bundles - 	Entry: C:\ProgramData\chocolatey\lib\springtoolsuite\tools\sts-4.17.2.RELEASE\plugins\org.eclipse.m2e.maven.runtime_3.8.604.20221130-2149\jars\okhttp-3.14.1.jar
2024-10-02 09:28:44,335 [Worker-26: Launching WeatherApiProject] INFO  o.eclipse.m2e.core.internal.Bundles - 	Entry: C:\ProgramData\chocolatey\lib\springtoolsuite\tools\sts-4.17.2.RELEASE\plugins\org.eclipse.m2e.maven.runtime_3.8.604.20221130-2149\jars\okio-1.17.3.jar
2024-10-02 09:28:44,335 [Worker-26: Launching WeatherApiProject] INFO  o.eclipse.m2e.core.internal.Bundles - 	Entry: C:\ProgramData\chocolatey\lib\springtoolsuite\tools\sts-4.17.2.RELEASE\plugins\org.eclipse.m2e.maven.runtime_3.8.604.20221130-2149\jars\org.eclipse.sisu.inject-0.3.5.jar
2024-10-02 09:28:44,335 [Worker-26: Launching WeatherApiProject] INFO  o.eclipse.m2e.core.internal.Bundles - 	Entry: C:\ProgramData\chocolatey\lib\springtoolsuite\tools\sts-4.17.2.RELEASE\plugins\org.eclipse.m2e.maven.runtime_3.8.604.20221130-2149\jars\org.eclipse.sisu.plexus-0.3.5.jar
2024-10-02 09:28:44,335 [Worker-26: Launching WeatherApiProject] INFO  o.eclipse.m2e.core.internal.Bundles - 	Entry: C:\ProgramData\chocolatey\lib\springtoolsuite\tools\sts-4.17.2.RELEASE\plugins\org.eclipse.m2e.maven.runtime_3.8.604.20221130-2149\jars\plexus-build-api-0.0.7.jar
2024-10-02 09:28:44,335 [Worker-26: Launching WeatherApiProject] INFO  o.eclipse.m2e.core.internal.Bundles - 	Entry: C:\ProgramData\chocolatey\lib\springtoolsuite\tools\sts-4.17.2.RELEASE\plugins\org.eclipse.m2e.maven.runtime_3.8.604.20221130-2149\jars\plexus-cipher-2.0.jar
2024-10-02 09:28:44,335 [Worker-26: Launching WeatherApiProject] INFO  o.eclipse.m2e.core.internal.Bundles - 	Entry: C:\ProgramData\chocolatey\lib\springtoolsuite\tools\sts-4.17.2.RELEASE\plugins\org.eclipse.m2e.maven.runtime_3.8.604.20221130-2149\jars\plexus-classworlds-2.6.0.jar
2024-10-02 09:28:44,335 [Worker-26: Launching WeatherApiProject] INFO  o.eclipse.m2e.core.internal.Bundles - 	Entry: C:\ProgramData\chocolatey\lib\springtoolsuite\tools\sts-4.17.2.RELEASE\plugins\org.eclipse.m2e.maven.runtime_3.8.604.20221130-2149\jars\plexus-component-annotations-2.1.0.jar
2024-10-02 09:28:44,336 [Worker-26: Launching WeatherApiProject] INFO  o.eclipse.m2e.core.internal.Bundles - 	Entry: C:\ProgramData\chocolatey\lib\springtoolsuite\tools\sts-4.17.2.RELEASE\plugins\org.eclipse.m2e.maven.runtime_3.8.604.20221130-2149\jars\plexus-interpolation-1.26.jar
2024-10-02 09:28:44,336 [Worker-26: Launching WeatherApiProject] INFO  o.eclipse.m2e.core.internal.Bundles - 	Entry: C:\ProgramData\chocolatey\lib\springtoolsuite\tools\sts-4.17.2.RELEASE\plugins\org.eclipse.m2e.maven.runtime_3.8.604.20221130-2149\jars\plexus-sec-dispatcher-2.0.jar
2024-10-02 09:28:44,336 [Worker-26: Launching WeatherApiProject] INFO  o.eclipse.m2e.core.internal.Bundles - 	Entry: C:\ProgramData\chocolatey\lib\springtoolsuite\tools\sts-4.17.2.RELEASE\plugins\org.eclipse.m2e.maven.runtime_3.8.604.20221130-2149\jars\plexus-utils-3.3.1.jar
2024-10-02 09:28:44,336 [Worker-26: Launching WeatherApiProject] INFO  o.eclipse.m2e.core.internal.Bundles - 	Entry: C:\ProgramData\chocolatey\lib\springtoolsuite\tools\sts-4.17.2.RELEASE\plugins\org.eclipse.m2e.maven.runtime_3.8.604.20221130-2149\jars\wagon-file-3.5.1.jar
2024-10-02 09:28:44,336 [Worker-26: Launching WeatherApiProject] INFO  o.eclipse.m2e.core.internal.Bundles - 	Entry: C:\ProgramData\chocolatey\lib\springtoolsuite\tools\sts-4.17.2.RELEASE\plugins\org.eclipse.m2e.maven.runtime_3.8.604.20221130-2149\jars\wagon-provider-api-3.5.1.jar
2024-10-02 09:28:44,338 [Worker-26: Launching WeatherApiProject] INFO  o.eclipse.m2e.core.internal.Bundles - getClasspathEntries(Bundle=com.google.guava_32.1.3.jre [1342])
2024-10-02 09:28:44,343 [Worker-26: Launching WeatherApiProject] INFO  o.eclipse.m2e.core.internal.Bundles - 	Entry: C:\Users\ASUS\.eclipse\org.eclipse.platform_4.26.0_90929211_win32_win32_x86_64\plugins\com.google.guava_32.1.3.jre.jar
2024-10-02 09:28:44,343 [Worker-26: Launching WeatherApiProject] INFO  o.eclipse.m2e.core.internal.Bundles - getClasspathEntries(Bundle=slf4j.api_1.7.36 [584])
2024-10-02 09:28:44,344 [Worker-26: Launching WeatherApiProject] INFO  o.eclipse.m2e.core.internal.Bundles - 	Entry: C:\ProgramData\chocolatey\lib\springtoolsuite\tools\sts-4.17.2.RELEASE\plugins\slf4j.api_1.7.36.jar
2024-10-02 09:28:44,344 [Worker-26: Launching WeatherApiProject] INFO  o.eclipse.m2e.core.internal.Bundles - getClasspathEntries(Bundle=javax.inject_1.0.0.v20220405-0441 [49])
2024-10-02 09:28:44,349 [Worker-26: Launching WeatherApiProject] INFO  o.eclipse.m2e.core.internal.Bundles - 	Entry: C:\ProgramData\chocolatey\lib\springtoolsuite\tools\sts-4.17.2.RELEASE\plugins\javax.inject_1.0.0.v20220405-0441.jar
2024-10-02 09:28:44,349 [Worker-26: Launching WeatherApiProject] INFO  o.eclipse.m2e.core.internal.Bundles - getClasspathEntries(Bundle=javax.annotation_1.3.5.v20221112-0806 [47])
2024-10-02 09:28:44,350 [Worker-26: Launching WeatherApiProject] INFO  o.eclipse.m2e.core.internal.Bundles - 	Entry: C:\ProgramData\chocolatey\lib\springtoolsuite\tools\sts-4.17.2.RELEASE\plugins\javax.annotation_1.3.5.v20221112-0806.jar
2024-10-02 09:28:44,350 [Worker-26: Launching WeatherApiProject] INFO  o.eclipse.m2e.core.internal.Bundles - getClasspathEntries(Bundle=com.google.guava.failureaccess_1.0.2 [1344])
2024-10-02 09:28:44,352 [Worker-26: Launching WeatherApiProject] INFO  o.eclipse.m2e.core.internal.Bundles - 	Entry: C:\Users\ASUS\.eclipse\org.eclipse.platform_4.26.0_90929211_win32_win32_x86_64\plugins\com.google.guava.failureaccess_1.0.2.jar
2024-10-02 09:28:44,360 [Worker-26: Launching WeatherApiProject] INFO  o.e.m.i.launch.MavenLaunchDelegate - Run build in "D:\project-java-spring\RestApiCourse\WeatherAPIs\WeatherApiProject":
2024-10-02 09:28:44,373 [Worker-26: Launching WeatherApiProject] INFO  o.e.m.i.launch.MavenLaunchDelegate -  mvn  -B -Dstyle.color=always compile -Dstyle.color=always
2024-10-02 09:29:02,176 [Worker-21: Launching HourlyWeatherApiControllerTests.testGetByIpShouldReturn400BadRequestBecauseNoHeaderXCurrentHour] INFO  o.e.m.c.i.p.WorkspaceClassifierResolverManager - Resolving P/WeatherApiCommon: com.weatherapi:weather-api-common:1.0.0 with classifier null to /WeatherApiCommon/target/classes
2024-10-02 09:29:02,351 [Worker-21: Launching HourlyWeatherApiControllerTests.testGetByIpShouldReturn400BadRequestBecauseNoHeaderXCurrentHour] INFO  o.e.m.c.i.p.WorkspaceClassifierResolverManager - Resolving P/WeatherApiCommon: com.weatherapi:weather-api-common:1.0.0 with classifier null to /WeatherApiCommon/target/classes
2024-10-02 09:29:42,634 [Worker-24: Updating Maven Project] INFO  o.e.m.c.i.p.ProjectConfigurationManager - Update started
2024-10-02 09:29:43,139 [Worker-24: Updating Maven Project] INFO  o.e.m.c.i.l.LifecycleMappingFactory - Using NULL lifecycle mapping for MavenProject: com-weatherapi:WeatherApiProject:1.0.0 @ D:\project-java-spring\RestApiCourse\WeatherAPIs\WeatherApiProject\pom.xml.
2024-10-02 09:29:43,345 [Worker-24: Updating Maven Project] INFO  o.e.m.c.i.l.LifecycleMappingFactory - Using org.eclipse.m2e.jdt.JarLifecycleMapping lifecycle mapping for MavenProject: com.weatherapi:weather-api-common:1.0.0 @ D:\project-java-spring\RestApiCourse\WeatherAPIs\WeatherApiProject\WeatherApiCommon\pom.xml.
2024-10-02 09:29:43,541 [Worker-24: Updating Maven Project] INFO  o.e.m.c.i.l.LifecycleMappingFactory - Using org.eclipse.m2e.jdt.JarLifecycleMapping lifecycle mapping for MavenProject: com.weatherapi:WeatherApiService:1.0.0 @ D:\project-java-spring\RestApiCourse\WeatherAPIs\WeatherApiProject\WeatherApiService\pom.xml.
2024-10-02 09:29:43,610 [Worker-24: Updating Maven Project] INFO  o.e.m.c.i.p.WorkspaceClassifierResolverManager - Resolving P/WeatherApiCommon: com.weatherapi:weather-api-common:1.0.0 with classifier  to /WeatherApiCommon/target/classes
2024-10-02 09:29:44,116 [Worker-24: Updating Maven Project] INFO  o.e.m.j.i.AbstractJavaProjectConfigurator - Adding source folder /WeatherApiCommon/src/main/java
2024-10-02 09:29:44,117 [Worker-24: Updating Maven Project] INFO  o.e.m.j.i.AbstractJavaProjectConfigurator - Adding resource folder /WeatherApiCommon/src/main/resources
2024-10-02 09:29:44,117 [Worker-24: Updating Maven Project] INFO  o.e.m.j.i.AbstractJavaProjectConfigurator - Adding resource folder /WeatherApiCommon/src/main/resources
2024-10-02 09:29:44,117 [Worker-24: Updating Maven Project] INFO  o.e.m.j.i.AbstractJavaProjectConfigurator - Adding source folder /WeatherApiCommon/src/test/java
2024-10-02 09:29:44,459 [Worker-24: Updating Maven Project] INFO  o.e.m.j.i.AbstractJavaProjectConfigurator - Adding source folder /WeatherApiService/src/main/java
2024-10-02 09:29:44,460 [Worker-24: Updating Maven Project] INFO  o.e.m.j.i.AbstractJavaProjectConfigurator - Adding resource folder /WeatherApiService/src/main/resources
2024-10-02 09:29:44,460 [Worker-24: Updating Maven Project] INFO  o.e.m.j.i.AbstractJavaProjectConfigurator - Adding resource folder /WeatherApiService/src/main/resources
2024-10-02 09:29:44,461 [Worker-24: Updating Maven Project] INFO  o.e.m.j.i.AbstractJavaProjectConfigurator - Adding source folder /WeatherApiService/src/test/java
2024-10-02 09:29:45,241 [Worker-24: Updating Maven Project] INFO  o.e.m.c.i.p.ProjectConfigurationManager - Update completed for 3 poms: local refresh takes 0.00 sec, refresh facades takes 1.00 sec, update config takes 0.00 sec 
2024-10-02 09:29:54,994 [main] INFO  o.e.m2e.actions.ExecutePomAction - Using existing launch configuration
2024-10-02 09:29:55,128 [Worker-27: Launching WeatherApiProject] INFO  o.e.m.i.launch.MavenLaunchDelegate - Run build in "D:\project-java-spring\RestApiCourse\WeatherAPIs\WeatherApiProject":
2024-10-02 09:29:55,129 [Worker-27: Launching WeatherApiProject] INFO  o.e.m.i.launch.MavenLaunchDelegate -  mvn  -B -Dstyle.color=always compile -Dstyle.color=always
2024-10-02 09:30:21,825 [Worker-21: Launching HourlyWeatherApiControllerTests] INFO  o.e.m.c.i.p.WorkspaceClassifierResolverManager - Resolving P/WeatherApiCommon: com.weatherapi:weather-api-common:1.0.0 with classifier null to /WeatherApiCommon/target/classes
2024-10-02 09:30:21,956 [Worker-21: Launching HourlyWeatherApiControllerTests] INFO  o.e.m.c.i.p.WorkspaceClassifierResolverManager - Resolving P/WeatherApiCommon: com.weatherapi:weather-api-common:1.0.0 with classifier null to /WeatherApiCommon/target/classes
2024-10-02 09:31:19,669 [Worker-22: Launching HourlyWeatherApiControllerTests.testGetByIpShouldReturn400BadRequestBecauseNoHeaderXCurrentHour] INFO  o.e.m.c.i.p.WorkspaceClassifierResolverManager - Resolving P/WeatherApiCommon: com.weatherapi:weather-api-common:1.0.0 with classifier null to /WeatherApiCommon/target/classes
2024-10-02 09:31:19,798 [Worker-22: Launching HourlyWeatherApiControllerTests.testGetByIpShouldReturn400BadRequestBecauseNoHeaderXCurrentHour] INFO  o.e.m.c.i.p.WorkspaceClassifierResolverManager - Resolving P/WeatherApiCommon: com.weatherapi:weather-api-common:1.0.0 with classifier null to /WeatherApiCommon/target/classes
2024-10-02 09:34:12,871 [Worker-29: Launching HourlyWeatherApiControllerTests.testGetByIpShouldReturn400BadRequestBecauseNoHeaderXCurrentHour] INFO  o.e.m.c.i.p.WorkspaceClassifierResolverManager - Resolving P/WeatherApiCommon: com.weatherapi:weather-api-common:1.0.0 with classifier null to /WeatherApiCommon/target/classes
2024-10-02 09:34:13,005 [Worker-29: Launching HourlyWeatherApiControllerTests.testGetByIpShouldReturn400BadRequestBecauseNoHeaderXCurrentHour] INFO  o.e.m.c.i.p.WorkspaceClassifierResolverManager - Resolving P/WeatherApiCommon: com.weatherapi:weather-api-common:1.0.0 with classifier null to /WeatherApiCommon/target/classes
2024-10-02 09:37:21,335 [Worker-31: Launching HourlyWeatherApiControllerTests.testGetByIpShouldReturn400BadRequestBecauseNoHeaderXCurrentHour] INFO  o.e.m.c.i.p.WorkspaceClassifierResolverManager - Resolving P/WeatherApiCommon: com.weatherapi:weather-api-common:1.0.0 with classifier null to /WeatherApiCommon/target/classes
2024-10-02 09:37:21,506 [Worker-31: Launching HourlyWeatherApiControllerTests.testGetByIpShouldReturn400BadRequestBecauseNoHeaderXCurrentHour] INFO  o.e.m.c.i.p.WorkspaceClassifierResolverManager - Resolving P/WeatherApiCommon: com.weatherapi:weather-api-common:1.0.0 with classifier null to /WeatherApiCommon/target/classes
2024-10-02 09:37:37,363 [Worker-31: Launching HourlyWeatherApiControllerTests.testGetByIpShouldReturn400BadRequestBecauseGeolocationException] INFO  o.e.m.c.i.p.WorkspaceClassifierResolverManager - Resolving P/WeatherApiCommon: com.weatherapi:weather-api-common:1.0.0 with classifier null to /WeatherApiCommon/target/classes
2024-10-02 09:37:37,478 [Worker-31: Launching HourlyWeatherApiControllerTests.testGetByIpShouldReturn400BadRequestBecauseGeolocationException] INFO  o.e.m.c.i.p.WorkspaceClassifierResolverManager - Resolving P/WeatherApiCommon: com.weatherapi:weather-api-common:1.0.0 with classifier null to /WeatherApiCommon/target/classes
2024-10-02 09:37:48,656 [Worker-28: Launching HourlyWeatherApiControllerTests.testGetByIpShouldReturn204NoContent] INFO  o.e.m.c.i.p.WorkspaceClassifierResolverManager - Resolving P/WeatherApiCommon: com.weatherapi:weather-api-common:1.0.0 with classifier null to /WeatherApiCommon/target/classes
2024-10-02 09:37:48,824 [Worker-28: Launching HourlyWeatherApiControllerTests.testGetByIpShouldReturn204NoContent] INFO  o.e.m.c.i.p.WorkspaceClassifierResolverManager - Resolving P/WeatherApiCommon: com.weatherapi:weather-api-common:1.0.0 with classifier null to /WeatherApiCommon/target/classes
2024-10-02 09:38:00,659 [Worker-21: Launching HourlyWeatherApiControllerTests.testGetByIpShouldReturn200OK] INFO  o.e.m.c.i.p.WorkspaceClassifierResolverManager - Resolving P/WeatherApiCommon: com.weatherapi:weather-api-common:1.0.0 with classifier null to /WeatherApiCommon/target/classes
2024-10-02 09:38:00,792 [Worker-21: Launching HourlyWeatherApiControllerTests.testGetByIpShouldReturn200OK] INFO  o.e.m.c.i.p.WorkspaceClassifierResolverManager - Resolving P/WeatherApiCommon: com.weatherapi:weather-api-common:1.0.0 with classifier null to /WeatherApiCommon/target/classes
2024-10-02 09:38:14,544 [Worker-31: Launching HourlyWeatherApiControllerTests.testGetByCodeShouldReturn400BadRequest] INFO  o.e.m.c.i.p.WorkspaceClassifierResolverManager - Resolving P/WeatherApiCommon: com.weatherapi:weather-api-common:1.0.0 with classifier null to /WeatherApiCommon/target/classes
2024-10-02 09:38:14,676 [Worker-31: Launching HourlyWeatherApiControllerTests.testGetByCodeShouldReturn400BadRequest] INFO  o.e.m.c.i.p.WorkspaceClassifierResolverManager - Resolving P/WeatherApiCommon: com.weatherapi:weather-api-common:1.0.0 with classifier null to /WeatherApiCommon/target/classes
2024-10-02 09:38:34,514 [Worker-8: Launching HourlyWeatherApiControllerTests.testGetByCodeShouldReturn404NotFound] INFO  o.e.m.c.i.p.WorkspaceClassifierResolverManager - Resolving P/WeatherApiCommon: com.weatherapi:weather-api-common:1.0.0 with classifier null to /WeatherApiCommon/target/classes
2024-10-02 09:38:34,637 [Worker-8: Launching HourlyWeatherApiControllerTests.testGetByCodeShouldReturn404NotFound] INFO  o.e.m.c.i.p.WorkspaceClassifierResolverManager - Resolving P/WeatherApiCommon: com.weatherapi:weather-api-common:1.0.0 with classifier null to /WeatherApiCommon/target/classes
2024-10-02 09:38:54,497 [Worker-22: Launching HourlyWeatherApiControllerTests.testGetByCodeShouldReturn204NoContent] INFO  o.e.m.c.i.p.WorkspaceClassifierResolverManager - Resolving P/WeatherApiCommon: com.weatherapi:weather-api-common:1.0.0 with classifier null to /WeatherApiCommon/target/classes
2024-10-02 09:38:54,644 [Worker-22: Launching HourlyWeatherApiControllerTests.testGetByCodeShouldReturn204NoContent] INFO  o.e.m.c.i.p.WorkspaceClassifierResolverManager - Resolving P/WeatherApiCommon: com.weatherapi:weather-api-common:1.0.0 with classifier null to /WeatherApiCommon/target/classes
2024-10-02 09:39:11,876 [Worker-22: Launching HourlyWeatherApiControllerTests.testGetByCodeShouldReturn200OK] INFO  o.e.m.c.i.p.WorkspaceClassifierResolverManager - Resolving P/WeatherApiCommon: com.weatherapi:weather-api-common:1.0.0 with classifier null to /WeatherApiCommon/target/classes
2024-10-02 09:39:12,059 [Worker-22: Launching HourlyWeatherApiControllerTests.testGetByCodeShouldReturn200OK] INFO  o.e.m.c.i.p.WorkspaceClassifierResolverManager - Resolving P/WeatherApiCommon: com.weatherapi:weather-api-common:1.0.0 with classifier null to /WeatherApiCommon/target/classes
2024-10-02 09:50:21,173 [Worker-33: Launching HourlyWeatherApiControllerTests.testGetByCodeShouldReturn200OK] INFO  o.e.m.c.i.p.WorkspaceClassifierResolverManager - Resolving P/WeatherApiCommon: com.weatherapi:weather-api-common:1.0.0 with classifier null to /WeatherApiCommon/target/classes
2024-10-02 09:50:21,329 [Worker-33: Launching HourlyWeatherApiControllerTests.testGetByCodeShouldReturn200OK] INFO  o.e.m.c.i.p.WorkspaceClassifierResolverManager - Resolving P/WeatherApiCommon: com.weatherapi:weather-api-common:1.0.0 with classifier null to /WeatherApiCommon/target/classes
2024-10-02 09:50:45,881 [Worker-34: Launching WeatherApiService - WeatherApiServiceApplication] INFO  o.e.m.c.i.p.WorkspaceClassifierResolverManager - Resolving P/WeatherApiCommon: com.weatherapi:weather-api-common:1.0.0 with classifier null to /WeatherApiCommon/target/classes
2024-10-02 09:50:45,968 [Worker-34: Launching WeatherApiService - WeatherApiServiceApplication] INFO  o.e.m.c.i.p.WorkspaceClassifierResolverManager - Resolving P/WeatherApiCommon: com.weatherapi:weather-api-common:1.0.0 with classifier null to /WeatherApiCommon/target/classes
2024-10-02 09:50:46,088 [Worker-34: Launching WeatherApiService - WeatherApiServiceApplication] INFO  o.e.m.c.i.p.WorkspaceClassifierResolverManager - Resolving P/WeatherApiCommon: com.weatherapi:weather-api-common:1.0.0 with classifier null to /WeatherApiCommon/target/classes
2024-10-02 16:05:04,410 [Worker-67: Launching HourlyWeatherApiControllerTests.testUpdateShouldReturn400BadRequestBecauseNoData] INFO  o.e.m.c.i.p.WorkspaceClassifierResolverManager - Resolving P/WeatherApiCommon: com.weatherapi:weather-api-common:1.0.0 with classifier null to /WeatherApiCommon/target/classes
2024-10-02 16:05:04,575 [Worker-67: Launching HourlyWeatherApiControllerTests.testUpdateShouldReturn400BadRequestBecauseNoData] INFO  o.e.m.c.i.p.WorkspaceClassifierResolverManager - Resolving P/WeatherApiCommon: com.weatherapi:weather-api-common:1.0.0 with classifier null to /WeatherApiCommon/target/classes
2024-10-02 16:05:21,731 [Worker-71: Launching HourlyWeatherApiControllerTests.testUpdateShouldReturn400BadRequestBecauseNoData] INFO  o.e.m.c.i.p.WorkspaceClassifierResolverManager - Resolving P/WeatherApiCommon: com.weatherapi:weather-api-common:1.0.0 with classifier null to /WeatherApiCommon/target/classes
2024-10-02 16:05:21,873 [Worker-71: Launching HourlyWeatherApiControllerTests.testUpdateShouldReturn400BadRequestBecauseNoData] INFO  o.e.m.c.i.p.WorkspaceClassifierResolverManager - Resolving P/WeatherApiCommon: com.weatherapi:weather-api-common:1.0.0 with classifier null to /WeatherApiCommon/target/classes
2024-10-02 16:05:58,580 [Worker-68: Launching HourlyWeatherApiControllerTests.testUpdateShouldReturn400BadRequestBecauseNoData] INFO  o.e.m.c.i.p.WorkspaceClassifierResolverManager - Resolving P/WeatherApiCommon: com.weatherapi:weather-api-common:1.0.0 with classifier null to /WeatherApiCommon/target/classes
2024-10-02 16:05:58,721 [Worker-68: Launching HourlyWeatherApiControllerTests.testUpdateShouldReturn400BadRequestBecauseNoData] INFO  o.e.m.c.i.p.WorkspaceClassifierResolverManager - Resolving P/WeatherApiCommon: com.weatherapi:weather-api-common:1.0.0 with classifier null to /WeatherApiCommon/target/classes
2024-10-02 16:20:34,624 [Worker-77: Launching HourlyWeatherApiControllerTests.testUpdateShouldReturn400BadRequestBecauseNoData] INFO  o.e.m.c.i.p.WorkspaceClassifierResolverManager - Resolving P/WeatherApiCommon: com.weatherapi:weather-api-common:1.0.0 with classifier null to /WeatherApiCommon/target/classes
2024-10-02 16:20:37,506 [Worker-77: Launching HourlyWeatherApiControllerTests.testUpdateShouldReturn400BadRequestBecauseNoData] INFO  o.e.m.c.i.p.WorkspaceClassifierResolverManager - Resolving P/WeatherApiCommon: com.weatherapi:weather-api-common:1.0.0 with classifier null to /WeatherApiCommon/target/classes
2024-10-02 16:30:57,516 [Worker-63: Launching HourlyWeatherApiControllerTests.testUpdateShouldReturn400BadRequestBecauseNoData] INFO  o.e.m.c.i.p.WorkspaceClassifierResolverManager - Resolving P/WeatherApiCommon: com.weatherapi:weather-api-common:1.0.0 with classifier null to /WeatherApiCommon/target/classes
2024-10-02 16:30:57,761 [Worker-63: Launching HourlyWeatherApiControllerTests.testUpdateShouldReturn400BadRequestBecauseNoData] INFO  o.e.m.c.i.p.WorkspaceClassifierResolverManager - Resolving P/WeatherApiCommon: com.weatherapi:weather-api-common:1.0.0 with classifier null to /WeatherApiCommon/target/classes
2024-10-02 16:31:59,892 [Worker-82: Launching HourlyWeatherApiControllerTests.testUpdateShouldReturn400BadRequestBecauseNoData] INFO  o.e.m.c.i.p.WorkspaceClassifierResolverManager - Resolving P/WeatherApiCommon: com.weatherapi:weather-api-common:1.0.0 with classifier null to /WeatherApiCommon/target/classes
2024-10-02 16:32:00,052 [Worker-82: Launching HourlyWeatherApiControllerTests.testUpdateShouldReturn400BadRequestBecauseNoData] INFO  o.e.m.c.i.p.WorkspaceClassifierResolverManager - Resolving P/WeatherApiCommon: com.weatherapi:weather-api-common:1.0.0 with classifier null to /WeatherApiCommon/target/classes
2024-10-02 16:35:15,844 [Worker-80: Launching HourlyWeatherApiControllerTests.testUpdateShouldReturn400BadRequestBecauseNoData] INFO  o.e.m.c.i.p.WorkspaceClassifierResolverManager - Resolving P/WeatherApiCommon: com.weatherapi:weather-api-common:1.0.0 with classifier null to /WeatherApiCommon/target/classes
2024-10-02 16:35:16,187 [Worker-80: Launching HourlyWeatherApiControllerTests.testUpdateShouldReturn400BadRequestBecauseNoData] INFO  o.e.m.c.i.p.WorkspaceClassifierResolverManager - Resolving P/WeatherApiCommon: com.weatherapi:weather-api-common:1.0.0 with classifier null to /WeatherApiCommon/target/classes
2024-10-03 21:52:28,228 [ForkJoinPool.commonPool-worker-6] INFO  o.s.s.s.o.s.c.s.PostProcessorRegistrationDelegate$BeanPostProcessorChecker - Bean 'sonarLintSpringAppConfig' of type [org.sonarsource.sonarlint.core.spring.SonarLintSpringAppConfig$$EnhancerBySpringCGLIB$$f4843535] is not eligible for getting processed by all BeanPostProcessors (for example: not eligible for auto-proxying)
2024-10-03 21:52:28,511 [ForkJoinPool.commonPool-worker-6] INFO  o.s.s.s.o.s.c.s.PostProcessorRegistrationDelegate$BeanPostProcessorChecker - Bean 'provideClientEventBus' of type [com.google.common.eventbus.AsyncEventBus] is not eligible for getting processed by all BeanPostProcessors (for example: not eligible for auto-proxying)
2024-10-03 21:52:36,449 [Worker-16: Loading available Gradle versions] INFO  o.e.b.c.i.u.g.PublishedGradleVersions - Gradle version information cache is out-of-date. Trying to update.
2024-10-03 22:12:09,599 [ForkJoinPool.commonPool-worker-6] INFO  o.s.s.s.o.s.c.s.PostProcessorRegistrationDelegate$BeanPostProcessorChecker - Bean 'sonarLintSpringAppConfig' of type [org.sonarsource.sonarlint.core.spring.SonarLintSpringAppConfig$$EnhancerBySpringCGLIB$$92b5c549] is not eligible for getting processed by all BeanPostProcessors (for example: not eligible for auto-proxying)
2024-10-03 22:12:09,692 [ForkJoinPool.commonPool-worker-6] INFO  o.s.s.s.o.s.c.s.PostProcessorRegistrationDelegate$BeanPostProcessorChecker - Bean 'provideClientEventBus' of type [com.google.common.eventbus.AsyncEventBus] is not eligible for getting processed by all BeanPostProcessors (for example: not eligible for auto-proxying)
2024-10-03 22:12:14,303 [Worker-9: Loading available Gradle versions] INFO  o.e.b.c.i.u.g.PublishedGradleVersions - Gradle version information cache is up-to-date. Trying to read.
2024-10-16 13:55:59,250 [ForkJoinPool.commonPool-worker-2] INFO  o.s.s.s.o.s.c.s.PostProcessorRegistrationDelegate$BeanPostProcessorChecker - Bean 'sonarLintSpringAppConfig' of type [org.sonarsource.sonarlint.core.spring.SonarLintSpringAppConfig$$EnhancerBySpringCGLIB$$58f6bedd] is not eligible for getting processed by all BeanPostProcessors (for example: not eligible for auto-proxying)
2024-10-16 13:55:59,396 [ForkJoinPool.commonPool-worker-2] INFO  o.s.s.s.o.s.c.s.PostProcessorRegistrationDelegate$BeanPostProcessorChecker - Bean 'provideClientEventBus' of type [com.google.common.eventbus.AsyncEventBus] is not eligible for getting processed by all BeanPostProcessors (for example: not eligible for auto-proxying)
2024-10-16 13:56:01,961 [Worker-16: Loading available Gradle versions] INFO  o.e.b.c.i.u.g.PublishedGradleVersions - Gradle version information cache is up-to-date. Trying to read.
2024-10-16 15:46:44,532 [ForkJoinPool.commonPool-worker-5] INFO  o.s.s.s.o.s.c.s.PostProcessorRegistrationDelegate$BeanPostProcessorChecker - Bean 'sonarLintSpringAppConfig' of type [org.sonarsource.sonarlint.core.spring.SonarLintSpringAppConfig$$EnhancerBySpringCGLIB$$da8bc589] is not eligible for getting processed by all BeanPostProcessors (for example: not eligible for auto-proxying)
2024-10-16 15:46:44,735 [ForkJoinPool.commonPool-worker-5] INFO  o.s.s.s.o.s.c.s.PostProcessorRegistrationDelegate$BeanPostProcessorChecker - Bean 'provideClientEventBus' of type [com.google.common.eventbus.AsyncEventBus] is not eligible for getting processed by all BeanPostProcessors (for example: not eligible for auto-proxying)
2024-10-16 15:46:48,509 [Worker-10: Loading available Gradle versions] INFO  o.e.b.c.i.u.g.PublishedGradleVersions - Gradle version information cache is up-to-date. Trying to read.
2024-10-16 16:45:53,201 [Worker-31: Launching HourlyWeatherApiControllerTests.testUpdateShouldReturn400BadRequestBecauseInvalidData] INFO  o.a.m.s.f.DefaultMavenResourcesFiltering - Copying 1 resource from src\main\resources to target\classes
2024-10-16 16:45:53,221 [Worker-31: Launching HourlyWeatherApiControllerTests.testUpdateShouldReturn400BadRequestBecauseInvalidData] INFO  o.a.m.s.f.DefaultMavenResourcesFiltering - Copying 0 resource from src\main\resources to target\classes
2024-10-16 16:45:53,225 [Worker-31: Launching HourlyWeatherApiControllerTests.testUpdateShouldReturn400BadRequestBecauseInvalidData] INFO  o.a.m.s.f.DefaultMavenResourcesFiltering - skip non existing resourceDirectory D:\project-java-spring\RestApiCourse\WeatherAPIs\WeatherApiProject\WeatherApiCommon\src\test\resources
2024-10-16 16:45:54,643 [Worker-31: Launching HourlyWeatherApiControllerTests.testUpdateShouldReturn400BadRequestBecauseInvalidData] INFO  o.e.m.c.i.p.WorkspaceClassifierResolverManager - Resolving P/WeatherApiCommon: com.weatherapi:weather-api-common:1.0.0 with classifier  to /WeatherApiCommon/target/classes
2024-10-16 16:45:54,756 [Worker-31: Launching HourlyWeatherApiControllerTests.testUpdateShouldReturn400BadRequestBecauseInvalidData] INFO  o.a.m.s.f.DefaultMavenResourcesFiltering - Copying 1 resource from src\main\resources to target\classes
2024-10-16 16:45:54,776 [Worker-31: Launching HourlyWeatherApiControllerTests.testUpdateShouldReturn400BadRequestBecauseInvalidData] INFO  o.a.m.s.f.DefaultMavenResourcesFiltering - Copying 0 resource from src\main\resources to target\classes
2024-10-16 16:45:54,780 [Worker-31: Launching HourlyWeatherApiControllerTests.testUpdateShouldReturn400BadRequestBecauseInvalidData] INFO  o.a.m.s.f.DefaultMavenResourcesFiltering - skip non existing resourceDirectory D:\project-java-spring\RestApiCourse\WeatherAPIs\WeatherApiProject\WeatherApiService\src\test\resources
2024-10-16 16:45:55,102 [Worker-31: Launching HourlyWeatherApiControllerTests.testUpdateShouldReturn400BadRequestBecauseInvalidData] INFO  o.e.m.c.i.p.WorkspaceClassifierResolverManager - Resolving P/WeatherApiCommon: com.weatherapi:weather-api-common:1.0.0 with classifier null to /WeatherApiCommon/target/classes
2024-10-16 16:45:55,246 [Worker-31: Launching HourlyWeatherApiControllerTests.testUpdateShouldReturn400BadRequestBecauseInvalidData] INFO  o.e.m.c.i.p.WorkspaceClassifierResolverManager - Resolving P/WeatherApiCommon: com.weatherapi:weather-api-common:1.0.0 with classifier null to /WeatherApiCommon/target/classes
2024-10-16 17:04:01,472 [Worker-46: Launching HourlyWeatherApiControllerTests.testUpdateShouldReturn400BadRequestBecauseInvalidData] INFO  o.a.m.s.f.DefaultMavenResourcesFiltering - Copying 1 resource from src\main\resources to target\classes
2024-10-16 17:04:01,576 [Worker-46: Launching HourlyWeatherApiControllerTests.testUpdateShouldReturn400BadRequestBecauseInvalidData] INFO  o.a.m.s.f.DefaultMavenResourcesFiltering - Copying 0 resource from src\main\resources to target\classes
2024-10-16 17:04:01,578 [Worker-46: Launching HourlyWeatherApiControllerTests.testUpdateShouldReturn400BadRequestBecauseInvalidData] INFO  o.a.m.s.f.DefaultMavenResourcesFiltering - skip non existing resourceDirectory D:\project-java-spring\RestApiCourse\WeatherAPIs\WeatherApiProject\WeatherApiCommon\src\test\resources
2024-10-16 17:04:01,789 [Worker-46: Launching HourlyWeatherApiControllerTests.testUpdateShouldReturn400BadRequestBecauseInvalidData] INFO  o.a.m.s.f.DefaultMavenResourcesFiltering - Copying 1 resource from src\main\resources to target\classes
2024-10-16 17:04:01,908 [Worker-46: Launching HourlyWeatherApiControllerTests.testUpdateShouldReturn400BadRequestBecauseInvalidData] INFO  o.a.m.s.f.DefaultMavenResourcesFiltering - Copying 0 resource from src\main\resources to target\classes
2024-10-16 17:04:01,910 [Worker-46: Launching HourlyWeatherApiControllerTests.testUpdateShouldReturn400BadRequestBecauseInvalidData] INFO  o.a.m.s.f.DefaultMavenResourcesFiltering - skip non existing resourceDirectory D:\project-java-spring\RestApiCourse\WeatherAPIs\WeatherApiProject\WeatherApiService\src\test\resources
2024-10-16 17:04:02,166 [Worker-46: Launching HourlyWeatherApiControllerTests.testUpdateShouldReturn400BadRequestBecauseInvalidData] INFO  o.e.m.c.i.p.WorkspaceClassifierResolverManager - Resolving P/WeatherApiCommon: com.weatherapi:weather-api-common:1.0.0 with classifier null to /WeatherApiCommon/target/classes
2024-10-16 17:04:02,287 [Worker-46: Launching HourlyWeatherApiControllerTests.testUpdateShouldReturn400BadRequestBecauseInvalidData] INFO  o.e.m.c.i.p.WorkspaceClassifierResolverManager - Resolving P/WeatherApiCommon: com.weatherapi:weather-api-common:1.0.0 with classifier null to /WeatherApiCommon/target/classes
2024-10-16 17:09:20,705 [Worker-51: Launching Rerun HourlyWeatherApiControllerTests] INFO  o.a.m.s.f.DefaultMavenResourcesFiltering - Copying 1 resource from src\main\resources to target\classes
2024-10-16 17:09:20,714 [Worker-51: Launching Rerun HourlyWeatherApiControllerTests] INFO  o.a.m.s.f.DefaultMavenResourcesFiltering - Copying 0 resource from src\main\resources to target\classes
2024-10-16 17:09:20,717 [Worker-51: Launching Rerun HourlyWeatherApiControllerTests] INFO  o.a.m.s.f.DefaultMavenResourcesFiltering - skip non existing resourceDirectory D:\project-java-spring\RestApiCourse\WeatherAPIs\WeatherApiProject\WeatherApiCommon\src\test\resources
2024-10-16 17:09:20,767 [Worker-51: Launching Rerun HourlyWeatherApiControllerTests] INFO  o.a.m.s.f.DefaultMavenResourcesFiltering - Copying 1 resource from src\main\resources to target\classes
2024-10-16 17:09:20,846 [Worker-51: Launching Rerun HourlyWeatherApiControllerTests] INFO  o.a.m.s.f.DefaultMavenResourcesFiltering - Copying 0 resource from src\main\resources to target\classes
2024-10-16 17:09:20,849 [Worker-51: Launching Rerun HourlyWeatherApiControllerTests] INFO  o.a.m.s.f.DefaultMavenResourcesFiltering - skip non existing resourceDirectory D:\project-java-spring\RestApiCourse\WeatherAPIs\WeatherApiProject\WeatherApiService\src\test\resources
2024-10-16 17:09:20,986 [Worker-51: Launching Rerun HourlyWeatherApiControllerTests] INFO  o.e.m.c.i.p.WorkspaceClassifierResolverManager - Resolving P/WeatherApiCommon: com.weatherapi:weather-api-common:1.0.0 with classifier null to /WeatherApiCommon/target/classes
2024-10-16 17:09:21,154 [Worker-51: Launching Rerun HourlyWeatherApiControllerTests] INFO  o.e.m.c.i.p.WorkspaceClassifierResolverManager - Resolving P/WeatherApiCommon: com.weatherapi:weather-api-common:1.0.0 with classifier null to /WeatherApiCommon/target/classes
2024-10-16 17:09:48,140 [Worker-51: Launching HourlyWeatherApiControllerTests.testUpdateShouldReturn400BadRequestBecauseInvalidData] INFO  o.e.m.c.i.p.WorkspaceClassifierResolverManager - Resolving P/WeatherApiCommon: com.weatherapi:weather-api-common:1.0.0 with classifier null to /WeatherApiCommon/target/classes
2024-10-16 17:09:48,264 [Worker-51: Launching HourlyWeatherApiControllerTests.testUpdateShouldReturn400BadRequestBecauseInvalidData] INFO  o.e.m.c.i.p.WorkspaceClassifierResolverManager - Resolving P/WeatherApiCommon: com.weatherapi:weather-api-common:1.0.0 with classifier null to /WeatherApiCommon/target/classes
2024-10-17 09:09:52,463 [ForkJoinPool.commonPool-worker-4] INFO  o.s.s.s.o.s.c.s.PostProcessorRegistrationDelegate$BeanPostProcessorChecker - Bean 'sonarLintSpringAppConfig' of type [org.sonarsource.sonarlint.core.spring.SonarLintSpringAppConfig$$EnhancerBySpringCGLIB$$5b173327] is not eligible for getting processed by all BeanPostProcessors (for example: not eligible for auto-proxying)
2024-10-17 09:09:52,578 [ForkJoinPool.commonPool-worker-4] INFO  o.s.s.s.o.s.c.s.PostProcessorRegistrationDelegate$BeanPostProcessorChecker - Bean 'provideClientEventBus' of type [com.google.common.eventbus.AsyncEventBus] is not eligible for getting processed by all BeanPostProcessors (for example: not eligible for auto-proxying)
2024-10-17 09:09:54,442 [Worker-13: Loading available Gradle versions] INFO  o.e.b.c.i.u.g.PublishedGradleVersions - Gradle version information cache is up-to-date. Trying to read.
2024-10-17 09:48:34,706 [Worker-19: Launching HourlyWeatherApiControllerTests.testUpdateShouldReturn400BadRequestBecauseInvalidData] INFO  o.e.m.c.i.p.WorkspaceClassifierResolverManager - Resolving P/WeatherApiCommon: com.weatherapi:weather-api-common:1.0.0 with classifier  to /WeatherApiCommon/target/classes
2024-10-17 09:48:35,746 [Worker-19: Launching HourlyWeatherApiControllerTests.testUpdateShouldReturn400BadRequestBecauseInvalidData] INFO  o.e.m.c.i.p.WorkspaceClassifierResolverManager - Resolving P/WeatherApiCommon: com.weatherapi:weather-api-common:1.0.0 with classifier null to /WeatherApiCommon/target/classes
2024-10-17 09:48:36,181 [Worker-19: Launching HourlyWeatherApiControllerTests.testUpdateShouldReturn400BadRequestBecauseInvalidData] INFO  o.e.m.c.i.p.WorkspaceClassifierResolverManager - Resolving P/WeatherApiCommon: com.weatherapi:weather-api-common:1.0.0 with classifier null to /WeatherApiCommon/target/classes
2025-02-14 21:48:24,166 [Worker-2: Loading available Gradle versions] INFO  o.e.b.c.i.u.g.PublishedGradleVersions - Gradle version information cache is up-to-date. Trying to read.
2025-02-14 21:48:25,718 [ForkJoinPool.commonPool-worker-6] INFO  o.s.s.s.o.s.c.s.PostProcessorRegistrationDelegate$BeanPostProcessorChecker - Bean 'sonarLintSpringAppConfig' of type [org.sonarsource.sonarlint.core.spring.SonarLintSpringAppConfig$$EnhancerBySpringCGLIB$$da5306a4] is not eligible for getting processed by all BeanPostProcessors (for example: not eligible for auto-proxying)
2025-02-14 21:48:25,787 [ForkJoinPool.commonPool-worker-6] INFO  o.s.s.s.o.s.c.s.PostProcessorRegistrationDelegate$BeanPostProcessorChecker - Bean 'provideClientEventBus' of type [com.google.common.eventbus.AsyncEventBus] is not eligible for getting processed by all BeanPostProcessors (for example: not eligible for auto-proxying)
2025-02-14 21:59:20,407 [Worker-20: Launching HourlyWeatherApiControllerTests.testUpdateShouldReturn400BadRequestBecauseNoData] INFO  o.e.m.c.i.p.WorkspaceClassifierResolverManager - Resolving P/WeatherApiCommon: com.weatherapi:weather-api-common:1.0.0 with classifier  to /WeatherApiCommon/target/classes
2025-02-14 21:59:20,939 [Worker-20: Launching HourlyWeatherApiControllerTests.testUpdateShouldReturn400BadRequestBecauseNoData] INFO  o.a.m.s.f.DefaultMavenResourcesFiltering - Copying 1 resource from src\main\resources to target\classes
2025-02-14 21:59:21,067 [Worker-20: Launching HourlyWeatherApiControllerTests.testUpdateShouldReturn400BadRequestBecauseNoData] INFO  o.a.m.s.f.DefaultMavenResourcesFiltering - Copying 0 resource from src\main\resources to target\classes
2025-02-14 21:59:21,076 [Worker-20: Launching HourlyWeatherApiControllerTests.testUpdateShouldReturn400BadRequestBecauseNoData] INFO  o.a.m.s.f.DefaultMavenResourcesFiltering - skip non existing resourceDirectory D:\project-java-spring\RestApiCourse\WeatherAPIs\WeatherApiProject\WeatherApiService\src\test\resources
2025-02-14 21:59:22,242 [Worker-20: Launching HourlyWeatherApiControllerTests.testUpdateShouldReturn400BadRequestBecauseNoData] INFO  o.e.m.c.i.p.WorkspaceClassifierResolverManager - Resolving P/WeatherApiCommon: com.weatherapi:weather-api-common:1.0.0 with classifier null to /WeatherApiCommon/target/classes
2025-02-14 21:59:22,633 [Worker-20: Launching HourlyWeatherApiControllerTests.testUpdateShouldReturn400BadRequestBecauseNoData] INFO  o.e.m.c.i.p.WorkspaceClassifierResolverManager - Resolving P/WeatherApiCommon: com.weatherapi:weather-api-common:1.0.0 with classifier null to /WeatherApiCommon/target/classes
2025-02-14 22:01:24,905 [Worker-31: Launching HourlyWeatherApiControllerTests.testUpdateShouldReturn400BadRequestBecauseInvalidData] INFO  o.e.m.c.i.p.WorkspaceClassifierResolverManager - Resolving P/WeatherApiCommon: com.weatherapi:weather-api-common:1.0.0 with classifier null to /WeatherApiCommon/target/classes
2025-02-14 22:01:25,035 [Worker-31: Launching HourlyWeatherApiControllerTests.testUpdateShouldReturn400BadRequestBecauseInvalidData] INFO  o.e.m.c.i.p.WorkspaceClassifierResolverManager - Resolving P/WeatherApiCommon: com.weatherapi:weather-api-common:1.0.0 with classifier null to /WeatherApiCommon/target/classes
2025-02-14 22:07:49,433 [Worker-34: Launching HourlyWeatherApiControllerTests.testUpdateShouldReturn400BadRequestBecauseInvalidData] INFO  o.a.m.s.f.DefaultMavenResourcesFiltering - Copying 0 resource from src\main\resources to target\classes
2025-02-14 22:07:49,434 [Worker-34: Launching HourlyWeatherApiControllerTests.testUpdateShouldReturn400BadRequestBecauseInvalidData] INFO  o.a.m.s.f.DefaultMavenResourcesFiltering - Copying 0 resource from src\main\resources to target\classes
2025-02-14 22:07:49,445 [Worker-34: Launching HourlyWeatherApiControllerTests.testUpdateShouldReturn400BadRequestBecauseInvalidData] INFO  o.a.m.s.f.DefaultMavenResourcesFiltering - skip non existing resourceDirectory D:\project-java-spring\RestApiCourse\WeatherAPIs\WeatherApiProject\WeatherApiService\src\test\resources
2025-02-14 22:07:49,696 [Worker-34: Launching HourlyWeatherApiControllerTests.testUpdateShouldReturn400BadRequestBecauseInvalidData] INFO  o.e.m.c.i.p.WorkspaceClassifierResolverManager - Resolving P/WeatherApiCommon: com.weatherapi:weather-api-common:1.0.0 with classifier null to /WeatherApiCommon/target/classes
2025-02-14 22:07:49,902 [Worker-34: Launching HourlyWeatherApiControllerTests.testUpdateShouldReturn400BadRequestBecauseInvalidData] INFO  o.e.m.c.i.p.WorkspaceClassifierResolverManager - Resolving P/WeatherApiCommon: com.weatherapi:weather-api-common:1.0.0 with classifier null to /WeatherApiCommon/target/classes
2025-02-14 22:13:00,178 [Worker-32: https://www.codetogether.com/updates/ci/p2.index] WARN  o.a.h.c.h.p.ResponseProcessCookies - ex-0000000788 Cookie rejected [_cfuvid="7EdfM41BeDB5zobv._YH.CLnptzwqV3OtbIMF1Eulgg-1739545979731-0.0.1.1-604800000", domain:cdn.webflow.com, path:/, expiry:null] Illegal 'domain' attribute "cdn.webflow.com". Domain of origin: "www.codetogether.com"
2025-02-14 22:13:01,293 [Worker-20: https://www.codetogether.com/updates/ci/compositeContent.jar] WARN  o.a.h.c.h.p.ResponseProcessCookies - ex-0000000789 Cookie rejected [_cfuvid="pLiGSkdqiwMMdmWUYLOL8m2LZJT9qzhIVIy..o7YNqQ-1739545980907-0.0.1.1-604800000", domain:cdn.webflow.com, path:/, expiry:null] Illegal 'domain' attribute "cdn.webflow.com". Domain of origin: "www.codetogether.com"
2025-02-14 22:15:31,706 [Worker-31: Launching Rerun testUpdateShouldReturn400BadRequestBecauseInvalidData()] INFO  o.e.m.c.i.p.WorkspaceClassifierResolverManager - Resolving P/WeatherApiCommon: com.weatherapi:weather-api-common:1.0.0 with classifier null to /WeatherApiCommon/target/classes
2025-02-14 22:15:31,873 [Worker-31: Launching Rerun testUpdateShouldReturn400BadRequestBecauseInvalidData()] INFO  o.e.m.c.i.p.WorkspaceClassifierResolverManager - Resolving P/WeatherApiCommon: com.weatherapi:weather-api-common:1.0.0 with classifier null to /WeatherApiCommon/target/classes
2025-02-14 22:27:11,149 [Worker-33: Launching Rerun testUpdateShouldReturn400BadRequestBecauseInvalidData()] INFO  o.a.m.s.f.DefaultMavenResourcesFiltering - Copying 1 resource from src\main\resources to target\classes
2025-02-14 22:27:11,167 [Worker-33: Launching Rerun testUpdateShouldReturn400BadRequestBecauseInvalidData()] INFO  o.a.m.s.f.DefaultMavenResourcesFiltering - Copying 0 resource from src\main\resources to target\classes
2025-02-14 22:27:11,171 [Worker-33: Launching Rerun testUpdateShouldReturn400BadRequestBecauseInvalidData()] INFO  o.a.m.s.f.DefaultMavenResourcesFiltering - skip non existing resourceDirectory D:\project-java-spring\RestApiCourse\WeatherAPIs\WeatherApiProject\WeatherApiService\src\test\resources
2025-02-14 22:27:11,612 [Worker-33: Launching Rerun testUpdateShouldReturn400BadRequestBecauseInvalidData()] INFO  o.e.m.c.i.p.WorkspaceClassifierResolverManager - Resolving P/WeatherApiCommon: com.weatherapi:weather-api-common:1.0.0 with classifier null to /WeatherApiCommon/target/classes
2025-02-14 22:27:11,808 [Worker-33: Launching Rerun testUpdateShouldReturn400BadRequestBecauseInvalidData()] INFO  o.e.m.c.i.p.WorkspaceClassifierResolverManager - Resolving P/WeatherApiCommon: com.weatherapi:weather-api-common:1.0.0 with classifier null to /WeatherApiCommon/target/classes
2025-02-14 22:39:19,848 [Worker-32: Launching Rerun testUpdateShouldReturn400BadRequestBecauseInvalidData()] INFO  o.a.m.s.f.DefaultMavenResourcesFiltering - Copying 1 resource from src\main\resources to target\classes
2025-02-14 22:39:19,881 [Worker-32: Launching Rerun testUpdateShouldReturn400BadRequestBecauseInvalidData()] INFO  o.a.m.s.f.DefaultMavenResourcesFiltering - Copying 0 resource from src\main\resources to target\classes
2025-02-14 22:39:19,884 [Worker-32: Launching Rerun testUpdateShouldReturn400BadRequestBecauseInvalidData()] INFO  o.a.m.s.f.DefaultMavenResourcesFiltering - skip non existing resourceDirectory D:\project-java-spring\RestApiCourse\WeatherAPIs\WeatherApiProject\WeatherApiService\src\test\resources
2025-02-14 22:39:20,171 [Worker-32: Launching Rerun testUpdateShouldReturn400BadRequestBecauseInvalidData()] INFO  o.e.m.c.i.p.WorkspaceClassifierResolverManager - Resolving P/WeatherApiCommon: com.weatherapi:weather-api-common:1.0.0 with classifier null to /WeatherApiCommon/target/classes
2025-02-14 22:39:20,282 [Worker-32: Launching Rerun testUpdateShouldReturn400BadRequestBecauseInvalidData()] INFO  o.e.m.c.i.p.WorkspaceClassifierResolverManager - Resolving P/WeatherApiCommon: com.weatherapi:weather-api-common:1.0.0 with classifier null to /WeatherApiCommon/target/classes
2025-02-14 22:47:21,578 [Worker-39: Launching Rerun testUpdateShouldReturn400BadRequestBecauseInvalidData()] INFO  o.a.m.s.f.DefaultMavenResourcesFiltering - Copying 1 resource from src\main\resources to target\classes
2025-02-14 22:47:21,629 [Worker-39: Launching Rerun testUpdateShouldReturn400BadRequestBecauseInvalidData()] INFO  o.a.m.s.f.DefaultMavenResourcesFiltering - Copying 0 resource from src\main\resources to target\classes
2025-02-14 22:47:21,632 [Worker-39: Launching Rerun testUpdateShouldReturn400BadRequestBecauseInvalidData()] INFO  o.a.m.s.f.DefaultMavenResourcesFiltering - skip non existing resourceDirectory D:\project-java-spring\RestApiCourse\WeatherAPIs\WeatherApiProject\WeatherApiService\src\test\resources
2025-02-14 22:47:21,868 [Worker-39: Launching Rerun testUpdateShouldReturn400BadRequestBecauseInvalidData()] INFO  o.e.m.c.i.p.WorkspaceClassifierResolverManager - Resolving P/WeatherApiCommon: com.weatherapi:weather-api-common:1.0.0 with classifier null to /WeatherApiCommon/target/classes
2025-02-14 22:47:21,978 [Worker-39: Launching Rerun testUpdateShouldReturn400BadRequestBecauseInvalidData()] INFO  o.e.m.c.i.p.WorkspaceClassifierResolverManager - Resolving P/WeatherApiCommon: com.weatherapi:weather-api-common:1.0.0 with classifier null to /WeatherApiCommon/target/classes
2025-02-15 12:18:33,748 [ForkJoinPool.commonPool-worker-6] INFO  o.s.s.s.o.s.c.s.PostProcessorRegistrationDelegate$BeanPostProcessorChecker - Bean 'sonarLintSpringAppConfig' of type [org.sonarsource.sonarlint.core.spring.SonarLintSpringAppConfig$$EnhancerBySpringCGLIB$$4fc30ab5] is not eligible for getting processed by all BeanPostProcessors (for example: not eligible for auto-proxying)
2025-02-15 12:18:33,841 [ForkJoinPool.commonPool-worker-6] INFO  o.s.s.s.o.s.c.s.PostProcessorRegistrationDelegate$BeanPostProcessorChecker - Bean 'provideClientEventBus' of type [com.google.common.eventbus.AsyncEventBus] is not eligible for getting processed by all BeanPostProcessors (for example: not eligible for auto-proxying)
2025-02-15 12:18:38,408 [Worker-18: Loading available Gradle versions] INFO  o.e.b.c.i.u.g.PublishedGradleVersions - Gradle version information cache is up-to-date. Trying to read.
2025-02-15 14:44:29,527 [Worker-31: https://raw.githubusercontent.com/PyvesB/eclipse-planet-themes/updatesite/content.jar] INFO  o.a.h.c.h.i.c.HttpRequestRetryExec - Recoverable I/O exception (java.net.SocketException) caught when processing request to {s}->https://raw.githubusercontent.com:443
2025-02-15 14:54:21,668 [Worker-30: https://www.codetogether.com/updates/ci/p2.index] WARN  o.a.h.c.h.p.ResponseProcessCookies - ex-0000000701 Cookie rejected [_cfuvid="SjT30t1PSGYg.PF7sJhvZ9b5nhQnde0CXe_pdCH_aCo-1739606061154-0.0.1.1-604800000", domain:cdn.webflow.com, path:/, expiry:null] Illegal 'domain' attribute "cdn.webflow.com". Domain of origin: "www.codetogether.com"
2025-02-15 14:54:22,245 [Worker-27: https://www.codetogether.com/updates/ci/compositeContent.jar] WARN  o.a.h.c.h.p.ResponseProcessCookies - ex-0000000702 Cookie rejected [_cfuvid="mI__48zv54zL.sTZVuGVwg35OFgPWzR5uAoQSaytwzs-1739606061734-0.0.1.1-604800000", domain:cdn.webflow.com, path:/, expiry:null] Illegal 'domain' attribute "cdn.webflow.com". Domain of origin: "www.codetogether.com"
2025-02-15 14:57:39,967 [Worker-32: https://download.oracle.com/otn_software/oepe/library/eclipse-oomph-1.9/p2.index] INFO  o.a.h.c.h.i.c.HttpRequestRetryExec - Recoverable I/O exception (java.net.SocketException) caught when processing request to {s}->https://download.oracle.com:443
2025-02-15 14:58:23,749 [Worker-33: https://subclipse.github.io/updates/subclipse/4.3.4/p2.index] INFO  o.a.h.c.h.i.c.HttpRequestRetryExec - Recoverable I/O exception (java.net.SocketException) caught when processing request to {s}->https://subclipse.github.io:443
2025-02-15 16:41:44,373 [Worker-39: Launching HourlyWeatherApiControllerTests.testUpdateShouldReturn400BadRequestBecauseInvalidData] INFO  o.e.m.c.i.p.WorkspaceClassifierResolverManager - Resolving P/WeatherApiCommon: com.weatherapi:weather-api-common:1.0.0 with classifier  to /WeatherApiCommon/target/classes
2025-02-15 16:41:44,798 [Worker-39: Launching HourlyWeatherApiControllerTests.testUpdateShouldReturn400BadRequestBecauseInvalidData] INFO  o.a.m.s.f.DefaultMavenResourcesFiltering - Copying 1 resource from src\main\resources to target\classes
2025-02-15 16:41:44,922 [Worker-39: Launching HourlyWeatherApiControllerTests.testUpdateShouldReturn400BadRequestBecauseInvalidData] INFO  o.a.m.s.f.DefaultMavenResourcesFiltering - Copying 0 resource from src\main\resources to target\classes
2025-02-15 16:41:44,928 [Worker-39: Launching HourlyWeatherApiControllerTests.testUpdateShouldReturn400BadRequestBecauseInvalidData] INFO  o.a.m.s.f.DefaultMavenResourcesFiltering - skip non existing resourceDirectory D:\project-java-spring\RestApiCourse\WeatherAPIs\WeatherApiProject\WeatherApiService\src\test\resources
2025-02-15 16:41:46,112 [Worker-39: Launching HourlyWeatherApiControllerTests.testUpdateShouldReturn400BadRequestBecauseInvalidData] INFO  o.e.m.c.i.p.WorkspaceClassifierResolverManager - Resolving P/WeatherApiCommon: com.weatherapi:weather-api-common:1.0.0 with classifier null to /WeatherApiCommon/target/classes
2025-02-15 16:41:46,591 [Worker-39: Launching HourlyWeatherApiControllerTests.testUpdateShouldReturn400BadRequestBecauseInvalidData] INFO  o.e.m.c.i.p.WorkspaceClassifierResolverManager - Resolving P/WeatherApiCommon: com.weatherapi:weather-api-common:1.0.0 with classifier null to /WeatherApiCommon/target/classes
2025-02-15 17:00:15,337 [Worker-44: Launching HourlyWeatherApiControllerTests.testUpdateShouldReturn404] INFO  o.a.m.s.f.DefaultMavenResourcesFiltering - Copying 1 resource from src\main\resources to target\classes
2025-02-15 17:00:15,445 [Worker-44: Launching HourlyWeatherApiControllerTests.testUpdateShouldReturn404] INFO  o.a.m.s.f.DefaultMavenResourcesFiltering - Copying 0 resource from src\main\resources to target\classes
2025-02-15 17:00:15,450 [Worker-44: Launching HourlyWeatherApiControllerTests.testUpdateShouldReturn404] INFO  o.a.m.s.f.DefaultMavenResourcesFiltering - skip non existing resourceDirectory D:\project-java-spring\RestApiCourse\WeatherAPIs\WeatherApiProject\WeatherApiService\src\test\resources
2025-02-15 17:00:15,853 [Worker-44: Launching HourlyWeatherApiControllerTests.testUpdateShouldReturn404] INFO  o.e.m.c.i.p.WorkspaceClassifierResolverManager - Resolving P/WeatherApiCommon: com.weatherapi:weather-api-common:1.0.0 with classifier null to /WeatherApiCommon/target/classes
2025-02-15 17:00:16,009 [Worker-44: Launching HourlyWeatherApiControllerTests.testUpdateShouldReturn404] INFO  o.e.m.c.i.p.WorkspaceClassifierResolverManager - Resolving P/WeatherApiCommon: com.weatherapi:weather-api-common:1.0.0 with classifier null to /WeatherApiCommon/target/classes
2025-02-15 17:01:17,506 [Worker-47: Launching Rerun testUpdateShouldReturn404()] INFO  o.a.m.s.f.DefaultMavenResourcesFiltering - Copying 0 resource from src\main\resources to target\classes
2025-02-15 17:01:17,507 [Worker-47: Launching Rerun testUpdateShouldReturn404()] INFO  o.a.m.s.f.DefaultMavenResourcesFiltering - Copying 0 resource from src\main\resources to target\classes
2025-02-15 17:01:17,511 [Worker-47: Launching Rerun testUpdateShouldReturn404()] INFO  o.a.m.s.f.DefaultMavenResourcesFiltering - skip non existing resourceDirectory D:\project-java-spring\RestApiCourse\WeatherAPIs\WeatherApiProject\WeatherApiService\src\test\resources
2025-02-15 17:01:17,689 [Worker-47: Launching Rerun testUpdateShouldReturn404()] INFO  o.e.m.c.i.p.WorkspaceClassifierResolverManager - Resolving P/WeatherApiCommon: com.weatherapi:weather-api-common:1.0.0 with classifier null to /WeatherApiCommon/target/classes
2025-02-15 17:01:17,822 [Worker-47: Launching Rerun testUpdateShouldReturn404()] INFO  o.e.m.c.i.p.WorkspaceClassifierResolverManager - Resolving P/WeatherApiCommon: com.weatherapi:weather-api-common:1.0.0 with classifier null to /WeatherApiCommon/target/classes
2025-02-15 17:02:57,012 [Worker-50: Launching HourlyWeatherApiControllerTests.testUpdateShouldReturn404] INFO  o.a.m.s.f.DefaultMavenResourcesFiltering - Copying 0 resource from src\main\resources to target\classes
2025-02-15 17:02:57,013 [Worker-50: Launching HourlyWeatherApiControllerTests.testUpdateShouldReturn404] INFO  o.a.m.s.f.DefaultMavenResourcesFiltering - Copying 0 resource from src\main\resources to target\classes
2025-02-15 17:02:57,016 [Worker-50: Launching HourlyWeatherApiControllerTests.testUpdateShouldReturn404] INFO  o.a.m.s.f.DefaultMavenResourcesFiltering - skip non existing resourceDirectory D:\project-java-spring\RestApiCourse\WeatherAPIs\WeatherApiProject\WeatherApiService\src\test\resources
2025-02-15 17:02:57,323 [Worker-50: Launching HourlyWeatherApiControllerTests.testUpdateShouldReturn404] INFO  o.e.m.c.i.p.WorkspaceClassifierResolverManager - Resolving P/WeatherApiCommon: com.weatherapi:weather-api-common:1.0.0 with classifier null to /WeatherApiCommon/target/classes
2025-02-15 17:02:57,444 [Worker-50: Launching HourlyWeatherApiControllerTests.testUpdateShouldReturn404] INFO  o.e.m.c.i.p.WorkspaceClassifierResolverManager - Resolving P/WeatherApiCommon: com.weatherapi:weather-api-common:1.0.0 with classifier null to /WeatherApiCommon/target/classes
2025-02-15 19:40:39,874 [ForkJoinPool.commonPool-worker-5] INFO  o.s.s.s.o.s.c.s.PostProcessorRegistrationDelegate$BeanPostProcessorChecker - Bean 'sonarLintSpringAppConfig' of type [org.sonarsource.sonarlint.core.spring.SonarLintSpringAppConfig$$EnhancerBySpringCGLIB$$e1e6866] is not eligible for getting processed by all BeanPostProcessors (for example: not eligible for auto-proxying)
2025-02-15 19:40:39,946 [ForkJoinPool.commonPool-worker-5] INFO  o.s.s.s.o.s.c.s.PostProcessorRegistrationDelegate$BeanPostProcessorChecker - Bean 'provideClientEventBus' of type [com.google.common.eventbus.AsyncEventBus] is not eligible for getting processed by all BeanPostProcessors (for example: not eligible for auto-proxying)
2025-02-15 19:40:46,039 [Worker-13: Loading available Gradle versions] INFO  o.e.b.c.i.u.g.PublishedGradleVersions - Gradle version information cache is up-to-date. Trying to read.
2025-02-15 20:09:03,830 [Worker-24: Launching HourlyWeatherApiControllerTests.testUpdateShouldReturn200OK] INFO  o.a.m.s.f.DefaultMavenResourcesFiltering - Copying 1 resource from src\main\resources to target\classes
2025-02-15 20:09:03,897 [Worker-24: Launching HourlyWeatherApiControllerTests.testUpdateShouldReturn200OK] INFO  o.a.m.s.f.DefaultMavenResourcesFiltering - Copying 0 resource from src\main\resources to target\classes
2025-02-15 20:09:03,902 [Worker-24: Launching HourlyWeatherApiControllerTests.testUpdateShouldReturn200OK] INFO  o.a.m.s.f.DefaultMavenResourcesFiltering - skip non existing resourceDirectory D:\project-java-spring\RestApiCourse\WeatherAPIs\WeatherApiProject\WeatherApiCommon\src\test\resources
2025-02-15 20:09:05,987 [Worker-24: Launching HourlyWeatherApiControllerTests.testUpdateShouldReturn200OK] INFO  o.e.m.c.i.p.WorkspaceClassifierResolverManager - Resolving P/WeatherApiCommon: com.weatherapi:weather-api-common:1.0.0 with classifier  to /WeatherApiCommon/target/classes
2025-02-15 20:09:06,122 [Worker-24: Launching HourlyWeatherApiControllerTests.testUpdateShouldReturn200OK] INFO  o.a.m.s.f.DefaultMavenResourcesFiltering - Copying 1 resource from src\main\resources to target\classes
2025-02-15 20:09:06,140 [Worker-24: Launching HourlyWeatherApiControllerTests.testUpdateShouldReturn200OK] INFO  o.a.m.s.f.DefaultMavenResourcesFiltering - Copying 0 resource from src\main\resources to target\classes
2025-02-15 20:09:06,144 [Worker-24: Launching HourlyWeatherApiControllerTests.testUpdateShouldReturn200OK] INFO  o.a.m.s.f.DefaultMavenResourcesFiltering - skip non existing resourceDirectory D:\project-java-spring\RestApiCourse\WeatherAPIs\WeatherApiProject\WeatherApiService\src\test\resources
2025-02-15 20:09:06,494 [Worker-24: Launching HourlyWeatherApiControllerTests.testUpdateShouldReturn200OK] INFO  o.e.m.c.i.p.WorkspaceClassifierResolverManager - Resolving P/WeatherApiCommon: com.weatherapi:weather-api-common:1.0.0 with classifier null to /WeatherApiCommon/target/classes
2025-02-15 20:09:06,641 [Worker-24: Launching HourlyWeatherApiControllerTests.testUpdateShouldReturn200OK] INFO  o.e.m.c.i.p.WorkspaceClassifierResolverManager - Resolving P/WeatherApiCommon: com.weatherapi:weather-api-common:1.0.0 with classifier null to /WeatherApiCommon/target/classes
2025-02-15 20:20:55,232 [Worker-39: Launching Rerun testUpdateShouldReturn200OK()] INFO  o.a.m.s.f.DefaultMavenResourcesFiltering - Copying 0 resource from src\main\resources to target\classes
2025-02-15 20:20:55,233 [Worker-39: Launching Rerun testUpdateShouldReturn200OK()] INFO  o.a.m.s.f.DefaultMavenResourcesFiltering - Copying 0 resource from src\main\resources to target\classes
2025-02-15 20:20:55,235 [Worker-39: Launching Rerun testUpdateShouldReturn200OK()] INFO  o.a.m.s.f.DefaultMavenResourcesFiltering - skip non existing resourceDirectory D:\project-java-spring\RestApiCourse\WeatherAPIs\WeatherApiProject\WeatherApiService\src\test\resources
2025-02-15 20:20:55,353 [Worker-39: Launching Rerun testUpdateShouldReturn200OK()] INFO  o.e.m.c.i.p.WorkspaceClassifierResolverManager - Resolving P/WeatherApiCommon: com.weatherapi:weather-api-common:1.0.0 with classifier null to /WeatherApiCommon/target/classes
2025-02-15 20:20:55,460 [Worker-39: Launching Rerun testUpdateShouldReturn200OK()] INFO  o.e.m.c.i.p.WorkspaceClassifierResolverManager - Resolving P/WeatherApiCommon: com.weatherapi:weather-api-common:1.0.0 with classifier null to /WeatherApiCommon/target/classes
2025-02-15 22:15:46,003 [Worker-46: Launching WeatherApiService - WeatherApiServiceApplication] INFO  o.e.m.c.i.p.WorkspaceClassifierResolverManager - Resolving P/WeatherApiCommon: com.weatherapi:weather-api-common:1.0.0 with classifier null to /WeatherApiCommon/target/classes
2025-02-15 22:15:46,146 [Worker-46: Launching WeatherApiService - WeatherApiServiceApplication] INFO  o.e.m.c.i.p.WorkspaceClassifierResolverManager - Resolving P/WeatherApiCommon: com.weatherapi:weather-api-common:1.0.0 with classifier null to /WeatherApiCommon/target/classes
2025-02-15 22:15:46,304 [Worker-46: Launching WeatherApiService - WeatherApiServiceApplication] INFO  o.e.m.c.i.p.WorkspaceClassifierResolverManager - Resolving P/WeatherApiCommon: com.weatherapi:weather-api-common:1.0.0 with classifier null to /WeatherApiCommon/target/classes
2025-02-15 22:16:29,966 [Worker-46: https://www.codetogether.com/updates/ci/p2.index] WARN  o.a.h.c.h.p.ResponseProcessCookies - ex-0000000698 Cookie rejected [_cfuvid="KzmTCB42n0gCdKmqo9axmITaenlhKBBL0u4z_Su5X9g-1739632588778-0.0.1.1-604800000", domain:cdn.webflow.com, path:/, expiry:null] Illegal 'domain' attribute "cdn.webflow.com". Domain of origin: "www.codetogether.com"
2025-02-15 22:16:30,544 [Worker-42: https://www.codetogether.com/updates/ci/compositeContent.jar] WARN  o.a.h.c.h.p.ResponseProcessCookies - ex-0000000699 Cookie rejected [_cfuvid="NlxsuySJuQUFL7WkpvMpUnlNtBUtxwIYjOCBHUIjr0w-1739632589353-0.0.1.1-604800000", domain:cdn.webflow.com, path:/, expiry:null] Illegal 'domain' attribute "cdn.webflow.com". Domain of origin: "www.codetogether.com"
2025-02-15 22:18:16,449 [Worker-46: Launching WeatherApiService - WeatherApiServiceApplication] INFO  o.a.m.s.f.DefaultMavenResourcesFiltering - Copying 1 resource from src\main\resources to target\classes
2025-02-15 22:18:16,467 [Worker-46: Launching WeatherApiService - WeatherApiServiceApplication] INFO  o.a.m.s.f.DefaultMavenResourcesFiltering - Copying 0 resource from src\main\resources to target\classes
2025-02-15 22:18:16,476 [Worker-46: Launching WeatherApiService - WeatherApiServiceApplication] INFO  o.a.m.s.f.DefaultMavenResourcesFiltering - skip non existing resourceDirectory D:\project-java-spring\RestApiCourse\WeatherAPIs\WeatherApiProject\WeatherApiService\src\test\resources
2025-02-15 22:18:16,866 [Worker-46: Launching WeatherApiService - WeatherApiServiceApplication] INFO  o.e.m.c.i.p.WorkspaceClassifierResolverManager - Resolving P/WeatherApiCommon: com.weatherapi:weather-api-common:1.0.0 with classifier null to /WeatherApiCommon/target/classes
2025-02-15 22:18:16,990 [Worker-46: Launching WeatherApiService - WeatherApiServiceApplication] INFO  o.e.m.c.i.p.WorkspaceClassifierResolverManager - Resolving P/WeatherApiCommon: com.weatherapi:weather-api-common:1.0.0 with classifier null to /WeatherApiCommon/target/classes
2025-02-15 22:18:17,094 [Worker-46: Launching WeatherApiService - WeatherApiServiceApplication] INFO  o.e.m.c.i.p.WorkspaceClassifierResolverManager - Resolving P/WeatherApiCommon: com.weatherapi:weather-api-common:1.0.0 with classifier null to /WeatherApiCommon/target/classes
2025-02-15 23:31:22,020 [Worker-67: Launching WeatherApiService - WeatherApiServiceApplication] INFO  o.a.m.s.f.DefaultMavenResourcesFiltering - Copying 1 resource from src\main\resources to target\classes
2025-02-15 23:31:22,156 [Worker-67: Launching WeatherApiService - WeatherApiServiceApplication] INFO  o.a.m.s.f.DefaultMavenResourcesFiltering - Copying 0 resource from src\main\resources to target\classes
2025-02-15 23:31:22,159 [Worker-67: Launching WeatherApiService - WeatherApiServiceApplication] INFO  o.a.m.s.f.DefaultMavenResourcesFiltering - skip non existing resourceDirectory D:\project-java-spring\RestApiCourse\WeatherAPIs\WeatherApiProject\WeatherApiService\src\test\resources
2025-02-15 23:31:22,430 [Worker-67: Launching WeatherApiService - WeatherApiServiceApplication] INFO  o.e.m.c.i.p.WorkspaceClassifierResolverManager - Resolving P/WeatherApiCommon: com.weatherapi:weather-api-common:1.0.0 with classifier null to /WeatherApiCommon/target/classes
2025-02-15 23:31:22,542 [Worker-67: Launching WeatherApiService - WeatherApiServiceApplication] INFO  o.e.m.c.i.p.WorkspaceClassifierResolverManager - Resolving P/WeatherApiCommon: com.weatherapi:weather-api-common:1.0.0 with classifier null to /WeatherApiCommon/target/classes
2025-02-15 23:31:22,656 [Worker-67: Launching WeatherApiService - WeatherApiServiceApplication] INFO  o.e.m.c.i.p.WorkspaceClassifierResolverManager - Resolving P/WeatherApiCommon: com.weatherapi:weather-api-common:1.0.0 with classifier null to /WeatherApiCommon/target/classes
2025-02-16 11:23:27,096 [Worker-79: Launching WeatherApiService - WeatherApiServiceApplication] INFO  o.a.m.s.f.DefaultMavenResourcesFiltering - Copying 1 resource from src\main\resources to target\classes
2025-02-16 11:23:27,260 [Worker-79: Launching WeatherApiService - WeatherApiServiceApplication] INFO  o.a.m.s.f.DefaultMavenResourcesFiltering - Copying 0 resource from src\main\resources to target\classes
2025-02-16 11:23:27,267 [Worker-79: Launching WeatherApiService - WeatherApiServiceApplication] INFO  o.a.m.s.f.DefaultMavenResourcesFiltering - skip non existing resourceDirectory D:\project-java-spring\RestApiCourse\WeatherAPIs\WeatherApiProject\WeatherApiService\src\test\resources
2025-02-16 11:23:28,042 [Worker-79: Launching WeatherApiService - WeatherApiServiceApplication] INFO  o.e.m.c.i.p.WorkspaceClassifierResolverManager - Resolving P/WeatherApiCommon: com.weatherapi:weather-api-common:1.0.0 with classifier null to /WeatherApiCommon/target/classes
2025-02-16 11:23:28,187 [Worker-79: Launching WeatherApiService - WeatherApiServiceApplication] INFO  o.e.m.c.i.p.WorkspaceClassifierResolverManager - Resolving P/WeatherApiCommon: com.weatherapi:weather-api-common:1.0.0 with classifier null to /WeatherApiCommon/target/classes
2025-02-16 11:23:28,326 [Worker-79: Launching WeatherApiService - WeatherApiServiceApplication] INFO  o.e.m.c.i.p.WorkspaceClassifierResolverManager - Resolving P/WeatherApiCommon: com.weatherapi:weather-api-common:1.0.0 with classifier null to /WeatherApiCommon/target/classes
2025-02-16 11:57:15,754 [Worker-79: Launching WeatherApiService - WeatherApiServiceApplication] INFO  o.a.m.s.f.DefaultMavenResourcesFiltering - Copying 1 resource from src\main\resources to target\classes
2025-02-16 11:57:15,974 [Worker-79: Launching WeatherApiService - WeatherApiServiceApplication] INFO  o.a.m.s.f.DefaultMavenResourcesFiltering - Copying 0 resource from src\main\resources to target\classes
2025-02-16 11:57:15,980 [Worker-79: Launching WeatherApiService - WeatherApiServiceApplication] INFO  o.a.m.s.f.DefaultMavenResourcesFiltering - skip non existing resourceDirectory D:\project-java-spring\RestApiCourse\WeatherAPIs\WeatherApiProject\WeatherApiCommon\src\test\resources
2025-02-16 11:57:17,002 [Worker-79: Launching WeatherApiService - WeatherApiServiceApplication] INFO  o.a.m.s.f.DefaultMavenResourcesFiltering - Copying 1 resource from src\main\resources to target\classes
2025-02-16 11:57:17,154 [Worker-79: Launching WeatherApiService - WeatherApiServiceApplication] INFO  o.a.m.s.f.DefaultMavenResourcesFiltering - Copying 0 resource from src\main\resources to target\classes
2025-02-16 11:57:17,178 [Worker-79: Launching WeatherApiService - WeatherApiServiceApplication] INFO  o.a.m.s.f.DefaultMavenResourcesFiltering - skip non existing resourceDirectory D:\project-java-spring\RestApiCourse\WeatherAPIs\WeatherApiProject\WeatherApiService\src\test\resources
2025-02-16 11:57:17,902 [Worker-79: Launching WeatherApiService - WeatherApiServiceApplication] INFO  o.e.m.c.i.p.WorkspaceClassifierResolverManager - Resolving P/WeatherApiCommon: com.weatherapi:weather-api-common:1.0.0 with classifier null to /WeatherApiCommon/target/classes
2025-02-16 11:57:18,111 [Worker-79: Launching WeatherApiService - WeatherApiServiceApplication] INFO  o.e.m.c.i.p.WorkspaceClassifierResolverManager - Resolving P/WeatherApiCommon: com.weatherapi:weather-api-common:1.0.0 with classifier null to /WeatherApiCommon/target/classes
2025-02-16 11:57:18,305 [Worker-79: Launching WeatherApiService - WeatherApiServiceApplication] INFO  o.e.m.c.i.p.WorkspaceClassifierResolverManager - Resolving P/WeatherApiCommon: com.weatherapi:weather-api-common:1.0.0 with classifier null to /WeatherApiCommon/target/classes
2025-02-16 12:02:22,890 [Worker-104: Launching WeatherApiService - WeatherApiServiceApplication] INFO  o.a.m.s.f.DefaultMavenResourcesFiltering - Copying 1 resource from src\main\resources to target\classes
2025-02-16 12:02:22,972 [Worker-104: Launching WeatherApiService - WeatherApiServiceApplication] INFO  o.a.m.s.f.DefaultMavenResourcesFiltering - Copying 0 resource from src\main\resources to target\classes
2025-02-16 12:02:22,977 [Worker-104: Launching WeatherApiService - WeatherApiServiceApplication] INFO  o.a.m.s.f.DefaultMavenResourcesFiltering - skip non existing resourceDirectory D:\project-java-spring\RestApiCourse\WeatherAPIs\WeatherApiProject\WeatherApiCommon\src\test\resources
2025-02-16 12:02:23,422 [Worker-104: Launching WeatherApiService - WeatherApiServiceApplication] INFO  o.a.m.s.f.DefaultMavenResourcesFiltering - Copying 1 resource from src\main\resources to target\classes
2025-02-16 12:02:23,466 [Worker-104: Launching WeatherApiService - WeatherApiServiceApplication] INFO  o.a.m.s.f.DefaultMavenResourcesFiltering - Copying 0 resource from src\main\resources to target\classes
2025-02-16 12:02:23,469 [Worker-104: Launching WeatherApiService - WeatherApiServiceApplication] INFO  o.a.m.s.f.DefaultMavenResourcesFiltering - skip non existing resourceDirectory D:\project-java-spring\RestApiCourse\WeatherAPIs\WeatherApiProject\WeatherApiService\src\test\resources
2025-02-16 12:02:23,726 [Worker-104: Launching WeatherApiService - WeatherApiServiceApplication] INFO  o.e.m.c.i.p.WorkspaceClassifierResolverManager - Resolving P/WeatherApiCommon: com.weatherapi:weather-api-common:1.0.0 with classifier null to /WeatherApiCommon/target/classes
2025-02-16 12:02:23,858 [Worker-104: Launching WeatherApiService - WeatherApiServiceApplication] INFO  o.e.m.c.i.p.WorkspaceClassifierResolverManager - Resolving P/WeatherApiCommon: com.weatherapi:weather-api-common:1.0.0 with classifier null to /WeatherApiCommon/target/classes
2025-02-16 12:02:23,989 [Worker-104: Launching WeatherApiService - WeatherApiServiceApplication] INFO  o.e.m.c.i.p.WorkspaceClassifierResolverManager - Resolving P/WeatherApiCommon: com.weatherapi:weather-api-common:1.0.0 with classifier null to /WeatherApiCommon/target/classes
2025-02-16 15:28:45,121 [Worker-122: Launching LocationApiControllerTests] INFO  o.e.m.c.i.p.WorkspaceClassifierResolverManager - Resolving P/WeatherApiCommon: com.weatherapi:weather-api-common:1.0.0 with classifier null to /WeatherApiCommon/target/classes
2025-02-16 15:28:45,378 [Worker-122: Launching LocationApiControllerTests] INFO  o.e.m.c.i.p.WorkspaceClassifierResolverManager - Resolving P/WeatherApiCommon: com.weatherapi:weather-api-common:1.0.0 with classifier null to /WeatherApiCommon/target/classes
2025-02-16 15:31:52,567 [Worker-123: Launching WeatherApiService - WeatherApiServiceApplication] INFO  o.e.m.c.i.p.WorkspaceClassifierResolverManager - Resolving P/WeatherApiCommon: com.weatherapi:weather-api-common:1.0.0 with classifier null to /WeatherApiCommon/target/classes
2025-02-16 15:31:52,829 [Worker-123: Launching WeatherApiService - WeatherApiServiceApplication] INFO  o.e.m.c.i.p.WorkspaceClassifierResolverManager - Resolving P/WeatherApiCommon: com.weatherapi:weather-api-common:1.0.0 with classifier null to /WeatherApiCommon/target/classes
2025-02-16 15:31:53,009 [Worker-123: Launching WeatherApiService - WeatherApiServiceApplication] INFO  o.e.m.c.i.p.WorkspaceClassifierResolverManager - Resolving P/WeatherApiCommon: com.weatherapi:weather-api-common:1.0.0 with classifier null to /WeatherApiCommon/target/classes
2025-02-16 16:22:46,229 [Worker-150: Launching LocationApiControllerTests] INFO  o.a.m.s.f.DefaultMavenResourcesFiltering - Copying 1 resource from src\main\resources to target\classes
2025-02-16 16:22:46,360 [Worker-150: Launching LocationApiControllerTests] INFO  o.a.m.s.f.DefaultMavenResourcesFiltering - Copying 0 resource from src\main\resources to target\classes
2025-02-16 16:22:46,364 [Worker-150: Launching LocationApiControllerTests] INFO  o.a.m.s.f.DefaultMavenResourcesFiltering - skip non existing resourceDirectory D:\project-java-spring\RestApiCourse\WeatherAPIs\WeatherApiProject\WeatherApiCommon\src\test\resources
2025-02-16 16:22:46,755 [Worker-150: Launching LocationApiControllerTests] INFO  o.a.m.s.f.DefaultMavenResourcesFiltering - Copying 1 resource from src\main\resources to target\classes
2025-02-16 16:22:46,863 [Worker-150: Launching LocationApiControllerTests] INFO  o.a.m.s.f.DefaultMavenResourcesFiltering - Copying 0 resource from src\main\resources to target\classes
2025-02-16 16:22:46,868 [Worker-150: Launching LocationApiControllerTests] INFO  o.a.m.s.f.DefaultMavenResourcesFiltering - skip non existing resourceDirectory D:\project-java-spring\RestApiCourse\WeatherAPIs\WeatherApiProject\WeatherApiService\src\test\resources
2025-02-16 16:22:47,287 [Worker-150: Launching LocationApiControllerTests] INFO  o.e.m.c.i.p.WorkspaceClassifierResolverManager - Resolving P/WeatherApiCommon: com.weatherapi:weather-api-common:1.0.0 with classifier null to /WeatherApiCommon/target/classes
2025-02-16 16:22:47,516 [Worker-150: Launching LocationApiControllerTests] INFO  o.e.m.c.i.p.WorkspaceClassifierResolverManager - Resolving P/WeatherApiCommon: com.weatherapi:weather-api-common:1.0.0 with classifier null to /WeatherApiCommon/target/classes
2025-02-16 16:24:14,808 [Worker-151: Launching WeatherApiService - WeatherApiServiceApplication] INFO  o.a.m.s.f.DefaultMavenResourcesFiltering - Copying 1 resource from src\main\resources to target\classes
2025-02-16 16:24:14,821 [Worker-151: Launching WeatherApiService - WeatherApiServiceApplication] INFO  o.a.m.s.f.DefaultMavenResourcesFiltering - Copying 0 resource from src\main\resources to target\classes
2025-02-16 16:24:14,828 [Worker-151: Launching WeatherApiService - WeatherApiServiceApplication] INFO  o.a.m.s.f.DefaultMavenResourcesFiltering - skip non existing resourceDirectory D:\project-java-spring\RestApiCourse\WeatherAPIs\WeatherApiProject\WeatherApiService\src\test\resources
2025-02-16 16:24:15,024 [Worker-151: Launching WeatherApiService - WeatherApiServiceApplication] INFO  o.e.m.c.i.p.WorkspaceClassifierResolverManager - Resolving P/WeatherApiCommon: com.weatherapi:weather-api-common:1.0.0 with classifier null to /WeatherApiCommon/target/classes
2025-02-16 16:24:15,135 [Worker-151: Launching WeatherApiService - WeatherApiServiceApplication] INFO  o.e.m.c.i.p.WorkspaceClassifierResolverManager - Resolving P/WeatherApiCommon: com.weatherapi:weather-api-common:1.0.0 with classifier null to /WeatherApiCommon/target/classes
2025-02-16 16:24:15,263 [Worker-151: Launching WeatherApiService - WeatherApiServiceApplication] INFO  o.e.m.c.i.p.WorkspaceClassifierResolverManager - Resolving P/WeatherApiCommon: com.weatherapi:weather-api-common:1.0.0 with classifier null to /WeatherApiCommon/target/classes
